[08:35:31] [main/INFO]: ModLauncher running: args [--username, StellarFox1, --version, 1.20.1, --gameDir, C:\Users\whosh\AppData\Roaming\ModrinthApp\profiles\Create_ Remastered, --assetsDir, C:\Users\whosh\AppData\Roaming\ModrinthApp\meta\assets, --assetIndex, 5, --uuid, ba0f0db57f7a460888b0bdbeb9bea1de, --accessToken, ????????, --clientId, c4502edb-87c6-40cb-b595-64a280cf8906, --xuid, 0, --userType, msa, --versionType, release, --width, 854, --height, 480, --quickPlaySingleplayer, Create!, --launchTarget, forgeclient, --fml.forgeVersion, 47.4.20, --fml.mcVersion, 1.20.1, --fml.forgeGroup, net.minecraftforge, --fml.mcpVersion, 20230612.114412]
[08:35:31] [main/INFO]: ModLauncher 10.0.9+10.0.9+main.dcd20f30 starting: java version 17.0.20.1 by Azul Systems, Inc.; OS Windows 11 arch amd64 version 10.0
[08:35:32] [main/INFO]: Loading ImmediateWindowProvider fmlearlywindow
[08:35:33] [main/INFO]: Trying GL version 4.6
[08:35:35] [main/INFO]: Requested GL version 4.6 got version 4.6
[08:35:35] [pool-2-thread-1/INFO]: GL info: Intel(R) Iris(R) Xe Graphics GL version 4.6.0 - Build 32.0.101.7085, Intel
[08:35:36] [main/INFO]: Starting Essential Loader (stage2) version 1.8.0 (4dad5866273e5beba83449a1e0460378) [stable]
[08:35:36] [main/INFO]: Loaded CustomSkinLoader Bootstrap transformation service with 4 other service(s)
[08:35:36] [main/INFO]: SpongePowered MIXIN Subsystem Version=0.8.5 Source=union:/C:/Users/whosh/AppData/Roaming/ModrinthApp/meta/libraries/org/spongepowered/mixin/0.8.5/mixin-0.8.5.jar%23152!/ Service=ModLauncher Env=CLIENT
[08:35:36] [main/INFO]: Initializing CustomSkinLoader Bootstrap transformation service
[08:35:36] [main/INFO]: Using context ClassLoader fallback for legacy Forge transformation discovery
[08:35:37] [main/INFO]: Initializing customskinloader-locator for srg mappings in C:\Users\whosh\AppData\Roaming\ModrinthApp\profiles\Create_ Remastered
[08:35:37] [main/INFO]: Releasing CustomSkinLoader Common jar to C:\Users\whosh\AppData\Roaming\ModrinthApp\profiles\Create_ Remastered\CustomSkinLoader\Core\CustomSkinLoader-Common.jar
[08:35:37] [main/INFO]: Initialized customskinloader-locator with mod folder C:\Users\whosh\AppData\Roaming\ModrinthApp\profiles\Create_ Remastered\CustomSkinLoader\Core and Common jar C:\Users\whosh\AppData\Roaming\ModrinthApp\profiles\Create_ Remastered\CustomSkinLoader\Core\CustomSkinLoader-Common.jar
[08:35:37] [main/INFO]: Found mod file CustomSkinLoader-Common.jar of type MOD with provider {mods folder locator at C:\Users\whosh\AppData\Roaming\ModrinthApp\profiles\Create_ Remastered\CustomSkinLoader\Core}
[08:35:37] [main/INFO]: Found mod file another_furniture-forge-1.20.1-3.0.4.jar of type MOD with provider {mods folder locator at C:\Users\whosh\AppData\Roaming\ModrinthApp\profiles\Create_ Remastered\mods}
[08:35:37] [main/INFO]: Found mod file betterblockz-0.2.10-1.20.1-forge.jar of type MOD with provider {mods folder locator at C:\Users\whosh\AppData\Roaming\ModrinthApp\profiles\Create_ Remastered\mods}
[08:35:37] [main/INFO]: Found mod file clockwork-0.5.6.jar of type MOD with provider {mods folder locator at C:\Users\whosh\AppData\Roaming\ModrinthApp\profiles\Create_ Remastered\mods}
[08:35:37] [main/INFO]: Found mod file Create Encased-1.20.1-1.8-ht2.jar of type MOD with provider {mods folder locator at C:\Users\whosh\AppData\Roaming\ModrinthApp\profiles\Create_ Remastered\mods}
[08:35:37] [main/INFO]: Found mod file create-1.20.1-6.0.8.jar of type MOD with provider {mods folder locator at C:\Users\whosh\AppData\Roaming\ModrinthApp\profiles\Create_ Remastered\mods}
[08:35:37] [main/INFO]: Found mod file create-enchantment-industry-2.5.2.jar of type MOD with provider {mods folder locator at C:\Users\whosh\AppData\Roaming\ModrinthApp\profiles\Create_ Remastered\mods}
[08:35:37] [main/INFO]: Found mod file createaddition-1.20.1-1.3.3.jar of type MOD with provider {mods folder locator at C:\Users\whosh\AppData\Roaming\ModrinthApp\profiles\Create_ Remastered\mods}
[08:35:37] [main/INFO]: Found mod file createbigcannons-5.11.4-mc.1.20.1-forge.jar of type MOD with provider {mods folder locator at C:\Users\whosh\AppData\Roaming\ModrinthApp\profiles\Create_ Remastered\mods}
[08:35:37] [main/INFO]: Found mod file createdeco-2.0.3-1.20.1-forge.jar of type MOD with provider {mods folder locator at C:\Users\whosh\AppData\Roaming\ModrinthApp\profiles\Create_ Remastered\mods}
[08:35:37] [main/INFO]: Found mod file createdieselgenerators-1.20.1-1.3.12.jar of type MOD with provider {mods folder locator at C:\Users\whosh\AppData\Roaming\ModrinthApp\profiles\Create_ Remastered\mods}
[08:35:37] [main/INFO]: Found mod file CreateDragonsPlus-1.11.8.jar of type MOD with provider {mods folder locator at C:\Users\whosh\AppData\Roaming\ModrinthApp\profiles\Create_ Remastered\mods}
[08:35:37] [main/INFO]: Found mod file drivebywire-1.20.1-0.1.1.jar of type MOD with provider {mods folder locator at C:\Users\whosh\AppData\Roaming\ModrinthApp\profiles\Create_ Remastered\mods}
[08:35:37] [main/INFO]: Found mod file effortlessbuilding-1.20.1-3.11.jar of type MOD with provider {mods folder locator at C:\Users\whosh\AppData\Roaming\ModrinthApp\profiles\Create_ Remastered\mods}
[08:35:37] [main/INFO]: Found mod file embeddium-0.3.31+mc1.20.1.jar of type MOD with provider {mods folder locator at C:\Users\whosh\AppData\Roaming\ModrinthApp\profiles\Create_ Remastered\mods}
[08:35:37] [main/INFO]: Found mod file FarmersDelight-1.20.1-1.3.4.jar of type MOD with provider {mods folder locator at C:\Users\whosh\AppData\Roaming\ModrinthApp\profiles\Create_ Remastered\mods}
[08:35:37] [main/INFO]: Found mod file ferritecore-6.0.1-forge.jar of type MOD with provider {mods folder locator at C:\Users\whosh\AppData\Roaming\ModrinthApp\profiles\Create_ Remastered\mods}
[08:35:37] [main/INFO]: Found mod file fireheartcity-0.1.0.jar of type MOD with provider {mods folder locator at C:\Users\whosh\AppData\Roaming\ModrinthApp\profiles\Create_ Remastered\mods}
[08:35:37] [main/INFO]: Found mod file kotlinforforge-4.12.0-all.jar of type LIBRARY with provider {mods folder locator at C:\Users\whosh\AppData\Roaming\ModrinthApp\profiles\Create_ Remastered\mods}
[08:35:37] [main/INFO]: Found mod file oculus-mc1.20.1-1.8.0.jar of type MOD with provider {mods folder locator at C:\Users\whosh\AppData\Roaming\ModrinthApp\profiles\Create_ Remastered\mods}
[08:35:37] [main/INFO]: Found mod file paladin-furniture-mod-1.5.0-forge-mc1.20.1.jar of type MOD with provider {mods folder locator at C:\Users\whosh\AppData\Roaming\ModrinthApp\profiles\Create_ Remastered\mods}
[08:35:37] [main/INFO]: Found mod file ritchiesprojectilelib-2.1.1+mc.1.20.1-forge.jar of type MOD with provider {mods folder locator at C:\Users\whosh\AppData\Roaming\ModrinthApp\profiles\Create_ Remastered\mods}
[08:35:37] [main/INFO]: Found mod file sliceanddice-forge-3.6.0.jar of type MOD with provider {mods folder locator at C:\Users\whosh\AppData\Roaming\ModrinthApp\profiles\Create_ Remastered\mods}
[08:35:37] [main/INFO]: Found mod file Steam_Rails-1.7.3+forge-mc1.20.1.jar of type MOD with provider {mods folder locator at C:\Users\whosh\AppData\Roaming\ModrinthApp\profiles\Create_ Remastered\mods}
[08:35:37] [main/INFO]: Found mod file trackwork-1.20.1-1.2.3.jar of type MOD with provider {mods folder locator at C:\Users\whosh\AppData\Roaming\ModrinthApp\profiles\Create_ Remastered\mods}
[08:35:37] [main/INFO]: Found mod file valkyrienskies-120-2.4.11.jar of type MOD with provider {mods folder locator at C:\Users\whosh\AppData\Roaming\ModrinthApp\profiles\Create_ Remastered\mods}
[08:35:37] [main/INFO]: Found mod file watermedia-3.0.0.23.jar of type MOD with provider {mods folder locator at C:\Users\whosh\AppData\Roaming\ModrinthApp\profiles\Create_ Remastered\mods}
[08:35:37] [main/INFO]: Found mod file watermedia_binaries-3.0.0.6.jar of type MOD with provider {mods folder locator at C:\Users\whosh\AppData\Roaming\ModrinthApp\profiles\Create_ Remastered\mods}
[08:35:37] [main/INFO]: Found mod file watermedia_platform_extension-3.0.0-beta.7.jar of type MOD with provider {mods folder locator at C:\Users\whosh\AppData\Roaming\ModrinthApp\profiles\Create_ Remastered\mods}
[08:35:38] [main/WARN]: Mod file C:\Users\whosh\AppData\Roaming\ModrinthApp\meta\libraries\net\minecraftforge\fmlcore\1.20.1-47.4.20\fmlcore-1.20.1-47.4.20.jar is missing mods.toml file
[08:35:38] [main/WARN]: Mod file C:\Users\whosh\AppData\Roaming\ModrinthApp\meta\libraries\net\minecraftforge\javafmllanguage\1.20.1-47.4.20\javafmllanguage-1.20.1-47.4.20.jar is missing mods.toml file
[08:35:38] [main/WARN]: Mod file C:\Users\whosh\AppData\Roaming\ModrinthApp\meta\libraries\net\minecraftforge\lowcodelanguage\1.20.1-47.4.20\lowcodelanguage-1.20.1-47.4.20.jar is missing mods.toml file
[08:35:38] [main/WARN]: Mod file C:\Users\whosh\AppData\Roaming\ModrinthApp\meta\libraries\net\minecraftforge\mclanguage\1.20.1-47.4.20\mclanguage-1.20.1-47.4.20.jar is missing mods.toml file
[08:35:38] [main/INFO]: Found mod file fmlcore-1.20.1-47.4.20.jar of type LIBRARY with provider net.minecraftforge.fml.loading.moddiscovery.MinecraftLocator@367d2816
[08:35:38] [main/INFO]: Found mod file javafmllanguage-1.20.1-47.4.20.jar of type LANGPROVIDER with provider net.minecraftforge.fml.loading.moddiscovery.MinecraftLocator@367d2816
[08:35:38] [main/INFO]: Found mod file lowcodelanguage-1.20.1-47.4.20.jar of type LANGPROVIDER with provider net.minecraftforge.fml.loading.moddiscovery.MinecraftLocator@367d2816
[08:35:38] [main/INFO]: Found mod file mclanguage-1.20.1-47.4.20.jar of type LANGPROVIDER with provider net.minecraftforge.fml.loading.moddiscovery.MinecraftLocator@367d2816
[08:35:38] [main/INFO]: Found mod file client-1.20.1-20230612.114412-srg.jar of type MOD with provider net.minecraftforge.fml.loading.moddiscovery.MinecraftLocator@367d2816
[08:35:38] [main/INFO]: Found mod file forge-1.20.1-47.4.20-universal.jar of type MOD with provider net.minecraftforge.fml.loading.moddiscovery.MinecraftLocator@367d2816
[08:35:39] [main/INFO]: Found 34 dependencies adding them to mods collection
[08:35:39] [main/INFO]: Found mod file classmate-1.5.1.jar of type GAMELIBRARY with provider net.minecraftforge.fml.loading.moddiscovery.JarInJarDependencyLocator@1c26273d
[08:35:39] [main/INFO]: Found mod file joml-primitives-1.10.0.jar of type GAMELIBRARY with provider net.minecraftforge.fml.loading.moddiscovery.JarInJarDependencyLocator@1c26273d
[08:35:39] [main/INFO]: Found mod file json-schema-validator-1.0.71.jar of type GAMELIBRARY with provider net.minecraftforge.fml.loading.moddiscovery.JarInJarDependencyLocator@1c26273d
[08:35:39] [main/INFO]: Found mod file jackson-module-parameter-names-2.14.0.jar of type GAMELIBRARY with provider net.minecraftforge.fml.loading.moddiscovery.JarInJarDependencyLocator@1c26273d
[08:35:39] [main/INFO]: Found mod file Ponder-Forge-1.20.1-1.0.91.jar of type MOD with provider net.minecraftforge.fml.loading.moddiscovery.JarInJarDependencyLocator@1c26273d
[08:35:39] [main/INFO]: Found mod file Registrate-MC1.20-1.3.3.jar of type GAMELIBRARY with provider net.minecraftforge.fml.loading.moddiscovery.JarInJarDependencyLocator@1c26273d
[08:35:39] [main/INFO]: Found mod file jackson-kotlin-dsl-1.2.0.jar of type GAMELIBRARY with provider net.minecraftforge.fml.loading.moddiscovery.JarInJarDependencyLocator@1c26273d
[08:35:39] [main/INFO]: Found mod file jackson-core-2.14.0.jar of type GAMELIBRARY with provider net.minecraftforge.fml.loading.moddiscovery.JarInJarDependencyLocator@1c26273d
[08:35:39] [main/INFO]: Found mod file zjsonpatch-0.4.11.jar of type GAMELIBRARY with provider net.minecraftforge.fml.loading.moddiscovery.JarInJarDependencyLocator@1c26273d
[08:35:39] [main/INFO]: Found mod file api-1.1.0+cf208d8b56.jar of type GAMELIBRARY with provider net.minecraftforge.fml.loading.moddiscovery.JarInJarDependencyLocator@1c26273d
[08:35:39] [main/INFO]: Found mod file jackson-dataformat-cbor-2.14.0.jar of type GAMELIBRARY with provider net.minecraftforge.fml.loading.moddiscovery.JarInJarDependencyLocator@1c26273d
[08:35:39] [main/INFO]: Found mod file util-1.1.0+cf208d8b56.jar of type GAMELIBRARY with provider net.minecraftforge.fml.loading.moddiscovery.JarInJarDependencyLocator@1c26273d
[08:35:39] [main/INFO]: Found mod file javax.inject-1.jar of type GAMELIBRARY with provider net.minecraftforge.fml.loading.moddiscovery.JarInJarDependencyLocator@1c26273d
[08:35:39] [main/INFO]: Found mod file kelvin-forge-1.20.1-0.5.0+5c1c62c654.jar of type MOD with provider net.minecraftforge.fml.loading.moddiscovery.JarInJarDependencyLocator@1c26273d
[08:35:39] [main/INFO]: Found mod file jackson-annotations-2.14.0.jar of type GAMELIBRARY with provider net.minecraftforge.fml.loading.moddiscovery.JarInJarDependencyLocator@1c26273d
[08:35:39] [main/INFO]: Found mod file mixinextras-forge-0.5.3.jar of type GAMELIBRARY with provider net.minecraftforge.fml.loading.moddiscovery.JarInJarDependencyLocator@1c26273d
[08:35:39] [main/INFO]: Found mod file jackson-module-kotlin-2.14.0-rubyfork.jar of type GAMELIBRARY with provider net.minecraftforge.fml.loading.moddiscovery.JarInJarDependencyLocator@1c26273d
[08:35:39] [main/INFO]: Found mod file kffmod-4.12.0.jar of type MOD with provider net.minecraftforge.fml.loading.moddiscovery.JarInJarDependencyLocator@1c26273d
[08:35:39] [main/INFO]: Found mod file flywheel-forge-1.20.1-1.0.5.jar of type MOD with provider net.minecraftforge.fml.loading.moddiscovery.JarInJarDependencyLocator@1c26273d
[08:35:39] [main/INFO]: Found mod file commons-collections4-4.3.jar of type GAMELIBRARY with provider net.minecraftforge.fml.loading.moddiscovery.JarInJarDependencyLocator@1c26273d
[08:35:39] [main/INFO]: Found mod file jcpp-1.4.14.jar of type GAMELIBRARY with provider net.minecraftforge.fml.loading.moddiscovery.JarInJarDependencyLocator@1c26273d
[08:35:39] [main/INFO]: Found mod file kfflang-4.12.0.jar of type LANGPROVIDER with provider net.minecraftforge.fml.loading.moddiscovery.JarInJarDependencyLocator@1c26273d
[08:35:39] [main/INFO]: Found mod file MixinExtras-0.5.3.jar of type GAMELIBRARY with provider net.minecraftforge.fml.loading.moddiscovery.JarInJarDependencyLocator@1c26273d
[08:35:39] [main/INFO]: Found mod file architectury-forge-9.1.12.jar of type MOD with provider net.minecraftforge.fml.loading.moddiscovery.JarInJarDependencyLocator@1c26273d
[08:35:39] [main/INFO]: Found mod file jsonschema-module-jackson-4.25.0.jar of type GAMELIBRARY with provider net.minecraftforge.fml.loading.moddiscovery.JarInJarDependencyLocator@1c26273d
[08:35:39] [main/INFO]: Found mod file itu-1.7.0.jar of type GAMELIBRARY with provider net.minecraftforge.fml.loading.moddiscovery.JarInJarDependencyLocator@1c26273d
[08:35:39] [main/INFO]: Found mod file jackson-databind-2.14.0.jar of type GAMELIBRARY with provider net.minecraftforge.fml.loading.moddiscovery.JarInJarDependencyLocator@1c26273d
[08:35:39] [main/INFO]: Found mod file conditional-mixin-forge-0.6.4.jar of type MOD with provider net.minecraftforge.fml.loading.moddiscovery.JarInJarDependencyLocator@1c26273d
[08:35:39] [main/INFO]: Found mod file kfflib-4.12.0.jar of type GAMELIBRARY with provider net.minecraftforge.fml.loading.moddiscovery.JarInJarDependencyLocator@1c26273d
[08:35:39] [main/INFO]: Found mod file jsonschema-generator-4.25.0.jar of type GAMELIBRARY with provider net.minecraftforge.fml.loading.moddiscovery.JarInJarDependencyLocator@1c26273d
[08:35:39] [main/INFO]: Found mod file cloth-config-forge-11.1.106.jar of type MOD with provider net.minecraftforge.fml.loading.moddiscovery.JarInJarDependencyLocator@1c26273d
[08:35:39] [main/INFO]: Found mod file dagger-2.43.2.jar of type GAMELIBRARY with provider net.minecraftforge.fml.loading.moddiscovery.JarInJarDependencyLocator@1c26273d
[08:35:39] [main/INFO]: Found mod file commons-math3-3.6.1.jar of type GAMELIBRARY with provider net.minecraftforge.fml.loading.moddiscovery.JarInJarDependencyLocator@1c26273d
[08:35:39] [main/INFO]: Found mod file color-thief-java-v1.1.2.jar of type GAMELIBRARY with provider net.minecraftforge.fml.loading.moddiscovery.JarInJarDependencyLocator@1c26273d
[08:35:39] [main/INFO]: Found Kotlin-containing mod Jar[union:/C:/Users/whosh/AppData/Roaming/ModrinthApp/profiles/Create_%20Remastered/mods/kotlinforforge-4.12.0-all.jar%23218!/], checking whether we need to upgrade it..
[08:35:39] [main/INFO]: Found outdated Kotlin core libs 2.2.21 (we ship 2.3.0)
[08:35:39] [main/INFO]: Found up-to-date Kotlin Coroutines libs 1.10.2 (we ship 1.10.2)
[08:35:39] [main/INFO]: Found outdated Kotlin Serialization libs 0.0.0 (we ship 1.9.0)
[08:35:39] [main/INFO]: Generating jar with updated Kotlin at C:\Users\whosh\AppData\Local\Temp\kff-updated-kotlin-2226400551285682247-4.12.0-all.jar
[08:35:42] [main/INFO]: Loaded 4 CustomSkinLoader bootstrap transformer(s) for srg mappings
[08:35:42] [main/INFO]: Loading CustomSkinLoader bootstrap mappings for srg
[08:35:42] [main/INFO]: Loaded 15 CustomSkinLoader bootstrap class mapping(s) for srg
[08:35:42] [main/INFO]: Collected 9 CustomSkinLoader bootstrap target class(es) for srg mappings
[08:35:42] [main/INFO]: Provided 9 CustomSkinLoader ModLauncher transformer(s)
[08:35:43] [main/INFO]: Compatibility level set to JAVA_17
[08:35:43] [main/INFO]: Launching target 'forgeclient' with arguments [--version, 1.20.1, --gameDir, C:\Users\whosh\AppData\Roaming\ModrinthApp\profiles\Create_ Remastered, --assetsDir, C:\Users\whosh\AppData\Roaming\ModrinthApp\meta\assets, --uuid, ba0f0db57f7a460888b0bdbeb9bea1de, --username, StellarFox1, --assetIndex, 5, --accessToken, ????????, --clientId, c4502edb-87c6-40cb-b595-64a280cf8906, --xuid, 0, --userType, msa, --versionType, release, --width, 854, --height, 480, --quickPlaySingleplayer, Create!]
[08:35:44] [main/INFO]: Loaded configuration file for Embeddium: 83 options available, 3 override(s) found
[08:35:44] [main/INFO]: Searching for graphics cards...
[08:35:44] [main/INFO]: Found graphics card: GraphicsAdapterInfo[vendor=INTEL, name=Intel(R) Iris(R) Xe Graphics, version=DriverVersion=32.0.101.7085]
[08:35:44] [main/WARN]: Reference map 'kelvin-forge-refmap.json' for kelvin.mixins.json could not be read. If this is a development environment you can ignore this message
[08:35:44] [main/WARN]: Reference map 'kelvin-common-refmap.json' for kelvin-common.mixins.json could not be read. If this is a development environment you can ignore this message
[08:35:44] [main/WARN]: Reference map 'mixins.trackwork.refmap.json' for trackwork.mixins.json could not be read. If this is a development environment you can ignore this message
[08:35:44] [main/INFO]: Starting Essential v1.5.0.1 (#abe8c355b9) [stable]
[08:35:45] [main/INFO]: Transformed net/minecraft/client/renderer/entity/player/PlayerRenderer with [customskinloader:render-patch]
[08:35:45] [main/INFO]: Transformed ModLauncher target net/minecraft/client/renderer/entity/player/PlayerRenderer with [customskinloader:render-patch]
[08:35:46] [main/WARN]: Error loading class: xfacthd/framedblocks/common/blockentity/doubled/FramedAdjustableDoubleBlockEntity (java.lang.ClassNotFoundException: xfacthd.framedblocks.common.blockentity.doubled.FramedAdjustableDoubleBlockEntity)
[08:35:46] [main/WARN]: @Mixin target xfacthd.framedblocks.common.blockentity.doubled.FramedAdjustableDoubleBlockEntity was not found createbigcannons.mixins.json:compat.FramedAdjustableDoubleBlockEntityAccessor
[08:35:46] [main/INFO]: Transformed net/minecraft/client/renderer/entity/layers/CapeLayer with [customskinloader:render-patch]
[08:35:46] [main/INFO]: Transformed ModLauncher target net/minecraft/client/renderer/entity/layers/CapeLayer with [customskinloader:render-patch]
[08:35:46] [main/WARN]: Error loading class: mekanism/client/render/entity/RenderFlame (java.lang.ClassNotFoundException: mekanism.client.render.entity.RenderFlame)
[08:35:46] [main/WARN]: Error loading class: mekanism/client/render/armor/MekaSuitArmor (java.lang.ClassNotFoundException: mekanism.client.render.armor.MekaSuitArmor)
[08:35:46] [main/INFO]: Transformed net/minecraft/resources/ResourceLocation with [customskinloader:interface-patch]
[08:35:46] [main/INFO]: Transformed ModLauncher target net/minecraft/resources/ResourceLocation with [customskinloader:interface-patch]
[08:35:47] [main/WARN]: Error loading class: dan200/computercraft/client/render/CustomLecternRenderer (java.lang.ClassNotFoundException: dan200.computercraft.client.render.CustomLecternRenderer)
[08:35:47] [main/WARN]: Error loading class: dan200/computercraft/shared/peripheral/speaker/SpeakerPosition (java.lang.ClassNotFoundException: dan200.computercraft.shared.peripheral.speaker.SpeakerPosition)
[08:35:47] [main/WARN]: Error loading class: dan200/computercraft/client/sound/SpeakerSound (java.lang.ClassNotFoundException: dan200.computercraft.client.sound.SpeakerSound)
[08:35:47] [main/WARN]: Error loading class: dan200/computercraft/shared/turtle/core/TurtleBrain (java.lang.ClassNotFoundException: dan200.computercraft.shared.turtle.core.TurtleBrain)
[08:35:47] [main/WARN]: Error loading class: dan200/computercraft/shared/turtle/core/TurtleMoveCommand (java.lang.ClassNotFoundException: dan200.computercraft.shared.turtle.core.TurtleMoveCommand)
[08:35:47] [main/WARN]: Error loading class: dan200/computercraft/shared/peripheral/modem/wireless/WirelessNetwork (java.lang.ClassNotFoundException: dan200.computercraft.shared.peripheral.modem.wireless.WirelessNetwork)
[08:35:47] [main/WARN]: Error loading class: me/duquee/createutilities/blocks/voidtypes/VoidLinkBehaviour (java.lang.ClassNotFoundException: me.duquee.createutilities.blocks.voidtypes.VoidLinkBehaviour)
[08:35:47] [main/WARN]: @Mixin target me.duquee.createutilities.blocks.voidtypes.VoidLinkBehaviour was not found valkyrienskies-common.mixins.json:mod_compat.create_utilities.MixinVoidLinkBehaviour
[08:35:47] [main/WARN]: Error loading class: fuzs/echochest/world/level/block/entity/EchoChestBlockEntity (java.lang.ClassNotFoundException: fuzs.echochest.world.level.block.entity.EchoChestBlockEntity)
[08:35:47] [main/WARN]: Error loading class: fuzs/echochest/world/level/block/entity/EchoChestListener (java.lang.ClassNotFoundException: fuzs.echochest.world.level.block.entity.EchoChestListener)
[08:35:47] [main/WARN]: Error loading class: dev/ftb/mods/ftbchunks/data/ClaimedChunkManagerImpl (java.lang.ClassNotFoundException: dev.ftb.mods.ftbchunks.data.ClaimedChunkManagerImpl)
[08:35:47] [main/WARN]: Error loading class: at/petrak/hexcasting/client/render/HexAdditionalRenderers (java.lang.ClassNotFoundException: at.petrak.hexcasting.client.render.HexAdditionalRenderers)
[08:35:47] [main/WARN]: Error loading class: at/petrak/hexcasting/common/casting/actions/raycast/OpEntityRaycast (java.lang.ClassNotFoundException: at.petrak.hexcasting.common.casting.actions.raycast.OpEntityRaycast)
[08:35:47] [main/WARN]: Error loading class: at/petrak/hexcasting/common/casting/actions/spells/great/OpTeleport (java.lang.ClassNotFoundException: at.petrak.hexcasting.common.casting.actions.spells.great.OpTeleport)
[08:35:47] [main/WARN]: @Mixin target at.petrak.hexcasting.common.casting.actions.spells.great.OpTeleport was not found valkyrienskies-common.mixins.json:mod_compat.hexcasting.MixinOpTeleport
[08:35:47] [main/WARN]: Error loading class: at/petrak/hexcasting/common/casting/actions/spells/great/OpTeleport$Spell (java.lang.ClassNotFoundException: at.petrak.hexcasting.common.casting.actions.spells.great.OpTeleport$Spell)
[08:35:47] [main/WARN]: @Mixin target at.petrak.hexcasting.common.casting.actions.spells.great.OpTeleport$Spell was not found valkyrienskies-common.mixins.json:mod_compat.hexcasting.MixinOpTeleport$Spell
[08:35:47] [main/WARN]: Error loading class: net/beholderface/ephemera/casting/patterns/link/OpNetworkTeleport (java.lang.ClassNotFoundException: net.beholderface.ephemera.casting.patterns.link.OpNetworkTeleport)
[08:35:47] [main/WARN]: Error loading class: ram/talia/hexal/common/casting/actions/spells/link/OpLink (java.lang.ClassNotFoundException: ram.talia.hexal.common.casting.actions.spells.link.OpLink)
[08:35:47] [main/WARN]: Error loading class: ram/talia/hexal/common/casting/actions/spells/link/OpLinkOthers (java.lang.ClassNotFoundException: ram.talia.hexal.common.casting.actions.spells.link.OpLinkOthers)
[08:35:47] [main/WARN]: Error loading class: ram/talia/hexal/client/RenderHelperKt (java.lang.ClassNotFoundException: ram.talia.hexal.client.RenderHelperKt)
[08:35:47] [main/WARN]: Error loading class: ram/talia/hexal/api/linkable/ServerLinkableHolder (java.lang.ClassNotFoundException: ram.talia.hexal.api.linkable.ServerLinkableHolder)
[08:35:47] [main/WARN]: Error loading class: net/mehvahdjukaar/moonlight/core/misc/FakeServerLevel (java.lang.ClassNotFoundException: net.mehvahdjukaar.moonlight.core.misc.FakeServerLevel)
[08:35:47] [main/WARN]: @Mixin target net.mehvahdjukaar.moonlight.core.misc.FakeServerLevel was not found valkyrienskies-common.mixins.json:mod_compat.moonlight.MixinFakeServerLevel
[08:35:47] [main/WARN]: Error loading class: com/jamieswhiteshirt/reachentityattributes/ReachEntityAttributes (java.lang.ClassNotFoundException: com.jamieswhiteshirt.reachentityattributes.ReachEntityAttributes)
[08:35:47] [main/WARN]: Error loading class: li/cil/tis3d/common/entity/InfraredPacketEntity (java.lang.ClassNotFoundException: li.cil.tis3d.common.entity.InfraredPacketEntity)
[08:35:47] [main/WARN]: Error loading class: com/sonicether/soundphysics/SoundPhysics (java.lang.ClassNotFoundException: com.sonicether.soundphysics.SoundPhysics)
[08:35:47] [main/WARN]: Error loading class: li/cil/tis3d/client/renderer/block/entity/CasingBlockEntityRenderer (java.lang.ClassNotFoundException: li.cil.tis3d.client.renderer.block.entity.CasingBlockEntityRenderer)
[08:35:47] [main/WARN]: Error loading class: li/cil/tis3d/client/renderer/RenderContextImpl (java.lang.ClassNotFoundException: li.cil.tis3d.client.renderer.RenderContextImpl)
[08:35:47] [main/WARN]: Error loading class: com/lilypuree/connectiblechains/entity/ChainCollisionEntity (java.lang.ClassNotFoundException: com.lilypuree.connectiblechains.entity.ChainCollisionEntity)
[08:35:47] [main/WARN]: @Mixin target com.lilypuree.connectiblechains.entity.ChainCollisionEntity was not found valkyrienskies-forge.mixins.json:compat.connectiblechains.MixinChainCollisionEntity
[08:35:47] [main/WARN]: Error loading class: com/lilypuree/connectiblechains/entity/ChainKnotEntity (java.lang.ClassNotFoundException: com.lilypuree.connectiblechains.entity.ChainKnotEntity)
[08:35:47] [main/WARN]: @Mixin target com.lilypuree.connectiblechains.entity.ChainKnotEntity was not found valkyrienskies-forge.mixins.json:compat.connectiblechains.MixinChainKnotEntity
[08:35:47] [main/WARN]: Error loading class: com/lilypuree/connectiblechains/chain/ChainLink (java.lang.ClassNotFoundException: com.lilypuree.connectiblechains.chain.ChainLink)
[08:35:47] [main/WARN]: @Mixin target com.lilypuree.connectiblechains.chain.ChainLink was not found valkyrienskies-forge.mixins.json:compat.connectiblechains.MixinChainLink
[08:35:47] [main/WARN]: Error loading class: net/mcreator/createstuffadditions/procedures/GrapplinWhiskChainsLineProcedure (java.lang.ClassNotFoundException: net.mcreator.createstuffadditions.procedures.GrapplinWhiskChainsLineProcedure)
[08:35:47] [main/WARN]: Error loading class: net/mcreator/createstuffadditions/procedures/GrapplinWhiskItemInHandTickProcedure (java.lang.ClassNotFoundException: net.mcreator.createstuffadditions.procedures.GrapplinWhiskItemInHandTickProcedure)
[08:35:47] [main/WARN]: Error loading class: blusunrize/immersiveengineering/common/gui/BlockEntityInventory (java.lang.ClassNotFoundException: blusunrize.immersiveengineering.common.gui.BlockEntityInventory)
[08:35:47] [main/WARN]: Error loading class: org/cyclops/integrateddynamics/core/block/VoxelShapeComponents (java.lang.ClassNotFoundException: org.cyclops.integrateddynamics.core.block.VoxelShapeComponents)
[08:35:47] [main/WARN]: @Mixin target org.cyclops.integrateddynamics.core.block.VoxelShapeComponents was not found valkyrienskies-forge.mixins.json:compat.integrateddynamics.MixinVoxelShapeComponents
[08:35:47] [main/WARN]: Error loading class: mekanism/common/lib/radiation/RadiationManager (java.lang.ClassNotFoundException: mekanism.common.lib.radiation.RadiationManager)
[08:35:47] [main/WARN]: @Mixin target mekanism.common.lib.radiation.RadiationManager was not found valkyrienskies-forge.mixins.json:compat.mekanism.MixinRadiationManager
[08:35:47] [main/WARN]: Error loading class: dev/su5ed/mffs/network/ClientPacketHandler (java.lang.ClassNotFoundException: dev.su5ed.mffs.network.ClientPacketHandler)
[08:35:47] [main/WARN]: Error loading class: dev/su5ed/mffs/util/FrequencyGrid (java.lang.ClassNotFoundException: dev.su5ed.mffs.util.FrequencyGrid)
[08:35:47] [main/WARN]: Error loading class: me/desht/modularrouters/container/RouterMenu (java.lang.ClassNotFoundException: me.desht.modularrouters.container.RouterMenu)
[08:35:47] [main/WARN]: Error loading class: cofh/core/block/entity/TileCoFH (java.lang.ClassNotFoundException: cofh.core.block.entity.TileCoFH)
[08:35:47] [main/WARN]: Error loading class: twilightforest/world/components/chunkgenerators/ChunkGeneratorTwilight (java.lang.ClassNotFoundException: twilightforest.world.components.chunkgenerators.ChunkGeneratorTwilight)
[08:35:47] [main/WARN]: @Mixin target twilightforest.world.components.chunkgenerators.ChunkGeneratorTwilight was not found valkyrienskies-forge.mixins.json:compat.twilightforest.ChunkGeneratorTwilightMixin
[08:35:47] [main/WARN]: Error loading class: com/lilypuree/connectiblechains/client/render/entity/ChainKnotEntityRenderer (java.lang.ClassNotFoundException: com.lilypuree.connectiblechains.client.render.entity.ChainKnotEntityRenderer)
[08:35:47] [main/WARN]: @Mixin target com.lilypuree.connectiblechains.client.render.entity.ChainKnotEntityRenderer was not found valkyrienskies-forge.mixins.json:compat.connectiblechains.client.MixinChainKnotEntityRenderer
[08:35:47] [main/WARN]: Error loading class: traben/entity_model_features/models/animation/EMFAnimationEntityContext (java.lang.ClassNotFoundException: traben.entity_model_features.models.animation.EMFAnimationEntityContext)
[08:35:47] [main/WARN]: @Mixin target traben.entity_model_features.models.animation.EMFAnimationEntityContext was not found valkyrienskies-forge.mixins.json:compat.emf.MixinEMFAnimationEntityContext
[08:35:48] [main/WARN]: Error loading class: mekanism/client/render/data/RenderData$Builder (java.lang.ClassNotFoundException: mekanism.client.render.data.RenderData$Builder)
[08:35:48] [main/WARN]: @Mixin target mekanism.client.render.data.RenderData$Builder was not found valkyrienskies-forge.mixins.json:compat.mekanism.MixinRenderData
[08:35:48] [main/WARN]: Error loading class: mekanism/client/render/RenderResizableCuboid (java.lang.ClassNotFoundException: mekanism.client.render.RenderResizableCuboid)
[08:35:48] [main/WARN]: @Mixin target mekanism.client.render.RenderResizableCuboid was not found valkyrienskies-forge.mixins.json:compat.mekanism.MixinRenderResizableCuboid
[08:35:48] [main/WARN]: Error loading class: li/cil/oc2/client/renderer/blockentity/ComputerRenderer (java.lang.ClassNotFoundException: li.cil.oc2.client.renderer.blockentity.ComputerRenderer)
[08:35:48] [main/WARN]: Error loading class: li/cil/oc2/client/renderer/blockentity/MonitorRenderer (java.lang.ClassNotFoundException: li.cil.oc2.client.renderer.blockentity.MonitorRenderer)
[08:35:48] [main/WARN]: Error loading class: li/cil/oc2/client/renderer/ProjectorDepthRenderer (java.lang.ClassNotFoundException: li.cil.oc2.client.renderer.ProjectorDepthRenderer)
[08:35:48] [main/WARN]: Error loading class: com/getitemfromblock/create_tweaked_controllers/block/TweakedLecternControllerBlock (java.lang.ClassNotFoundException: com.getitemfromblock.create_tweaked_controllers.block.TweakedLecternControllerBlock)
[08:35:48] [main/WARN]: Error loading class: com/getitemfromblock/create_tweaked_controllers/item/TweakedLinkedControllerItem (java.lang.ClassNotFoundException: com.getitemfromblock.create_tweaked_controllers.item.TweakedLinkedControllerItem)
[08:35:48] [main/WARN]: Error loading class: com/getitemfromblock/create_tweaked_controllers/packet/TweakedLinkedControllerAxisPacket (java.lang.ClassNotFoundException: com.getitemfromblock.create_tweaked_controllers.packet.TweakedLinkedControllerAxisPacket)
[08:35:48] [main/WARN]: Error loading class: com/getitemfromblock/create_tweaked_controllers/packet/TweakedLinkedControllerButtonPacket (java.lang.ClassNotFoundException: com.getitemfromblock.create_tweaked_controllers.packet.TweakedLinkedControllerButtonPacket)
[08:35:48] [main/WARN]: Error loading class: com/getitemfromblock/create_tweaked_controllers/packet/TweakedLinkedControllerStopLecternPacket (java.lang.ClassNotFoundException: com.getitemfromblock.create_tweaked_controllers.packet.TweakedLinkedControllerStopLecternPacket)
[08:35:48] [main/INFO]: Transformed net/minecraft/client/gui/components/PlayerTabOverlay with [customskinloader:render-patch]
[08:35:48] [main/INFO]: Transformed ModLauncher target net/minecraft/client/gui/components/PlayerTabOverlay with [customskinloader:render-patch]
[08:35:48] [main/INFO]: Transformed net/minecraft/client/renderer/texture/HttpTexture with [customskinloader:skin-texture-patch]
[08:35:48] [main/INFO]: Transformed ModLauncher target net/minecraft/client/renderer/texture/HttpTexture with [customskinloader:skin-texture-patch]
[08:35:48] [main/INFO]: Transformed net/minecraft/client/resources/SkinManager with [customskinloader:skin-manager-patch]
[08:35:48] [main/INFO]: Transformed ModLauncher target net/minecraft/client/resources/SkinManager with [customskinloader:skin-manager-patch]
[08:35:48] [main/WARN]: Error loading class: xaero/map/gui/GuiMap (java.lang.ClassNotFoundException: xaero.map.gui.GuiMap)
[08:35:48] [main/WARN]: @Mixin target xaero.map.gui.GuiMap was not found create.mixins.json:compat.xaeros.XaeroFullscreenMapAccessor
[08:35:48] [main/WARN]: Error loading class: xaero/map/gui/GuiMap (java.lang.ClassNotFoundException: xaero.map.gui.GuiMap)
[08:35:48] [main/WARN]: @Mixin target xaero.map.gui.GuiMap was not found create.mixins.json:compat.xaeros.XaeroFullscreenMapMixin
[08:35:48] [main/WARN]: Force-disabling mixin 'features.render.world.sky.WorldRendererMixin' as rule 'mixin.features.render.world.sky' (added by mods [oculus]) disables it and children
[08:35:48] [main/WARN]: Force-disabling mixin 'features.render.world.sky.ClientWorldMixin' as rule 'mixin.features.render.world.sky' (added by mods [oculus]) disables it and children
[08:35:48] [main/WARN]: Force-disabling mixin 'features.render.world.sky.BackgroundRendererMixin' as rule 'mixin.features.render.world.sky' (added by mods [oculus]) disables it and children
[08:35:48] [main/WARN]: Force-disabling mixin 'features.render.gui.font.GlyphRendererMixin' as rule 'mixin.features.render.gui.font' (added by mods [oculus]) disables it and children
[08:35:48] [main/WARN]: Force-disabling mixin 'features.render.gui.font.FontSetMixin' as rule 'mixin.features.render.gui.font' (added by mods [oculus]) disables it and children
[08:35:48] [main/WARN]: Force-disabling mixin 'features.render.entity.shadows.EntityRenderDispatcherMixin' as rule 'mixin.features.render.entity' (added by mods [oculus]) disables it and children
[08:35:48] [main/WARN]: Force-disabling mixin 'features.render.entity.remove_streams.ModelPartMixin' as rule 'mixin.features.render.entity' (added by mods [oculus]) disables it and children
[08:35:48] [main/WARN]: Force-disabling mixin 'features.render.entity.remove_streams.HierarchicalModelMixin' as rule 'mixin.features.render.entity' (added by mods [oculus]) disables it and children
[08:35:48] [main/WARN]: Force-disabling mixin 'features.render.entity.fast_render.ModelPartMixin' as rule 'mixin.features.render.entity' (added by mods [oculus]) disables it and children
[08:35:48] [main/WARN]: Force-disabling mixin 'features.render.entity.fast_render.CuboidMixin' as rule 'mixin.features.render.entity' (added by mods [oculus]) disables it and children
[08:35:48] [main/WARN]: Force-disabling mixin 'features.render.entity.cull.EntityRendererMixin' as rule 'mixin.features.render.entity' (added by mods [oculus]) disables it and children
[08:35:48] [main/INFO]: Transformed com/mojang/blaze3d/platform/NativeImage with [customskinloader:interface-patch]
[08:35:48] [main/INFO]: Transformed ModLauncher target com/mojang/blaze3d/platform/NativeImage with [customskinloader:interface-patch]
[08:35:48] [main/ERROR]: valkyrienskies-common.mixins.json:feature.sculk.MixinVibrationSystemTicker: Interface mixin contains a non-public method! Found destWorldPos(Lnet/minecraft/world/level/gameevent/vibrations/VibrationInfo;Lcom/llamalad7/mixinextras/injector/wrapoperation/Operation;Lnet/minecraft/server/level/ServerLevel;)Lnet/minecraft/world/phys/Vec3; in valkyrienskies-common.mixins.json:feature.sculk.MixinVibrationSystemTicker
org.spongepowered.asm.mixin.transformer.throwables.InvalidInterfaceMixinException: Interface mixin contains a non-public method! Found destWorldPos(Lnet/minecraft/world/level/gameevent/vibrations/VibrationInfo;Lcom/llamalad7/mixinextras/injector/wrapoperation/Operation;Lnet/minecraft/server/level/ServerLevel;)Lnet/minecraft/world/phys/Vec3; in valkyrienskies-common.mixins.json:feature.sculk.MixinVibrationSystemTicker
	at org.spongepowered.asm.mixin.transformer.MixinPreProcessorInterface.prepareMethod(MixinPreProcessorInterface.java:65) ~[mixin-0.8.5.jar:0.8.5+Jenkins-b310.git-155314e6e91465dad727e621a569906a410cd6f4]
	at org.spongepowered.asm.mixin.transformer.MixinPreProcessorStandard.prepare(MixinPreProcessorStandard.java:187) ~[mixin-0.8.5.jar:0.8.5+Jenkins-b310.git-155314e6e91465dad727e621a569906a410cd6f4]
	at org.spongepowered.asm.mixin.transformer.MixinInfo$State.validate(MixinInfo.java:322) ~[mixin-0.8.5.jar:0.8.5+Jenkins-b310.git-155314e6e91465dad727e621a569906a410cd6f4]
	at org.spongepowered.asm.mixin.transformer.MixinInfo.validate(MixinInfo.java:913) ~[mixin-0.8.5.jar:0.8.5+Jenkins-b310.git-155314e6e91465dad727e621a569906a410cd6f4]
	at org.spongepowered.asm.mixin.transformer.MixinConfig.postInitialise(MixinConfig.java:801) ~[mixin-0.8.5.jar:0.8.5+Jenkins-b310.git-155314e6e91465dad727e621a569906a410cd6f4]
	at org.spongepowered.asm.mixin.transformer.MixinProcessor.prepareConfigs(MixinProcessor.java:567) ~[mixin-0.8.5.jar:0.8.5+Jenkins-b310.git-155314e6e91465dad727e621a569906a410cd6f4]
	at org.spongepowered.asm.mixin.transformer.MixinProcessor.select(MixinProcessor.java:462) ~[mixin-0.8.5.jar:0.8.5+Jenkins-b310.git-155314e6e91465dad727e621a569906a410cd6f4]
	at org.spongepowered.asm.mixin.transformer.MixinProcessor.checkSelect(MixinProcessor.java:438) ~[mixin-0.8.5.jar:0.8.5+Jenkins-b310.git-155314e6e91465dad727e621a569906a410cd6f4]
	at org.spongepowered.asm.mixin.transformer.MixinProcessor.applyMixins(MixinProcessor.java:290) ~[mixin-0.8.5.jar:0.8.5+Jenkins-b310.git-155314e6e91465dad727e621a569906a410cd6f4]
	at org.spongepowered.asm.mixin.transformer.MixinTransformer.transformClass(MixinTransformer.java:250) ~[mixin-0.8.5.jar:0.8.5+Jenkins-b310.git-155314e6e91465dad727e621a569906a410cd6f4]
	at org.spongepowered.asm.service.modlauncher.MixinTransformationHandler.processClass(MixinTransformationHandler.java:131) ~[mixin-0.8.5.jar:0.8.5+Jenkins-b310.git-155314e6e91465dad727e621a569906a410cd6f4]
	at org.spongepowered.asm.launch.MixinLaunchPluginLegacy.processClass(MixinLaunchPluginLegacy.java:131) ~[mixin-0.8.5.jar:0.8.5+Jenkins-b310.git-155314e6e91465dad727e621a569906a410cd6f4]
	at cpw.mods.modlauncher.serviceapi.ILaunchPluginService.processClassWithFlags(ILaunchPluginService.java:156) ~[modlauncher-10.0.9.jar:10.0.9+10.0.9+main.dcd20f30]
	at cpw.mods.modlauncher.LaunchPluginHandler.offerClassNodeToPlugins(LaunchPluginHandler.java:88) ~[modlauncher-10.0.9.jar:?]
	at cpw.mods.modlauncher.ClassTransformer.transform(ClassTransformer.java:120) ~[modlauncher-10.0.9.jar:?]
	at cpw.mods.modlauncher.TransformingClassLoader.maybeTransformClassBytes(TransformingClassLoader.java:50) ~[modlauncher-10.0.9.jar:?]
	at cpw.mods.cl.ModuleClassLoader.readerToClass(ModuleClassLoader.java:113) ~[securejarhandler-2.1.10.jar:?]
	at cpw.mods.cl.ModuleClassLoader.lambda$findClass$15(ModuleClassLoader.java:219) ~[securejarhandler-2.1.10.jar:?]
	at cpw.mods.cl.ModuleClassLoader.loadFromModule(ModuleClassLoader.java:229) ~[securejarhandler-2.1.10.jar:?]
	at cpw.mods.cl.ModuleClassLoader.findClass(ModuleClassLoader.java:219) ~[securejarhandler-2.1.10.jar:?]
	at java.lang.ClassLoader.loadClass(Unknown Source) ~[?:?]
	at java.lang.Class.forName(Unknown Source) ~[?:?]
	at net.minecraftforge.fml.earlydisplay.DisplayWindow.lambda$updateModuleReads$13(DisplayWindow.java:615) ~[fmlearlydisplay-1.20.1-47.4.20.jar:1.0]
	at java.util.Optional.map(Unknown Source) ~[?:?]
	at net.minecraftforge.fml.earlydisplay.DisplayWindow.updateModuleReads(DisplayWindow.java:615) ~[fmlearlydisplay-1.20.1-47.4.20.jar:1.0]
	at net.minecraftforge.fml.loading.ImmediateWindowHandler$Wrapper.updateModuleReads(ImmediateWindowHandler.java:243) ~[fmlloader-1.20.1-47.4.20.jar:1.0]
	at net.minecraftforge.fml.loading.ImmediateWindowHandler.acceptGameLayer(ImmediateWindowHandler.java:89) ~[fmlloader-1.20.1-47.4.20.jar:1.0]
	at net.minecraftforge.fml.loading.FMLLoader.beforeStart(FMLLoader.java:216) ~[fmlloader-1.20.1-47.4.20.jar:1.0]
	at net.minecraftforge.fml.loading.targets.CommonLaunchHandler.launchService(CommonLaunchHandler.java:92) ~[fmlloader-1.20.1-47.4.20.jar:?]
	at cpw.mods.modlauncher.LaunchServiceHandlerDecorator.launch(LaunchServiceHandlerDecorator.java:30) ~[modlauncher-10.0.9.jar:?]
	at cpw.mods.modlauncher.LaunchServiceHandler.launch(LaunchServiceHandler.java:53) ~[modlauncher-10.0.9.jar:?]
	at cpw.mods.modlauncher.LaunchServiceHandler.launch(LaunchServiceHandler.java:71) ~[modlauncher-10.0.9.jar:?]
	at cpw.mods.modlauncher.Launcher.run(Launcher.java:108) ~[modlauncher-10.0.9.jar:?]
	at cpw.mods.modlauncher.Launcher.main(Launcher.java:78) ~[modlauncher-10.0.9.jar:?]
	at cpw.mods.modlauncher.BootstrapLaunchConsumer.accept(BootstrapLaunchConsumer.java:26) ~[modlauncher-10.0.9.jar:?]
	at cpw.mods.modlauncher.BootstrapLaunchConsumer.accept(BootstrapLaunchConsumer.java:23) ~[modlauncher-10.0.9.jar:?]
	at cpw.mods.bootstraplauncher.BootstrapLauncher.main(BootstrapLauncher.java:141) ~[bootstraplauncher-1.1.2.jar:?]
	at jdk.internal.reflect.NativeMethodAccessorImpl.invoke0(Native Method) ~[?:?]
	at jdk.internal.reflect.NativeMethodAccessorImpl.invoke(Unknown Source) ~[?:?]
	at jdk.internal.reflect.DelegatingMethodAccessorImpl.invoke(Unknown Source) ~[?:?]
	at java.lang.reflect.Method.invoke(Unknown Source) ~[?:?]
	at com.modrinth.theseus.MinecraftLaunch.relaunch(MinecraftLaunch.java:63) ~[theseus.jar%2386!/:?]
	at com.modrinth.theseus.MinecraftLaunch.main(MinecraftLaunch.java:28) ~[theseus.jar%2386!/:?]
[08:35:49] [main/INFO]: Initializing MixinExtras via com.llamalad7.mixinextras.service.MixinExtrasServiceImpl(version=0.5.3).
[08:35:50] [main/INFO]: Transformed net/minecraft/server/packs/resources/ResourceManager with [customskinloader:interface-patch]
[08:35:50] [main/INFO]: Transformed ModLauncher target net/minecraft/server/packs/resources/ResourceManager with [customskinloader:interface-patch]
[08:35:51] [main/INFO]: Transformed net/minecraft/resources/ResourceLocation with [customskinloader:interface-patch]
[08:35:51] [main/INFO]: Transformed ModLauncher target net/minecraft/resources/ResourceLocation with [customskinloader:interface-patch]
[08:36:06] [Datafixer Bootstrap/INFO]: 188 Datafixer optimizations took 585 milliseconds
[08:36:12] [pool-4-thread-1/INFO]: Transformed net/minecraft/server/packs/resources/ResourceManager with [customskinloader:interface-patch]
[08:36:12] [pool-4-thread-1/INFO]: Transformed ModLauncher target net/minecraft/server/packs/resources/ResourceManager with [customskinloader:interface-patch]
[08:36:14] [Render thread/WARN]: Assets URL 'union:/C:/Users/whosh/AppData/Roaming/ModrinthApp/meta/libraries/net/minecraft/client/1.20.1-20230612.114412/client-1.20.1-20230612.114412-srg.jar%23229!/assets/.mcassetsroot' uses unexpected schema
[08:36:14] [Render thread/WARN]: Assets URL 'union:/C:/Users/whosh/AppData/Roaming/ModrinthApp/meta/libraries/net/minecraft/client/1.20.1-20230612.114412/client-1.20.1-20230612.114412-srg.jar%23229!/data/.mcassetsroot' uses unexpected schema
[08:36:14] [Render thread/INFO]: Environment: authHost='https://authserver.mojang.com', accountsHost='https://api.mojang.com', sessionHost='https://sessionserver.mojang.com', servicesHost='https://api.minecraftservices.com', name='PROD'
[08:36:15] [Render thread/INFO]: Setting user: StellarFox1
[08:36:15] [Render thread/INFO]: OptiFine not detected.
[08:36:18] [Render thread/INFO]: Starting DI!
[08:36:18] [Render thread/INFO]: Authenticating to Mojang as StellarFox1 (ba0f0db5-7f7a-4608-88b0-bdbeb9bea1de)
[08:36:19] [DefaultDispatcher-worker-3/INFO]: Connecting to Essential Connection Manager...
[08:36:19] [DefaultDispatcher-worker-3/INFO]: Using Default JreDnsResolver
[08:36:19] [DefaultDispatcher-worker-3/INFO]: Using Default JreSocketFactory
[08:36:19] [Render thread/INFO]: Backend library: LWJGL version 3.3.1 build 7
[08:36:20] [Render thread/ERROR]: Mod mixin into Embeddium internals detected. This instance is now tainted. The Embeddium team does not provide any guarantee of support for issues encountered while such mods are installed.
[08:36:20] [Render thread/WARN]: Mod(s) [oculus] are modifying Embeddium class me.jellysquid.mods.sodium.client.gui.SodiumGameOptions, which may cause instability.
[08:36:20] [Essential Thread 8/INFO]: Transformed com/mojang/blaze3d/platform/NativeImage with [customskinloader:interface-patch]
[08:36:20] [Essential Thread 8/INFO]: Transformed ModLauncher target com/mojang/blaze3d/platform/NativeImage with [customskinloader:interface-patch]
[08:36:20] [Render thread/INFO]: OpenGL Vendor: Intel
[08:36:20] [Render thread/INFO]: OpenGL Renderer: Intel(R) Iris(R) Xe Graphics
[08:36:20] [Render thread/INFO]: OpenGL Version: 4.6.0 - Build 32.0.101.7085
[08:36:20] [WebSocketConnectReadThread-68/INFO]: Connected to Essential Connection Manager.
[08:36:20] [Render thread/INFO]: Transformed com/mojang/blaze3d/platform/NativeImage with [customskinloader:interface-patch]
[08:36:20] [Render thread/INFO]: Transformed ModLauncher target com/mojang/blaze3d/platform/NativeImage with [customskinloader:interface-patch]
[08:36:21] [Render thread/INFO]: Debug functionality is disabled.
[08:36:21] [Render thread/INFO]: OpenGL 4.5 detected, enabling DSA.
[08:36:21] [Render thread/INFO]: Shaders are disabled because enableShaders is set to false in iris.properties
[08:36:21] [Render thread/INFO]: Shaders are disabled
[08:36:22] [modloading-worker-0/WARN]: Mod(s) [oculus] are modifying Embeddium class me.jellysquid.mods.sodium.client.gui.SodiumOptionsGUI, which may cause instability.
[08:36:22] [modloading-worker-0/INFO]: Steam 'n' Rails v1.7.3 initializing! Commit hash: e5947616ee54cabea325ea61ce2e9be107f61225 on Create version: 6.0.8 on platform: Forge
[08:36:22] [modloading-worker-0/INFO]: Create 6.0.8 initializing! Commit hash: 1a1a9a2819b4f89f78caec41b55ed8cb222fa24b
[08:36:22] [modloading-worker-0/INFO]: Forge mod loading, version 47.4.20, for MC 1.20.1 with MCP 20230612.114412
[08:36:22] [modloading-worker-0/INFO]: MinecraftForge v47.4.20 Initialized
[08:36:23] [modloading-worker-0/INFO]: Registering items for Create Deco
[08:36:24] [modloading-worker-0/INFO]: Registering platform extension (YouTube + generic yt-dlp) via yt-dlp
[08:36:24] [ForkJoinPool.commonPool-worker-5/WARN]: [Paladin's Furniture Update Check] Unable to download https://github.com/UnlikePaladin/Paladins-Furniture-Update-Index/releases/download/1.5/15update.json
[08:36:24] [ForkJoinPool.commonPool-worker-5/WARN]: [Paladin's Furniture Update Check] Returning null!
[08:36:24] [modloading-worker-0/INFO]: • Registered YouTube platform
[08:36:24] [modloading-worker-0/INFO]: • Registered yt-dlp platform
[08:36:24] [modloading-worker-0/INFO]: Running 'WaterMedia v3.0.0.23' for 'Forge' in client side
[08:36:24] [modloading-worker-0/INFO]: OS Detected: Windows 11 (amd64) - Java: 17.0.20.1
[08:36:24] [modloading-worker-0/INFO]: RAM stats (used/total/max): 635/1442/4096 MB
[08:36:24] [modloading-worker-0/INFO]: Process PATH: C:\Users\whosh\AppData\Roaming\ModrinthApp\profiles\Create_ Remastered
[08:36:24] [modloading-worker-0/INFO]: Temp folder PATH: C:\Users\whosh\AppData\Local\Temp\watermedia
[08:36:24] [modloading-worker-0/INFO]: Starting WaterMediaBinaries (1/6)
[08:36:24] [modloading-worker-0/INFO]: Resolving binaries paths
[08:36:24] [modloading-worker-0/INFO]: Starting binaries extraction in path: C:\Users\whosh\AppData\Local\Temp\watermedia
[08:36:24] [modloading-worker-0/INFO]: Kotlin For Forge Enabled!
[08:36:24] [modloading-worker-0/INFO]: Initializing Kelvin...
[08:36:24] [modloading-worker-0/INFO]: Registering blocks for Create Deco
[08:36:24] [modloading-worker-0/INFO]: Registering Kelvin default gas particles...
[08:36:24] [modloading-worker-0/INFO]: Registering S2C receiver with id architectury:sync_ids
[08:36:25] [modloading-worker-0/INFO]: Registering C2S receiver with id architectury:sync_ids
[08:36:25] [modloading-worker-0/INFO]: Registering S2C receiver with id kelvin:sync_to_client
[08:36:25] [modloading-worker-0/INFO]: Registering C2S receiver with id kelvin:request_chunk_sync
[08:36:25] [modloading-worker-0/INFO]: Transformed net/minecraft/client/renderer/entity/player/PlayerRenderer with [customskinloader:render-patch]
[08:36:25] [modloading-worker-0/INFO]: Transformed ModLauncher target net/minecraft/client/renderer/entity/player/PlayerRenderer with [customskinloader:render-patch]
[08:36:25] [modloading-worker-0/INFO]: Registering gas types...
[08:36:25] [modloading-worker-0/INFO]: Registered particle: kelvin:air
[08:36:25] [modloading-worker-0/INFO]: Registering gas type kelvin:air...
[08:36:25] [modloading-worker-0/INFO]: Registered gas type kelvin:air, with properties:
[08:36:25] [modloading-worker-0/INFO]: Density: 1.293 | Viscosity: 1.716E-5 | Specific Heat Capacity: 1.005 | Thermal Conductivity: 0.026
[08:36:25] [modloading-worker-0/INFO]: Sutherland Constant: 111.0 | Adiabatic Index: 1.4
[08:36:25] [modloading-worker-0/INFO]: Icon Location: kelvin:textures/icons/air.png
[08:36:25] [modloading-worker-0/INFO]: Registering reaction requirement kelvin:min_temperature
[08:36:25] [modloading-worker-0/INFO]: Registering reaction requirement kelvin:max_temperature
[08:36:25] [modloading-worker-0/INFO]: Registering reaction requirement kelvin:min_pressure
[08:36:25] [modloading-worker-0/INFO]: Registering reaction requirement kelvin:max_pressure
[08:36:25] [modloading-worker-0/INFO]: Registering reaction requirement kelvin:inhibited_by
[08:36:25] [modloading-worker-0/INFO]: --- --- ---
[08:36:25] [modloading-worker-0/INFO]: Finished registering gas types. We have 1 gasses registered!
[08:36:25] [modloading-worker-0/INFO]: Kelvin has been initialized.
[08:36:26] [modloading-worker-0/WARN]: Method overwrite conflict for getStructureTransform in vs_clockwork-common.mixins.json:MixinAbstractContraptionEntity, previously written by org.valkyrienskies.mod.mixin.mod_compat.create.entity.MixinAbstractContraptionEntity. Skipping method.
[08:36:28] [modloading-worker-0/INFO]: Registering particle: phys_lightning
[08:36:28] [modloading-worker-0/INFO]: Registering particle: leak
[08:36:28] [modloading-worker-0/INFO]: FFMPEG in JAR | Version: 8.0.1-gpl - Path: libs/ffmpeg-windows.zip
[08:36:28] [modloading-worker-0/INFO]: FFMPEG extracted | Version: 8.0.1-gpl - Path: C:\Users\whosh\AppData\Local\Temp\watermedia\ffmpeg
[08:36:28] [modloading-worker-0/INFO]: FFmpeg already up to date, skipping extraction
[08:36:28] [modloading-worker-0/INFO]: Starting WaterMediaConfig (2/6)
[08:36:29] [modloading-worker-0/INFO]: Starting CodecsAPI (3/6)
[08:36:29] [modloading-worker-0/INFO]: No block-compression codecs available (native BC bindings absent)
[08:36:29] [modloading-worker-0/INFO]: Starting PlatformAPI (4/6)
[08:36:29] [modloading-worker-0/INFO]: Registering supported platforms
[08:36:29] [modloading-worker-0/INFO]: • Registered WaterMedia Internal platform
[08:36:29] [modloading-worker-0/INFO]: • Registered Imgur platform
[08:36:29] [modloading-worker-0/INFO]: • Registered Kick platform
[08:36:29] [modloading-worker-0/INFO]: • Registered Streamable platform
[08:36:29] [modloading-worker-0/INFO]: • Registered Medal platform
[08:36:29] [modloading-worker-0/INFO]: • Registered PornHub platform
[08:36:29] [modloading-worker-0/INFO]: • Registered Lightshot platform
[08:36:29] [modloading-worker-0/INFO]: • Registered Twitch platform
[08:36:29] [modloading-worker-0/INFO]: • Registered Twitter platform
[08:36:29] [modloading-worker-0/INFO]: • Registered Bluesky platform
[08:36:29] [modloading-worker-0/INFO]: • Registered BiliBili platform
[08:36:29] [modloading-worker-0/INFO]: • Registered Google Drive platform
[08:36:29] [modloading-worker-0/INFO]: • Registered Dropbox platform
[08:36:29] [modloading-worker-0/INFO]: • Registered MediaFire platform
[08:36:29] [modloading-worker-0/INFO]: • Registered Sendvid platform
[08:36:29] [modloading-worker-0/INFO]: • Registered Odysee platform
[08:36:29] [modloading-worker-0/INFO]: • Registered VidLii platform
[08:36:29] [modloading-worker-0/INFO]: • Registered TikTok platform
[08:36:29] [modloading-worker-0/INFO]: • Registered D.tube platform
[08:36:29] [modloading-worker-0/INFO]: • Registered yt-dlp platform
[08:36:29] [modloading-worker-0/INFO]: • Registered YouTube platform
[08:36:29] [modloading-worker-0/INFO]: Starting MediaAPI (5/6)
[08:36:29] [modloading-worker-0/INFO]: Starting media network cache
[08:36:29] [modloading-worker-0/INFO]: Media network cache initialized at C:\Users\whosh\AppData\Local\Temp\watermedia\cache (mode=DISK)
[08:36:29] [modloading-worker-0/INFO]: Starting media engines
[08:36:29] [modloading-worker-0/INFO]: Starting FFMPEG...
[08:36:29] [modloading-worker-0/INFO]: Configured JavaCPP bindings with: C:\Users\whosh\AppData\Local\Temp\watermedia\ffmpeg;C:\Users\whosh\AppData\Roaming\ModrinthApp\profiles\Create_ Remastered
[08:36:29] [modloading-worker-0/INFO]: === FFMPEG Build Info ===
[08:36:31] [modloading-worker-0/INFO]: Initialized VSCore on Forge!
[08:36:31] [modloading-worker-0/INFO]: Registered bogey styles from railways
[08:36:32] [modloading-worker-0/INFO]: Registered particle: kelvin:exhaust
[08:36:32] [modloading-worker-0/INFO]: Registering gas type vs_clockwork:exhaust...
[08:36:32] [modloading-worker-0/INFO]: Registered gas type vs_clockwork:exhaust, with properties:
[08:36:32] [modloading-worker-0/INFO]: Density: 1.98 | Viscosity: 1.1E-5 | Specific Heat Capacity: 2.846 | Thermal Conductivity: 0.031
[08:36:32] [modloading-worker-0/INFO]: Sutherland Constant: 111.0 | Adiabatic Index: 1.4
[08:36:32] [modloading-worker-0/INFO]: Icon Location: vs_clockwork:textures/icons/exhaust.png
[08:36:32] [modloading-worker-0/INFO]: Registered particle: kelvin:steam
[08:36:32] [modloading-worker-0/INFO]: Registering gas type vs_clockwork:steam...
[08:36:32] [modloading-worker-0/INFO]: Registered gas type vs_clockwork:steam, with properties:
[08:36:32] [modloading-worker-0/INFO]: Density: 0.762 | Viscosity: 1.223E-5 | Specific Heat Capacity: 2.2 | Thermal Conductivity: 0.031
[08:36:32] [modloading-worker-0/INFO]: Sutherland Constant: 111.0 | Adiabatic Index: 1.4
[08:36:32] [modloading-worker-0/INFO]: Icon Location: vs_clockwork:textures/icons/steam.png
[08:36:32] [modloading-worker-0/INFO]: Registered particle: kelvin:phlogiston
[08:36:32] [modloading-worker-0/INFO]: Registering gas type vs_clockwork:phlogiston...
[08:36:32] [modloading-worker-0/INFO]: Registered gas type vs_clockwork:phlogiston, with properties:
[08:36:32] [modloading-worker-0/INFO]: Density: 3.0 | Viscosity: 2.0E-5 | Specific Heat Capacity: 14.3 | Thermal Conductivity: 0.24
[08:36:32] [modloading-worker-0/INFO]: Sutherland Constant: 150.0 | Adiabatic Index: 1.008
[08:36:32] [modloading-worker-0/INFO]: Icon Location: vs_clockwork:textures/icons/phlogiston.png
[08:36:32] [modloading-worker-0/INFO]: Registered particle: kelvin:aether
[08:36:32] [modloading-worker-0/INFO]: Registering gas type vs_clockwork:aether...
[08:36:32] [modloading-worker-0/INFO]: Registered gas type vs_clockwork:aether, with properties:
[08:36:32] [modloading-worker-0/INFO]: Density: 0.166 | Viscosity: 1.96E-5 | Specific Heat Capacity: 5.1832 | Thermal Conductivity: 0.151
[08:36:32] [modloading-worker-0/INFO]: Sutherland Constant: 79.4 | Adiabatic Index: 1.66
[08:36:32] [modloading-worker-0/INFO]: Icon Location: vs_clockwork:textures/icons/aether.png
[08:36:32] [modloading-worker-0/INFO]: Registered particle: kelvin:stellane
[08:36:32] [modloading-worker-0/INFO]: Registering gas type vs_clockwork:stellane...
[08:36:32] [modloading-worker-0/INFO]: Registered gas type vs_clockwork:stellane, with properties:
[08:36:32] [modloading-worker-0/INFO]: Density: 0.08988 | Viscosity: 8.8E-6 | Specific Heat Capacity: 14.3 | Thermal Conductivity: 0.18
[08:36:32] [modloading-worker-0/INFO]: Sutherland Constant: 72.0 | Adiabatic Index: 1.4
[08:36:32] [modloading-worker-0/INFO]: Icon Location: vs_clockwork:textures/icons/stellane.png
[08:36:32] [modloading-worker-0/INFO]: Registered particle: kelvin:bog
[08:36:32] [modloading-worker-0/INFO]: Registering gas type vs_clockwork:bog...
[08:36:32] [modloading-worker-0/INFO]: Registered gas type vs_clockwork:bog, with properties:
[08:36:32] [modloading-worker-0/INFO]: Density: 0.657 | Viscosity: 1.1E-5 | Specific Heat Capacity: 2.2 | Thermal Conductivity: 0.031
[08:36:32] [modloading-worker-0/INFO]: Sutherland Constant: 90.0 | Adiabatic Index: 16.0
[08:36:32] [modloading-worker-0/INFO]: Icon Location: vs_clockwork:textures/icons/bog.png
[08:36:32] [modloading-worker-0/INFO]: Registered particle: kelvin:vitriol
[08:36:32] [modloading-worker-0/INFO]: Registering gas type vs_clockwork:vitriol...
[08:36:32] [modloading-worker-0/INFO]: Registered gas type vs_clockwork:vitriol, with properties:
[08:36:32] [modloading-worker-0/INFO]: Density: 2.2 | Viscosity: 2.0E-5 | Specific Heat Capacity: 8.0 | Thermal Conductivity: 0.16
[08:36:32] [modloading-worker-0/INFO]: Sutherland Constant: 68.4 | Adiabatic Index: 1.008
[08:36:32] [modloading-worker-0/INFO]: Icon Location: vs_clockwork:textures/icons/vitriol.png
[08:36:32] [modloading-worker-0/INFO]: Registered particle: kelvin:ozonite
[08:36:32] [modloading-worker-0/INFO]: Registering gas type vs_clockwork:ozonite...
[08:36:32] [modloading-worker-0/INFO]: Registered gas type vs_clockwork:ozonite, with properties:
[08:36:32] [modloading-worker-0/INFO]: Density: 1.15 | Viscosity: 7.8E-6 | Specific Heat Capacity: 0.92 | Thermal Conductivity: 0.024
[08:36:32] [modloading-worker-0/INFO]: Sutherland Constant: 127.0 | Adiabatic Index: 1.4
[08:36:32] [modloading-worker-0/INFO]: Icon Location: vs_clockwork:textures/icons/ozonite.png
[08:36:32] [modloading-worker-0/INFO]: Registering data fixers
[08:36:32] [modloading-worker-0/INFO]: Registering callback for create:track_signal in minecraft:block_entity_type
[08:36:32] [modloading-worker-0/INFO]: Registering callback for railways:track_signal_source in create:display_source
[08:36:32] [modloading-worker-0/INFO]: Registering callback for create:copycat in minecraft:block_entity_type
[08:36:32] [modloading-worker-0/INFO]: Registering callback for railways:conductor_vent in minecraft:block
[08:36:32] [modloading-worker-0/INFO]: Registering callback for create:flywheel in minecraft:block_entity_type
[08:36:32] [modloading-worker-0/INFO]: Registering callback for railways:locometal_flywheel in minecraft:block
[08:36:32] [modloading-worker-0/INFO]: Registering callback for create:sliding_door in minecraft:block_entity_type
[08:36:32] [modloading-worker-0/INFO]: Registering callback for railways:sliding_locometal_door in minecraft:block
[08:36:32] [modloading-worker-0/INFO]: Registering callback for create:sliding_door in minecraft:block_entity_type
[08:36:32] [modloading-worker-0/INFO]: Registering callback for railways:folding_locometal_door in minecraft:block
[08:36:32] [modloading-worker-0/INFO]: Registering callback for create:flywheel in minecraft:block_entity_type
[08:36:32] [modloading-worker-0/INFO]: Registering callback for railways:brown_locometal_flywheel in minecraft:block
[08:36:32] [modloading-worker-0/INFO]: Registering callback for create:sliding_door in minecraft:block_entity_type
[08:36:32] [modloading-worker-0/INFO]: Registering callback for railways:brown_sliding_locometal_door in minecraft:block
[08:36:32] [modloading-worker-0/INFO]: Registering callback for create:sliding_door in minecraft:block_entity_type
[08:36:32] [modloading-worker-0/INFO]: Registering callback for railways:brown_folding_locometal_door in minecraft:block
[08:36:32] [modloading-worker-0/INFO]: Registering callback for create:flywheel in minecraft:block_entity_type
[08:36:32] [modloading-worker-0/INFO]: Registering callback for railways:maroon_locometal_flywheel in minecraft:block
[08:36:32] [modloading-worker-0/INFO]: Registering callback for create:sliding_door in minecraft:block_entity_type
[08:36:32] [modloading-worker-0/INFO]: Registering callback for railways:maroon_sliding_locometal_door in minecraft:block
[08:36:32] [modloading-worker-0/INFO]: Registering callback for create:sliding_door in minecraft:block_entity_type
[08:36:32] [modloading-worker-0/INFO]: Registering callback for railways:maroon_folding_locometal_door in minecraft:block
[08:36:32] [modloading-worker-0/INFO]: Registering callback for create:flywheel in minecraft:block_entity_type
[08:36:32] [modloading-worker-0/INFO]: Registering callback for railways:red_locometal_flywheel in minecraft:block
[08:36:32] [modloading-worker-0/INFO]: Registering callback for create:sliding_door in minecraft:block_entity_type
[08:36:32] [modloading-worker-0/INFO]: Registering callback for railways:red_sliding_locometal_door in minecraft:block
[08:36:32] [modloading-worker-0/INFO]: Registering callback for create:sliding_door in minecraft:block_entity_type
[08:36:32] [modloading-worker-0/INFO]: Registering callback for railways:red_folding_locometal_door in minecraft:block
[08:36:32] [modloading-worker-0/INFO]: Registering callback for create:flywheel in minecraft:block_entity_type
[08:36:32] [modloading-worker-0/INFO]: Registering callback for railways:vermilion_locometal_flywheel in minecraft:block
[08:36:32] [modloading-worker-0/INFO]: Registering callback for create:sliding_door in minecraft:block_entity_type
[08:36:32] [modloading-worker-0/INFO]: Registering callback for railways:vermilion_sliding_locometal_door in minecraft:block
[08:36:32] [modloading-worker-0/INFO]: Registering callback for create:sliding_door in minecraft:block_entity_type
[08:36:32] [modloading-worker-0/INFO]: Registering callback for railways:vermilion_folding_locometal_door in minecraft:block
[08:36:32] [modloading-worker-0/INFO]: Registering callback for create:flywheel in minecraft:block_entity_type
[08:36:32] [modloading-worker-0/INFO]: Registering callback for railways:orange_locometal_flywheel in minecraft:block
[08:36:32] [modloading-worker-0/INFO]: Registering callback for create:sliding_door in minecraft:block_entity_type
[08:36:32] [modloading-worker-0/INFO]: Registering callback for railways:orange_sliding_locometal_door in minecraft:block
[08:36:32] [modloading-worker-0/INFO]: Registering callback for create:sliding_door in minecraft:block_entity_type
[08:36:32] [modloading-worker-0/INFO]: Registering callback for railways:orange_folding_locometal_door in minecraft:block
[08:36:32] [modloading-worker-0/INFO]: Registering callback for create:flywheel in minecraft:block_entity_type
[08:36:32] [modloading-worker-0/INFO]: Registering callback for railways:granite_locometal_flywheel in minecraft:block
[08:36:32] [modloading-worker-0/INFO]: Registering callback for create:sliding_door in minecraft:block_entity_type
[08:36:32] [modloading-worker-0/INFO]: Registering callback for railways:granite_sliding_locometal_door in minecraft:block
[08:36:32] [modloading-worker-0/INFO]: Registering callback for create:sliding_door in minecraft:block_entity_type
[08:36:32] [modloading-worker-0/INFO]: Registering callback for railways:granite_folding_locometal_door in minecraft:block
[08:36:32] [modloading-worker-0/INFO]: Registering callback for create:flywheel in minecraft:block_entity_type
[08:36:32] [modloading-worker-0/INFO]: Registering callback for railways:dripstone_locometal_flywheel in minecraft:block
[08:36:32] [modloading-worker-0/INFO]: Registering callback for create:sliding_door in minecraft:block_entity_type
[08:36:32] [modloading-worker-0/INFO]: Registering callback for railways:dripstone_sliding_locometal_door in minecraft:block
[08:36:32] [modloading-worker-0/INFO]: Registering callback for create:sliding_door in minecraft:block_entity_type
[08:36:32] [modloading-worker-0/INFO]: Registering callback for railways:dripstone_folding_locometal_door in minecraft:block
[08:36:32] [modloading-worker-0/INFO]: Registering callback for create:flywheel in minecraft:block_entity_type
[08:36:32] [modloading-worker-0/INFO]: Registering callback for railways:ochrum_locometal_flywheel in minecraft:block
[08:36:32] [modloading-worker-0/INFO]: Registering callback for create:sliding_door in minecraft:block_entity_type
[08:36:32] [modloading-worker-0/INFO]: Registering callback for railways:ochrum_sliding_locometal_door in minecraft:block
[08:36:32] [modloading-worker-0/INFO]: Registering callback for create:sliding_door in minecraft:block_entity_type
[08:36:32] [modloading-worker-0/INFO]: Registering callback for railways:ochrum_folding_locometal_door in minecraft:block
[08:36:32] [modloading-worker-0/INFO]: Registering callback for create:flywheel in minecraft:block_entity_type
[08:36:32] [modloading-worker-0/INFO]: Registering callback for railways:yellow_locometal_flywheel in minecraft:block
[08:36:32] [modloading-worker-0/INFO]: Registering callback for create:sliding_door in minecraft:block_entity_type
[08:36:32] [modloading-worker-0/INFO]: Registering callback for railways:yellow_sliding_locometal_door in minecraft:block
[08:36:32] [modloading-worker-0/INFO]: Registering callback for create:sliding_door in minecraft:block_entity_type
[08:36:32] [modloading-worker-0/INFO]: Registering callback for railways:yellow_folding_locometal_door in minecraft:block
[08:36:32] [modloading-worker-0/INFO]: Registering callback for create:flywheel in minecraft:block_entity_type
[08:36:32] [modloading-worker-0/INFO]: Registering callback for railways:chartreuse_locometal_flywheel in minecraft:block
[08:36:32] [modloading-worker-0/INFO]: Registering callback for create:sliding_door in minecraft:block_entity_type
[08:36:32] [modloading-worker-0/INFO]: Registering callback for railways:chartreuse_sliding_locometal_door in minecraft:block
[08:36:32] [modloading-worker-0/INFO]: Registering callback for create:sliding_door in minecraft:block_entity_type
[08:36:32] [modloading-worker-0/INFO]: Registering callback for railways:chartreuse_folding_locometal_door in minecraft:block
[08:36:32] [modloading-worker-0/INFO]: Registering callback for create:flywheel in minecraft:block_entity_type
[08:36:32] [modloading-worker-0/INFO]: Registering callback for railways:olive_green_locometal_flywheel in minecraft:block
[08:36:32] [modloading-worker-0/INFO]: Registering callback for create:sliding_door in minecraft:block_entity_type
[08:36:32] [modloading-worker-0/INFO]: Registering callback for railways:olive_green_sliding_locometal_door in minecraft:block
[08:36:32] [modloading-worker-0/INFO]: Registering callback for create:sliding_door in minecraft:block_entity_type
[08:36:32] [modloading-worker-0/INFO]: Registering callback for railways:olive_green_folding_locometal_door in minecraft:block
[08:36:32] [modloading-worker-0/INFO]: Registering callback for create:flywheel in minecraft:block_entity_type
[08:36:32] [modloading-worker-0/INFO]: Registering callback for railways:lime_locometal_flywheel in minecraft:block
[08:36:32] [modloading-worker-0/INFO]: Registering callback for create:sliding_door in minecraft:block_entity_type
[08:36:32] [Railways Datafixer Bootstrap/INFO]: 5 Datafixer optimizations took 36 milliseconds
[08:36:32] [modloading-worker-0/INFO]: Registering callback for railways:lime_sliding_locometal_door in minecraft:block
[08:36:32] [modloading-worker-0/INFO]: Registering callback for create:sliding_door in minecraft:block_entity_type
[08:36:32] [modloading-worker-0/INFO]: Registering callback for railways:lime_folding_locometal_door in minecraft:block
[08:36:32] [modloading-worker-0/INFO]: Registering callback for create:flywheel in minecraft:block_entity_type
[08:36:32] [modloading-worker-0/INFO]: Registering callback for railways:green_locometal_flywheel in minecraft:block
[08:36:32] [modloading-worker-0/INFO]: Registering callback for create:sliding_door in minecraft:block_entity_type
[08:36:32] [modloading-worker-0/INFO]: Registering callback for railways:green_sliding_locometal_door in minecraft:block
[08:36:32] [modloading-worker-0/INFO]: Registering callback for create:sliding_door in minecraft:block_entity_type
[08:36:32] [modloading-worker-0/INFO]: Registering callback for railways:green_folding_locometal_door in minecraft:block
[08:36:32] [modloading-worker-0/INFO]: Registering callback for create:flywheel in minecraft:block_entity_type
[08:36:32] [modloading-worker-0/INFO]: Registering callback for railways:pine_green_locometal_flywheel in minecraft:block
[08:36:32] [modloading-worker-0/INFO]: Registering callback for create:sliding_door in minecraft:block_entity_type
[08:36:32] [modloading-worker-0/INFO]: Registering callback for railways:pine_green_sliding_locometal_door in minecraft:block
[08:36:32] [modloading-worker-0/INFO]: Registering callback for create:sliding_door in minecraft:block_entity_type
[08:36:32] [modloading-worker-0/INFO]: Registering callback for railways:pine_green_folding_locometal_door in minecraft:block
[08:36:32] [modloading-worker-0/INFO]: Registering callback for create:flywheel in minecraft:block_entity_type
[08:36:32] [modloading-worker-0/INFO]: Registering callback for railways:cyan_locometal_flywheel in minecraft:block
[08:36:32] [modloading-worker-0/INFO]: Registering callback for create:sliding_door in minecraft:block_entity_type
[08:36:32] [modloading-worker-0/INFO]: Registering callback for railways:cyan_sliding_locometal_door in minecraft:block
[08:36:32] [modloading-worker-0/INFO]: Registering callback for create:sliding_door in minecraft:block_entity_type
[08:36:32] [modloading-worker-0/INFO]: Registering callback for railways:cyan_folding_locometal_door in minecraft:block
[08:36:32] [modloading-worker-0/INFO]: Registering callback for create:flywheel in minecraft:block_entity_type
[08:36:32] [modloading-worker-0/INFO]: Registering callback for railways:sea_green_locometal_flywheel in minecraft:block
[08:36:32] [modloading-worker-0/INFO]: Registering callback for create:sliding_door in minecraft:block_entity_type
[08:36:32] [modloading-worker-0/INFO]: Registering callback for railways:sea_green_sliding_locometal_door in minecraft:block
[08:36:32] [modloading-worker-0/INFO]: Registering callback for create:sliding_door in minecraft:block_entity_type
[08:36:32] [modloading-worker-0/INFO]: Registering callback for railways:sea_green_folding_locometal_door in minecraft:block
[08:36:32] [modloading-worker-0/INFO]: Registering callback for create:flywheel in minecraft:block_entity_type
[08:36:32] [modloading-worker-0/INFO]: Registering callback for railways:turquoise_locometal_flywheel in minecraft:block
[08:36:32] [modloading-worker-0/INFO]: Registering callback for create:sliding_door in minecraft:block_entity_type
[08:36:32] [modloading-worker-0/INFO]: Registering callback for railways:turquoise_sliding_locometal_door in minecraft:block
[08:36:32] [modloading-worker-0/INFO]: Registering callback for create:sliding_door in minecraft:block_entity_type
[08:36:32] [modloading-worker-0/INFO]: Registering callback for railways:turquoise_folding_locometal_door in minecraft:block
[08:36:32] [modloading-worker-0/INFO]: Registering callback for create:flywheel in minecraft:block_entity_type
[08:36:32] [modloading-worker-0/INFO]: Registering callback for railways:light_blue_locometal_flywheel in minecraft:block
[08:36:32] [modloading-worker-0/INFO]: Registering callback for create:sliding_door in minecraft:block_entity_type
[08:36:32] [modloading-worker-0/INFO]: Registering callback for railways:light_blue_sliding_locometal_door in minecraft:block
[08:36:32] [modloading-worker-0/INFO]: Registering callback for create:sliding_door in minecraft:block_entity_type
[08:36:32] [modloading-worker-0/INFO]: Registering callback for railways:light_blue_folding_locometal_door in minecraft:block
[08:36:32] [modloading-worker-0/INFO]: Registering callback for create:flywheel in minecraft:block_entity_type
[08:36:32] [modloading-worker-0/INFO]: Registering callback for railways:blue_locometal_flywheel in minecraft:block
[08:36:32] [modloading-worker-0/INFO]: Registering callback for create:sliding_door in minecraft:block_entity_type
[08:36:32] [modloading-worker-0/INFO]: Registering callback for railways:blue_sliding_locometal_door in minecraft:block
[08:36:32] [modloading-worker-0/INFO]: Registering callback for create:sliding_door in minecraft:block_entity_type
[08:36:32] [modloading-worker-0/INFO]: Registering callback for railways:blue_folding_locometal_door in minecraft:block
[08:36:32] [modloading-worker-0/INFO]: Registering callback for create:flywheel in minecraft:block_entity_type
[08:36:32] [modloading-worker-0/INFO]: Registering callback for railways:royal_blue_locometal_flywheel in minecraft:block
[08:36:32] [modloading-worker-0/INFO]: Registering callback for create:sliding_door in minecraft:block_entity_type
[08:36:32] [modloading-worker-0/INFO]: Registering callback for railways:royal_blue_sliding_locometal_door in minecraft:block
[08:36:32] [modloading-worker-0/INFO]: Registering callback for create:sliding_door in minecraft:block_entity_type
[08:36:32] [modloading-worker-0/INFO]: Registering callback for railways:royal_blue_folding_locometal_door in minecraft:block
[08:36:32] [modloading-worker-0/INFO]: Registering callback for create:flywheel in minecraft:block_entity_type
[08:36:32] [modloading-worker-0/INFO]: Registering callback for railways:purple_locometal_flywheel in minecraft:block
[08:36:32] [modloading-worker-0/INFO]: Registering callback for create:sliding_door in minecraft:block_entity_type
[08:36:32] [modloading-worker-0/INFO]: Registering callback for railways:purple_sliding_locometal_door in minecraft:block
[08:36:32] [modloading-worker-0/INFO]: Registering callback for create:sliding_door in minecraft:block_entity_type
[08:36:32] [modloading-worker-0/INFO]: Registering callback for railways:purple_folding_locometal_door in minecraft:block
[08:36:32] [modloading-worker-0/INFO]: Registering callback for create:flywheel in minecraft:block_entity_type
[08:36:32] [modloading-worker-0/INFO]: Registering callback for railways:magenta_locometal_flywheel in minecraft:block
[08:36:32] [modloading-worker-0/INFO]: Registering callback for create:sliding_door in minecraft:block_entity_type
[08:36:32] [modloading-worker-0/INFO]: Registering callback for railways:magenta_sliding_locometal_door in minecraft:block
[08:36:32] [modloading-worker-0/INFO]: Registering callback for create:sliding_door in minecraft:block_entity_type
[08:36:32] [modloading-worker-0/INFO]: Registering callback for railways:magenta_folding_locometal_door in minecraft:block
[08:36:32] [modloading-worker-0/INFO]: Registering callback for create:flywheel in minecraft:block_entity_type
[08:36:32] [modloading-worker-0/INFO]: Registering callback for railways:pink_locometal_flywheel in minecraft:block
[08:36:32] [modloading-worker-0/INFO]: Registering callback for create:sliding_door in minecraft:block_entity_type
[08:36:32] [modloading-worker-0/INFO]: Registering callback for railways:pink_sliding_locometal_door in minecraft:block
[08:36:32] [modloading-worker-0/INFO]: Registering callback for create:sliding_door in minecraft:block_entity_type
[08:36:32] [modloading-worker-0/INFO]: Registering callback for railways:pink_folding_locometal_door in minecraft:block
[08:36:32] [modloading-worker-0/INFO]: Registering callback for create:flywheel in minecraft:block_entity_type
[08:36:32] [modloading-worker-0/INFO]: Registering callback for railways:white_locometal_flywheel in minecraft:block
[08:36:32] [modloading-worker-0/INFO]: Registering callback for create:sliding_door in minecraft:block_entity_type
[08:36:32] [modloading-worker-0/INFO]: Registering callback for railways:white_sliding_locometal_door in minecraft:block
[08:36:32] [modloading-worker-0/INFO]: Registering callback for create:sliding_door in minecraft:block_entity_type
[08:36:32] [modloading-worker-0/INFO]: Registering callback for railways:white_folding_locometal_door in minecraft:block
[08:36:32] [modloading-worker-0/INFO]: Registering callback for create:flywheel in minecraft:block_entity_type
[08:36:32] [modloading-worker-0/INFO]: Registering callback for railways:diorite_locometal_flywheel in minecraft:block
[08:36:32] [modloading-worker-0/INFO]: Registering callback for create:sliding_door in minecraft:block_entity_type
[08:36:32] [modloading-worker-0/INFO]: Registering callback for railways:diorite_sliding_locometal_door in minecraft:block
[08:36:32] [modloading-worker-0/INFO]: Registering callback for create:sliding_door in minecraft:block_entity_type
[08:36:32] [modloading-worker-0/INFO]: Registering callback for railways:diorite_folding_locometal_door in minecraft:block
[08:36:32] [modloading-worker-0/INFO]: Registering callback for create:flywheel in minecraft:block_entity_type
[08:36:32] [modloading-worker-0/INFO]: Registering callback for railways:limestone_locometal_flywheel in minecraft:block
[08:36:32] [modloading-worker-0/INFO]: Registering callback for create:sliding_door in minecraft:block_entity_type
[08:36:32] [modloading-worker-0/INFO]: Registering callback for railways:limestone_sliding_locometal_door in minecraft:block
[08:36:32] [modloading-worker-0/INFO]: Registering callback for create:sliding_door in minecraft:block_entity_type
[08:36:32] [modloading-worker-0/INFO]: Registering callback for railways:limestone_folding_locometal_door in minecraft:block
[08:36:32] [modloading-worker-0/INFO]: Registering callback for create:flywheel in minecraft:block_entity_type
[08:36:32] [modloading-worker-0/INFO]: Registering callback for railways:light_gray_locometal_flywheel in minecraft:block
[08:36:32] [modloading-worker-0/INFO]: Registering callback for create:sliding_door in minecraft:block_entity_type
[08:36:32] [modloading-worker-0/INFO]: Registering callback for railways:light_gray_sliding_locometal_door in minecraft:block
[08:36:32] [modloading-worker-0/INFO]: Registering callback for create:sliding_door in minecraft:block_entity_type
[08:36:32] [modloading-worker-0/INFO]: Registering callback for railways:light_gray_folding_locometal_door in minecraft:block
[08:36:32] [modloading-worker-0/INFO]: Registering callback for create:flywheel in minecraft:block_entity_type
[08:36:32] [modloading-worker-0/INFO]: Registering callback for railways:tuff_locometal_flywheel in minecraft:block
[08:36:32] [modloading-worker-0/INFO]: Registering callback for create:sliding_door in minecraft:block_entity_type
[08:36:32] [modloading-worker-0/INFO]: Registering callback for railways:tuff_sliding_locometal_door in minecraft:block
[08:36:32] [modloading-worker-0/INFO]: Registering callback for create:sliding_door in minecraft:block_entity_type
[08:36:32] [modloading-worker-0/INFO]: Registering callback for railways:tuff_folding_locometal_door in minecraft:block
[08:36:32] [modloading-worker-0/INFO]: Registering callback for create:flywheel in minecraft:block_entity_type
[08:36:32] [modloading-worker-0/INFO]: Registering callback for railways:gray_locometal_flywheel in minecraft:block
[08:36:32] [modloading-worker-0/INFO]: Registering callback for create:sliding_door in minecraft:block_entity_type
[08:36:32] [modloading-worker-0/INFO]: Registering callback for railways:gray_sliding_locometal_door in minecraft:block
[08:36:32] [modloading-worker-0/INFO]: Registering callback for create:sliding_door in minecraft:block_entity_type
[08:36:32] [modloading-worker-0/INFO]: Registering callback for railways:gray_folding_locometal_door in minecraft:block
[08:36:32] [modloading-worker-0/INFO]: Registering callback for create:flywheel in minecraft:block_entity_type
[08:36:32] [modloading-worker-0/INFO]: Registering callback for railways:scorchia_locometal_flywheel in minecraft:block
[08:36:32] [modloading-worker-0/INFO]: Registering callback for create:sliding_door in minecraft:block_entity_type
[08:36:32] [modloading-worker-0/INFO]: Registering callback for railways:scorchia_sliding_locometal_door in minecraft:block
[08:36:32] [modloading-worker-0/INFO]: Registering callback for create:sliding_door in minecraft:block_entity_type
[08:36:32] [modloading-worker-0/INFO]: Registering callback for railways:scorchia_folding_locometal_door in minecraft:block
[08:36:32] [modloading-worker-0/INFO]: Registering callback for create:flywheel in minecraft:block_entity_type
[08:36:32] [modloading-worker-0/INFO]: Registering callback for railways:black_locometal_flywheel in minecraft:block
[08:36:32] [modloading-worker-0/INFO]: Registering callback for create:sliding_door in minecraft:block_entity_type
[08:36:32] [modloading-worker-0/INFO]: Registering callback for railways:black_sliding_locometal_door in minecraft:block
[08:36:32] [modloading-worker-0/INFO]: Registering callback for create:sliding_door in minecraft:block_entity_type
[08:36:32] [modloading-worker-0/INFO]: Registering callback for railways:black_folding_locometal_door in minecraft:block
[08:36:32] [modloading-worker-0/INFO]: Registering tracks for Hex Casting
[08:36:32] [modloading-worker-0/INFO]: Registering tracks for Oh The Biomes You'll Go
[08:36:32] [modloading-worker-0/INFO]: Registering tracks for Blue Skies
[08:36:32] [modloading-worker-0/INFO]: Registering tracks for Twilight Forest
[08:36:32] [modloading-worker-0/INFO]: Registering tracks for Biomes O' Plenty
[08:36:32] [modloading-worker-0/INFO]: Registering tracks for Nature's Spirit
[08:36:32] [modloading-worker-0/INFO]: Registering tracks for Dreams and Desires
[08:36:32] [modloading-worker-0/INFO]: Registering tracks for Quark
[08:36:32] [modloading-worker-0/INFO]: Registering tracks for TerraFirmaCraft
[08:37:04] [modloading-worker-0/INFO]: • avformat: 4064100
[08:37:04] [modloading-worker-0/INFO]: • avcodec:  4066148
[08:37:04] [modloading-worker-0/INFO]: • avutil:   3934308
[08:37:05] [modloading-worker-0/INFO]: • swscale:  590180
[08:37:05] [modloading-worker-0/INFO]: • swresample: 393572
[08:37:05] [modloading-worker-0/INFO]: Configuration: --prefix=.. --disable-iconv --disable-opencl --disable-sdl2 --disable-bzlib --disable-lzma --disable-linux-perf --disable-xlib --enable-shared --enable-version3 --enable-runtime-cpudetect --enable-zlib --enable-libmp3lame --enable-libspeex --enable-libopencore-amrnb --enable-libopencore-amrwb --enable-libvo-amrwbenc --enable-openssl --enable-libopenh264 --enable-libvpx --enable-libfreetype --enable-libharfbuzz --enable-libopus --enable-libxml2 --enable-libsrt --enable-libwebp --enable-libaom --enable-libsvtav1 --enable-libzimg --enable-gpl --enable-version3 --enable-libx264 --enable-libx265 --enable-vulkan --enable-hwaccel=h264_vulkan --enable-hwaccel=hevc_vulkan --enable-hwaccel=av1_vulkan --enable-cuda --enable-cuvid --enable-nvenc --enable-libmfx --enable-w32threads --enable-indev=dshow --target-os=mingw32 --cc='gcc -m64' --extra-cflags='-DLIBXML_STATIC -I../include/ -I../include/libxml2 -I../include/mfx/ -I../include/svt-av1' --extra-ldflags=-L../lib/ --extra-libs='-static-libgcc -static-libstdc++ -Wl,-Bstatic -lstdc++ -lgcc_eh -lWs2_32 -lcrypt32 -lpthread -lz -lm -Wl,-Bdynamic -lole32 -luuid'
[08:37:05] [modloading-worker-0/INFO]: Hardware Acceleration:
[08:37:05] [modloading-worker-0/INFO]: • cuda
[08:37:05] [modloading-worker-0/INFO]: • dxva2
[08:37:05] [modloading-worker-0/INFO]: • qsv
[08:37:05] [modloading-worker-0/INFO]: • d3d11va
[08:37:05] [modloading-worker-0/INFO]: • vulkan
[08:37:05] [modloading-worker-0/INFO]: • d3d12va
[08:37:05] [modloading-worker-0/INFO]: Vulkan hardware decode: available (zero-copy GPU import needs AVVkFrame JNI, absent here — software decode + host-import is used)
[08:37:05] [modloading-worker-0/INFO]: FFMPEG started, running version 4064100 under GPL version 3 or later
[08:37:05] [modloading-worker-0/INFO]: Starting NetworkAPI (6/6)
[08:37:05] [modloading-worker-0/INFO]: Network server is NOT enabled on this environment
[08:37:05] [modloading-worker-0/INFO]: WaterMedia initialized successfully
[08:37:11] [Render thread/WARN]: Found block type with duplicate id (minecraft:oak), skipping
[08:37:12] [Render thread/INFO]: Transformed net/minecraft/client/gui/components/PlayerTabOverlay with [customskinloader:render-patch]
[08:37:12] [Render thread/INFO]: Transformed ModLauncher target net/minecraft/client/gui/components/PlayerTabOverlay with [customskinloader:render-patch]
[08:37:13] [Render thread/INFO]: Running callback for create:flywheel and railways:locometal_flywheel
[08:37:13] [Render thread/INFO]: Running callback for create:flywheel and railways:brown_locometal_flywheel
[08:37:13] [Render thread/INFO]: Running callback for create:flywheel and railways:maroon_locometal_flywheel
[08:37:13] [Render thread/INFO]: Running callback for create:flywheel and railways:red_locometal_flywheel
[08:37:13] [Render thread/INFO]: Running callback for create:flywheel and railways:vermilion_locometal_flywheel
[08:37:13] [Render thread/INFO]: Running callback for create:flywheel and railways:orange_locometal_flywheel
[08:37:13] [Render thread/INFO]: Running callback for create:flywheel and railways:granite_locometal_flywheel
[08:37:13] [Render thread/INFO]: Running callback for create:flywheel and railways:dripstone_locometal_flywheel
[08:37:13] [Render thread/INFO]: Running callback for create:flywheel and railways:ochrum_locometal_flywheel
[08:37:13] [Render thread/INFO]: Running callback for create:flywheel and railways:yellow_locometal_flywheel
[08:37:13] [Render thread/INFO]: Running callback for create:flywheel and railways:chartreuse_locometal_flywheel
[08:37:13] [Render thread/INFO]: Running callback for create:flywheel and railways:olive_green_locometal_flywheel
[08:37:13] [Render thread/INFO]: Running callback for create:flywheel and railways:lime_locometal_flywheel
[08:37:13] [Render thread/INFO]: Running callback for create:flywheel and railways:green_locometal_flywheel
[08:37:13] [Render thread/INFO]: Running callback for create:flywheel and railways:pine_green_locometal_flywheel
[08:37:13] [Render thread/INFO]: Running callback for create:flywheel and railways:cyan_locometal_flywheel
[08:37:13] [Render thread/INFO]: Running callback for create:flywheel and railways:sea_green_locometal_flywheel
[08:37:13] [Render thread/INFO]: Running callback for create:flywheel and railways:turquoise_locometal_flywheel
[08:37:13] [Render thread/INFO]: Running callback for create:flywheel and railways:light_blue_locometal_flywheel
[08:37:13] [Render thread/INFO]: Running callback for create:flywheel and railways:blue_locometal_flywheel
[08:37:13] [Render thread/INFO]: Running callback for create:flywheel and railways:royal_blue_locometal_flywheel
[08:37:13] [Render thread/INFO]: Running callback for create:flywheel and railways:purple_locometal_flywheel
[08:37:13] [Render thread/INFO]: Running callback for create:flywheel and railways:magenta_locometal_flywheel
[08:37:13] [Render thread/INFO]: Running callback for create:flywheel and railways:pink_locometal_flywheel
[08:37:13] [Render thread/INFO]: Running callback for create:flywheel and railways:white_locometal_flywheel
[08:37:13] [Render thread/INFO]: Running callback for create:flywheel and railways:diorite_locometal_flywheel
[08:37:13] [Render thread/INFO]: Running callback for create:flywheel and railways:limestone_locometal_flywheel
[08:37:13] [Render thread/INFO]: Running callback for create:flywheel and railways:light_gray_locometal_flywheel
[08:37:13] [Render thread/INFO]: Running callback for create:flywheel and railways:tuff_locometal_flywheel
[08:37:13] [Render thread/INFO]: Running callback for create:flywheel and railways:gray_locometal_flywheel
[08:37:13] [Render thread/INFO]: Running callback for create:flywheel and railways:scorchia_locometal_flywheel
[08:37:13] [Render thread/INFO]: Running callback for create:flywheel and railways:black_locometal_flywheel
[08:37:13] [Render thread/INFO]: Running callback for create:sliding_door and railways:sliding_locometal_door
[08:37:13] [Render thread/INFO]: Running callback for create:sliding_door and railways:folding_locometal_door
[08:37:13] [Render thread/INFO]: Running callback for create:sliding_door and railways:brown_sliding_locometal_door
[08:37:13] [Render thread/INFO]: Running callback for create:sliding_door and railways:brown_folding_locometal_door
[08:37:13] [Render thread/INFO]: Running callback for create:sliding_door and railways:maroon_sliding_locometal_door
[08:37:13] [Render thread/INFO]: Running callback for create:sliding_door and railways:maroon_folding_locometal_door
[08:37:13] [Render thread/INFO]: Running callback for create:sliding_door and railways:red_sliding_locometal_door
[08:37:13] [Render thread/INFO]: Running callback for create:sliding_door and railways:red_folding_locometal_door
[08:37:13] [Render thread/INFO]: Running callback for create:sliding_door and railways:vermilion_sliding_locometal_door
[08:37:13] [Render thread/INFO]: Running callback for create:sliding_door and railways:vermilion_folding_locometal_door
[08:37:13] [Render thread/INFO]: Running callback for create:sliding_door and railways:orange_sliding_locometal_door
[08:37:13] [Render thread/INFO]: Running callback for create:sliding_door and railways:orange_folding_locometal_door
[08:37:13] [Render thread/INFO]: Running callback for create:sliding_door and railways:granite_sliding_locometal_door
[08:37:13] [Render thread/INFO]: Running callback for create:sliding_door and railways:granite_folding_locometal_door
[08:37:13] [Render thread/INFO]: Running callback for create:sliding_door and railways:dripstone_sliding_locometal_door
[08:37:13] [Render thread/INFO]: Running callback for create:sliding_door and railways:dripstone_folding_locometal_door
[08:37:13] [Render thread/INFO]: Running callback for create:sliding_door and railways:ochrum_sliding_locometal_door
[08:37:13] [Render thread/INFO]: Running callback for create:sliding_door and railways:ochrum_folding_locometal_door
[08:37:13] [Render thread/INFO]: Running callback for create:sliding_door and railways:yellow_sliding_locometal_door
[08:37:13] [Render thread/INFO]: Running callback for create:sliding_door and railways:yellow_folding_locometal_door
[08:37:13] [Render thread/INFO]: Running callback for create:sliding_door and railways:chartreuse_sliding_locometal_door
[08:37:13] [Render thread/INFO]: Running callback for create:sliding_door and railways:chartreuse_folding_locometal_door
[08:37:13] [Render thread/INFO]: Running callback for create:sliding_door and railways:olive_green_sliding_locometal_door
[08:37:13] [Render thread/INFO]: Running callback for create:sliding_door and railways:olive_green_folding_locometal_door
[08:37:13] [Render thread/INFO]: Running callback for create:sliding_door and railways:lime_sliding_locometal_door
[08:37:13] [Render thread/INFO]: Running callback for create:sliding_door and railways:lime_folding_locometal_door
[08:37:13] [Render thread/INFO]: Running callback for create:sliding_door and railways:green_sliding_locometal_door
[08:37:13] [Render thread/INFO]: Running callback for create:sliding_door and railways:green_folding_locometal_door
[08:37:13] [Render thread/INFO]: Running callback for create:sliding_door and railways:pine_green_sliding_locometal_door
[08:37:13] [Render thread/INFO]: Running callback for create:sliding_door and railways:pine_green_folding_locometal_door
[08:37:13] [Render thread/INFO]: Running callback for create:sliding_door and railways:cyan_sliding_locometal_door
[08:37:13] [Render thread/INFO]: Running callback for create:sliding_door and railways:cyan_folding_locometal_door
[08:37:13] [Render thread/INFO]: Running callback for create:sliding_door and railways:sea_green_sliding_locometal_door
[08:37:13] [Render thread/INFO]: Running callback for create:sliding_door and railways:sea_green_folding_locometal_door
[08:37:13] [Render thread/INFO]: Running callback for create:sliding_door and railways:turquoise_sliding_locometal_door
[08:37:13] [Render thread/INFO]: Running callback for create:sliding_door and railways:turquoise_folding_locometal_door
[08:37:13] [Render thread/INFO]: Running callback for create:sliding_door and railways:light_blue_sliding_locometal_door
[08:37:13] [Render thread/INFO]: Running callback for create:sliding_door and railways:light_blue_folding_locometal_door
[08:37:13] [Render thread/INFO]: Running callback for create:sliding_door and railways:blue_sliding_locometal_door
[08:37:13] [Render thread/INFO]: Running callback for create:sliding_door and railways:blue_folding_locometal_door
[08:37:13] [Render thread/INFO]: Running callback for create:sliding_door and railways:royal_blue_sliding_locometal_door
[08:37:13] [Render thread/INFO]: Running callback for create:sliding_door and railways:royal_blue_folding_locometal_door
[08:37:13] [Render thread/INFO]: Running callback for create:sliding_door and railways:purple_sliding_locometal_door
[08:37:13] [Render thread/INFO]: Running callback for create:sliding_door and railways:purple_folding_locometal_door
[08:37:13] [Render thread/INFO]: Running callback for create:sliding_door and railways:magenta_sliding_locometal_door
[08:37:13] [Render thread/INFO]: Running callback for create:sliding_door and railways:magenta_folding_locometal_door
[08:37:13] [Render thread/INFO]: Running callback for create:sliding_door and railways:pink_sliding_locometal_door
[08:37:13] [Render thread/INFO]: Running callback for create:sliding_door and railways:pink_folding_locometal_door
[08:37:13] [Render thread/INFO]: Running callback for create:sliding_door and railways:white_sliding_locometal_door
[08:37:13] [Render thread/INFO]: Running callback for create:sliding_door and railways:white_folding_locometal_door
[08:37:13] [Render thread/INFO]: Running callback for create:sliding_door and railways:diorite_sliding_locometal_door
[08:37:13] [Render thread/INFO]: Running callback for create:sliding_door and railways:diorite_folding_locometal_door
[08:37:13] [Render thread/INFO]: Running callback for create:sliding_door and railways:limestone_sliding_locometal_door
[08:37:13] [Render thread/INFO]: Running callback for create:sliding_door and railways:limestone_folding_locometal_door
[08:37:13] [Render thread/INFO]: Running callback for create:sliding_door and railways:light_gray_sliding_locometal_door
[08:37:13] [Render thread/INFO]: Running callback for create:sliding_door and railways:light_gray_folding_locometal_door
[08:37:13] [Render thread/INFO]: Running callback for create:sliding_door and railways:tuff_sliding_locometal_door
[08:37:13] [Render thread/INFO]: Running callback for create:sliding_door and railways:tuff_folding_locometal_door
[08:37:13] [Render thread/INFO]: Running callback for create:sliding_door and railways:gray_sliding_locometal_door
[08:37:13] [Render thread/INFO]: Running callback for create:sliding_door and railways:gray_folding_locometal_door
[08:37:13] [Render thread/INFO]: Running callback for create:sliding_door and railways:scorchia_sliding_locometal_door
[08:37:13] [Render thread/INFO]: Running callback for create:sliding_door and railways:scorchia_folding_locometal_door
[08:37:13] [Render thread/INFO]: Running callback for create:sliding_door and railways:black_sliding_locometal_door
[08:37:13] [Render thread/INFO]: Running callback for create:sliding_door and railways:black_folding_locometal_door
[08:37:13] [Render thread/INFO]: Running callback for create:copycat and railways:conductor_vent
[08:37:14] [Render thread/INFO]: Running callback for create:track_signal and railways:track_signal_source
[08:37:14] [Render thread/INFO]: Running finalizers
[08:37:15] [Render thread/WARN]: Missing metadata in pack file/RealmCraft-1.20.1-Photorealistic.zip
[08:37:15] [Render thread/INFO]: Transformed net/minecraft/client/resources/SkinManager with [customskinloader:skin-manager-patch]
[08:37:15] [Render thread/INFO]: Transformed ModLauncher target net/minecraft/client/resources/SkinManager with [customskinloader:skin-manager-patch]
[08:37:15] [Render thread/INFO]: Transformed net/minecraft/client/renderer/texture/HttpTexture with [customskinloader:skin-texture-patch]
[08:37:15] [Render thread/INFO]: Transformed ModLauncher target net/minecraft/client/renderer/texture/HttpTexture with [customskinloader:skin-texture-patch]
[08:37:16] [Render thread/INFO]: Transformed net/minecraft/server/packs/resources/Resource with [customskinloader:interface-patch]
[08:37:16] [Render thread/INFO]: Transformed ModLauncher target net/minecraft/server/packs/resources/Resource with [customskinloader:interface-patch]
[08:37:22] [Render thread/INFO]: Hardware information:
[08:37:22] [Render thread/INFO]: CPU: 12x 12th Gen Intel(R) Core(TM) i5-1235U
[08:37:22] [Render thread/INFO]: GPU: Intel(R) Iris(R) Xe Graphics (Supports OpenGL 4.6.0 - Build 32.0.101.7085)
[08:37:22] [Render thread/INFO]: OS: Windows 11 (10.0)
[08:37:22] [Render thread/WARN]: Mod(s) [oculus] are modifying Embeddium class me.jellysquid.mods.sodium.client.render.vertex.VertexFormatDescriptionImpl, which may cause instability.
[08:37:22] [Render thread/WARN]: Mod(s) [oculus] are modifying Embeddium class me.jellysquid.mods.sodium.client.render.vertex.buffer.SodiumBufferBuilder, which may cause instability.
[08:37:22] [Render thread/WARN]: Mod(s) [valkyrienskies, oculus] are modifying Embeddium class me.jellysquid.mods.sodium.client.render.SodiumWorldRenderer, which may cause instability.
[08:37:23] [Render thread/INFO]: Registering Kelvin default particle providers...
[08:37:23] [Render thread/INFO]: Registered particle provider: kelvin:ozonite
[08:37:23] [Render thread/WARN]: Something is attempting to register particle providers at a later point than intended! This might cause issues!
java.lang.Throwable: null
	at dev.architectury.registry.client.particle.forge.ParticleProviderRegistryImpl.register(ParticleProviderRegistryImpl.java:101) ~[architectury-forge-9.1.12.jar%23313!/:?]
	at dev.architectury.registry.client.particle.ParticleProviderRegistry.register(ParticleProviderRegistry.java) ~[architectury-forge-9.1.12.jar%23313!/:?]
	at org.valkyrienskies.kelvin.KelvinParticles$KelvinClientParticles.registerDefaultParticle(KelvinParticles.java:34) ~[kelvin-forge-1.20.1-0.5.0+5c1c62c654.jar%23304!/:?]
	at org.valkyrienskies.kelvin.KelvinParticles$KelvinClientParticles.init(KelvinParticles.java:40) ~[kelvin-forge-1.20.1-0.5.0+5c1c62c654.jar%23304!/:?]
	at org.valkyrienskies.kelvin.forge.KelvinModForge.lambda$3$lambda$2$lambda$1(KelvinModForge.kt:34) ~[kelvin-forge-1.20.1-0.5.0+5c1c62c654.jar%23304!/:?]
	at net.minecraftforge.eventbus.EventBus.doCastFilter(EventBus.java:267) ~[eventbus-6.2.33.jar%23139!/:?]
	at net.minecraftforge.eventbus.EventBus.lambda$addListener$4(EventBus.java:258) ~[eventbus-6.2.33.jar%23139!/:?]
	at net.minecraftforge.eventbus.EventBus.post(EventBus.java:312) ~[eventbus-6.2.33.jar%23139!/:?]
	at net.minecraftforge.eventbus.EventBus.post(EventBus.java:298) ~[eventbus-6.2.33.jar%23139!/:?]
	at thedarkcolour.kotlinforforge.KotlinModContainer.acceptEvent(KotlinModContainer.kt:91) ~[kfflang-4.12.0.jar%23311!/:4.12.0]
	at net.minecraftforge.fml.ModLoader.lambda$postEvent$29(ModLoader.java:326) ~[fmlcore-1.20.1-47.4.20.jar%23230!/:?]
	at java.lang.Iterable.forEach(Unknown Source) ~[?:?]
	at net.minecraftforge.fml.ModList.forEachModInOrder(ModList.java:227) ~[fmlcore-1.20.1-47.4.20.jar%23230!/:?]
	at net.minecraftforge.fml.ModLoader.postEvent(ModLoader.java:326) ~[fmlcore-1.20.1-47.4.20.jar%23230!/:?]
	at net.minecraftforge.client.ForgeHooksClient.onRegisterParticleProviders(ForgeHooksClient.java:953) ~[forge-1.20.1-47.4.20-universal.jar%23234!/:?]
	at net.minecraft.client.Minecraft.<init>(Minecraft.java:512) ~[client-1.20.1-20230612.114412-srg.jar%23229!/:?]
	at net.minecraft.client.main.Main.main(Main.java:182) ~[1.20.1-47.4.20.jar:?]
	at jdk.internal.reflect.NativeMethodAccessorImpl.invoke0(Native Method) ~[?:?]
	at jdk.internal.reflect.NativeMethodAccessorImpl.invoke(Unknown Source) ~[?:?]
	at jdk.internal.reflect.DelegatingMethodAccessorImpl.invoke(Unknown Source) ~[?:?]
	at java.lang.reflect.Method.invoke(Unknown Source) ~[?:?]
	at net.minecraftforge.fml.loading.targets.CommonLaunchHandler.runTarget(CommonLaunchHandler.java:111) ~[fmlloader-1.20.1-47.4.20.jar:?]
	at net.minecraftforge.fml.loading.targets.CommonLaunchHandler.clientService(CommonLaunchHandler.java:99) ~[fmlloader-1.20.1-47.4.20.jar:?]
	at net.minecraftforge.fml.loading.targets.CommonClientLaunchHandler.lambda$makeService$0(CommonClientLaunchHandler.java:25) ~[fmlloader-1.20.1-47.4.20.jar:?]
	at cpw.mods.modlauncher.LaunchServiceHandlerDecorator.launch(LaunchServiceHandlerDecorator.java:30) ~[modlauncher-10.0.9.jar:?]
	at cpw.mods.modlauncher.LaunchServiceHandler.launch(LaunchServiceHandler.java:53) ~[modlauncher-10.0.9.jar:?]
	at cpw.mods.modlauncher.LaunchServiceHandler.launch(LaunchServiceHandler.java:71) ~[modlauncher-10.0.9.jar:?]
	at cpw.mods.modlauncher.Launcher.run(Launcher.java:108) ~[modlauncher-10.0.9.jar:?]
	at cpw.mods.modlauncher.Launcher.main(Launcher.java:78) ~[modlauncher-10.0.9.jar:?]
	at cpw.mods.modlauncher.BootstrapLaunchConsumer.accept(BootstrapLaunchConsumer.java:26) ~[modlauncher-10.0.9.jar:?]
	at cpw.mods.modlauncher.BootstrapLaunchConsumer.accept(BootstrapLaunchConsumer.java:23) ~[modlauncher-10.0.9.jar:?]
	at cpw.mods.bootstraplauncher.BootstrapLauncher.main(BootstrapLauncher.java:141) ~[bootstraplauncher-1.1.2.jar:?]
	at jdk.internal.reflect.NativeMethodAccessorImpl.invoke0(Native Method) ~[?:?]
	at jdk.internal.reflect.NativeMethodAccessorImpl.invoke(Unknown Source) ~[?:?]
	at jdk.internal.reflect.DelegatingMethodAccessorImpl.invoke(Unknown Source) ~[?:?]
	at java.lang.reflect.Method.invoke(Unknown Source) ~[?:?]
	at com.modrinth.theseus.MinecraftLaunch.relaunch(MinecraftLaunch.java:63) ~[theseus.jar%2386!/:?]
	at com.modrinth.theseus.MinecraftLaunch.main(MinecraftLaunch.java:28) ~[theseus.jar%2386!/:?]
[08:37:23] [Render thread/INFO]: Registered particle provider: kelvin:ozonite
[08:37:23] [Render thread/INFO]: Registered particle provider: kelvin:vitriol
[08:37:23] [Render thread/WARN]: Something is attempting to register particle providers at a later point than intended! This might cause issues!
java.lang.Throwable: null
	at dev.architectury.registry.client.particle.forge.ParticleProviderRegistryImpl.register(ParticleProviderRegistryImpl.java:101) ~[architectury-forge-9.1.12.jar%23313!/:?]
	at dev.architectury.registry.client.particle.ParticleProviderRegistry.register(ParticleProviderRegistry.java) ~[architectury-forge-9.1.12.jar%23313!/:?]
	at org.valkyrienskies.kelvin.KelvinParticles$KelvinClientParticles.registerDefaultParticle(KelvinParticles.java:34) ~[kelvin-forge-1.20.1-0.5.0+5c1c62c654.jar%23304!/:?]
	at org.valkyrienskies.kelvin.KelvinParticles$KelvinClientParticles.init(KelvinParticles.java:40) ~[kelvin-forge-1.20.1-0.5.0+5c1c62c654.jar%23304!/:?]
	at org.valkyrienskies.kelvin.forge.KelvinModForge.lambda$3$lambda$2$lambda$1(KelvinModForge.kt:34) ~[kelvin-forge-1.20.1-0.5.0+5c1c62c654.jar%23304!/:?]
	at net.minecraftforge.eventbus.EventBus.doCastFilter(EventBus.java:267) ~[eventbus-6.2.33.jar%23139!/:?]
	at net.minecraftforge.eventbus.EventBus.lambda$addListener$4(EventBus.java:258) ~[eventbus-6.2.33.jar%23139!/:?]
	at net.minecraftforge.eventbus.EventBus.post(EventBus.java:312) ~[eventbus-6.2.33.jar%23139!/:?]
	at net.minecraftforge.eventbus.EventBus.post(EventBus.java:298) ~[eventbus-6.2.33.jar%23139!/:?]
	at thedarkcolour.kotlinforforge.KotlinModContainer.acceptEvent(KotlinModContainer.kt:91) ~[kfflang-4.12.0.jar%23311!/:4.12.0]
	at net.minecraftforge.fml.ModLoader.lambda$postEvent$29(ModLoader.java:326) ~[fmlcore-1.20.1-47.4.20.jar%23230!/:?]
	at java.lang.Iterable.forEach(Unknown Source) ~[?:?]
	at net.minecraftforge.fml.ModList.forEachModInOrder(ModList.java:227) ~[fmlcore-1.20.1-47.4.20.jar%23230!/:?]
	at net.minecraftforge.fml.ModLoader.postEvent(ModLoader.java:326) ~[fmlcore-1.20.1-47.4.20.jar%23230!/:?]
	at net.minecraftforge.client.ForgeHooksClient.onRegisterParticleProviders(ForgeHooksClient.java:953) ~[forge-1.20.1-47.4.20-universal.jar%23234!/:?]
	at net.minecraft.client.Minecraft.<init>(Minecraft.java:512) ~[client-1.20.1-20230612.114412-srg.jar%23229!/:?]
	at net.minecraft.client.main.Main.main(Main.java:182) ~[1.20.1-47.4.20.jar:?]
	at jdk.internal.reflect.NativeMethodAccessorImpl.invoke0(Native Method) ~[?:?]
	at jdk.internal.reflect.NativeMethodAccessorImpl.invoke(Unknown Source) ~[?:?]
	at jdk.internal.reflect.DelegatingMethodAccessorImpl.invoke(Unknown Source) ~[?:?]
	at java.lang.reflect.Method.invoke(Unknown Source) ~[?:?]
	at net.minecraftforge.fml.loading.targets.CommonLaunchHandler.runTarget(CommonLaunchHandler.java:111) ~[fmlloader-1.20.1-47.4.20.jar:?]
	at net.minecraftforge.fml.loading.targets.CommonLaunchHandler.clientService(CommonLaunchHandler.java:99) ~[fmlloader-1.20.1-47.4.20.jar:?]
	at net.minecraftforge.fml.loading.targets.CommonClientLaunchHandler.lambda$makeService$0(CommonClientLaunchHandler.java:25) ~[fmlloader-1.20.1-47.4.20.jar:?]
	at cpw.mods.modlauncher.LaunchServiceHandlerDecorator.launch(LaunchServiceHandlerDecorator.java:30) ~[modlauncher-10.0.9.jar:?]
	at cpw.mods.modlauncher.LaunchServiceHandler.launch(LaunchServiceHandler.java:53) ~[modlauncher-10.0.9.jar:?]
	at cpw.mods.modlauncher.LaunchServiceHandler.launch(LaunchServiceHandler.java:71) ~[modlauncher-10.0.9.jar:?]
	at cpw.mods.modlauncher.Launcher.run(Launcher.java:108) ~[modlauncher-10.0.9.jar:?]
	at cpw.mods.modlauncher.Launcher.main(Launcher.java:78) ~[modlauncher-10.0.9.jar:?]
	at cpw.mods.modlauncher.BootstrapLaunchConsumer.accept(BootstrapLaunchConsumer.java:26) ~[modlauncher-10.0.9.jar:?]
	at cpw.mods.modlauncher.BootstrapLaunchConsumer.accept(BootstrapLaunchConsumer.java:23) ~[modlauncher-10.0.9.jar:?]
	at cpw.mods.bootstraplauncher.BootstrapLauncher.main(BootstrapLauncher.java:141) ~[bootstraplauncher-1.1.2.jar:?]
	at jdk.internal.reflect.NativeMethodAccessorImpl.invoke0(Native Method) ~[?:?]
	at jdk.internal.reflect.NativeMethodAccessorImpl.invoke(Unknown Source) ~[?:?]
	at jdk.internal.reflect.DelegatingMethodAccessorImpl.invoke(Unknown Source) ~[?:?]
	at java.lang.reflect.Method.invoke(Unknown Source) ~[?:?]
	at com.modrinth.theseus.MinecraftLaunch.relaunch(MinecraftLaunch.java:63) ~[theseus.jar%2386!/:?]
	at com.modrinth.theseus.MinecraftLaunch.main(MinecraftLaunch.java:28) ~[theseus.jar%2386!/:?]
[08:37:23] [Render thread/INFO]: Registered particle provider: kelvin:vitriol
[08:37:23] [Render thread/INFO]: Registered particle provider: kelvin:steam
[08:37:23] [Render thread/WARN]: Something is attempting to register particle providers at a later point than intended! This might cause issues!
java.lang.Throwable: null
	at dev.architectury.registry.client.particle.forge.ParticleProviderRegistryImpl.register(ParticleProviderRegistryImpl.java:101) ~[architectury-forge-9.1.12.jar%23313!/:?]
	at dev.architectury.registry.client.particle.ParticleProviderRegistry.register(ParticleProviderRegistry.java) ~[architectury-forge-9.1.12.jar%23313!/:?]
	at org.valkyrienskies.kelvin.KelvinParticles$KelvinClientParticles.registerDefaultParticle(KelvinParticles.java:34) ~[kelvin-forge-1.20.1-0.5.0+5c1c62c654.jar%23304!/:?]
	at org.valkyrienskies.kelvin.KelvinParticles$KelvinClientParticles.init(KelvinParticles.java:40) ~[kelvin-forge-1.20.1-0.5.0+5c1c62c654.jar%23304!/:?]
	at org.valkyrienskies.kelvin.forge.KelvinModForge.lambda$3$lambda$2$lambda$1(KelvinModForge.kt:34) ~[kelvin-forge-1.20.1-0.5.0+5c1c62c654.jar%23304!/:?]
	at net.minecraftforge.eventbus.EventBus.doCastFilter(EventBus.java:267) ~[eventbus-6.2.33.jar%23139!/:?]
	at net.minecraftforge.eventbus.EventBus.lambda$addListener$4(EventBus.java:258) ~[eventbus-6.2.33.jar%23139!/:?]
	at net.minecraftforge.eventbus.EventBus.post(EventBus.java:312) ~[eventbus-6.2.33.jar%23139!/:?]
	at net.minecraftforge.eventbus.EventBus.post(EventBus.java:298) ~[eventbus-6.2.33.jar%23139!/:?]
	at thedarkcolour.kotlinforforge.KotlinModContainer.acceptEvent(KotlinModContainer.kt:91) ~[kfflang-4.12.0.jar%23311!/:4.12.0]
	at net.minecraftforge.fml.ModLoader.lambda$postEvent$29(ModLoader.java:326) ~[fmlcore-1.20.1-47.4.20.jar%23230!/:?]
	at java.lang.Iterable.forEach(Unknown Source) ~[?:?]
	at net.minecraftforge.fml.ModList.forEachModInOrder(ModList.java:227) ~[fmlcore-1.20.1-47.4.20.jar%23230!/:?]
	at net.minecraftforge.fml.ModLoader.postEvent(ModLoader.java:326) ~[fmlcore-1.20.1-47.4.20.jar%23230!/:?]
	at net.minecraftforge.client.ForgeHooksClient.onRegisterParticleProviders(ForgeHooksClient.java:953) ~[forge-1.20.1-47.4.20-universal.jar%23234!/:?]
	at net.minecraft.client.Minecraft.<init>(Minecraft.java:512) ~[client-1.20.1-20230612.114412-srg.jar%23229!/:?]
	at net.minecraft.client.main.Main.main(Main.java:182) ~[1.20.1-47.4.20.jar:?]
	at jdk.internal.reflect.NativeMethodAccessorImpl.invoke0(Native Method) ~[?:?]
	at jdk.internal.reflect.NativeMethodAccessorImpl.invoke(Unknown Source) ~[?:?]
	at jdk.internal.reflect.DelegatingMethodAccessorImpl.invoke(Unknown Source) ~[?:?]
	at java.lang.reflect.Method.invoke(Unknown Source) ~[?:?]
	at net.minecraftforge.fml.loading.targets.CommonLaunchHandler.runTarget(CommonLaunchHandler.java:111) ~[fmlloader-1.20.1-47.4.20.jar:?]
	at net.minecraftforge.fml.loading.targets.CommonLaunchHandler.clientService(CommonLaunchHandler.java:99) ~[fmlloader-1.20.1-47.4.20.jar:?]
	at net.minecraftforge.fml.loading.targets.CommonClientLaunchHandler.lambda$makeService$0(CommonClientLaunchHandler.java:25) ~[fmlloader-1.20.1-47.4.20.jar:?]
	at cpw.mods.modlauncher.LaunchServiceHandlerDecorator.launch(LaunchServiceHandlerDecorator.java:30) ~[modlauncher-10.0.9.jar:?]
	at cpw.mods.modlauncher.LaunchServiceHandler.launch(LaunchServiceHandler.java:53) ~[modlauncher-10.0.9.jar:?]
	at cpw.mods.modlauncher.LaunchServiceHandler.launch(LaunchServiceHandler.java:71) ~[modlauncher-10.0.9.jar:?]
	at cpw.mods.modlauncher.Launcher.run(Launcher.java:108) ~[modlauncher-10.0.9.jar:?]
	at cpw.mods.modlauncher.Launcher.main(Launcher.java:78) ~[modlauncher-10.0.9.jar:?]
	at cpw.mods.modlauncher.BootstrapLaunchConsumer.accept(BootstrapLaunchConsumer.java:26) ~[modlauncher-10.0.9.jar:?]
	at cpw.mods.modlauncher.BootstrapLaunchConsumer.accept(BootstrapLaunchConsumer.java:23) ~[modlauncher-10.0.9.jar:?]
	at cpw.mods.bootstraplauncher.BootstrapLauncher.main(BootstrapLauncher.java:141) ~[bootstraplauncher-1.1.2.jar:?]
	at jdk.internal.reflect.NativeMethodAccessorImpl.invoke0(Native Method) ~[?:?]
	at jdk.internal.reflect.NativeMethodAccessorImpl.invoke(Unknown Source) ~[?:?]
	at jdk.internal.reflect.DelegatingMethodAccessorImpl.invoke(Unknown Source) ~[?:?]
	at java.lang.reflect.Method.invoke(Unknown Source) ~[?:?]
	at com.modrinth.theseus.MinecraftLaunch.relaunch(MinecraftLaunch.java:63) ~[theseus.jar%2386!/:?]
	at com.modrinth.theseus.MinecraftLaunch.main(MinecraftLaunch.java:28) ~[theseus.jar%2386!/:?]
[08:37:23] [Render thread/INFO]: Registered particle provider: kelvin:steam
[08:37:23] [Render thread/INFO]: Registered particle provider: kelvin:aether
[08:37:23] [Render thread/WARN]: Something is attempting to register particle providers at a later point than intended! This might cause issues!
java.lang.Throwable: null
	at dev.architectury.registry.client.particle.forge.ParticleProviderRegistryImpl.register(ParticleProviderRegistryImpl.java:101) ~[architectury-forge-9.1.12.jar%23313!/:?]
	at dev.architectury.registry.client.particle.ParticleProviderRegistry.register(ParticleProviderRegistry.java) ~[architectury-forge-9.1.12.jar%23313!/:?]
	at org.valkyrienskies.kelvin.KelvinParticles$KelvinClientParticles.registerDefaultParticle(KelvinParticles.java:34) ~[kelvin-forge-1.20.1-0.5.0+5c1c62c654.jar%23304!/:?]
	at org.valkyrienskies.kelvin.KelvinParticles$KelvinClientParticles.init(KelvinParticles.java:40) ~[kelvin-forge-1.20.1-0.5.0+5c1c62c654.jar%23304!/:?]
	at org.valkyrienskies.kelvin.forge.KelvinModForge.lambda$3$lambda$2$lambda$1(KelvinModForge.kt:34) ~[kelvin-forge-1.20.1-0.5.0+5c1c62c654.jar%23304!/:?]
	at net.minecraftforge.eventbus.EventBus.doCastFilter(EventBus.java:267) ~[eventbus-6.2.33.jar%23139!/:?]
	at net.minecraftforge.eventbus.EventBus.lambda$addListener$4(EventBus.java:258) ~[eventbus-6.2.33.jar%23139!/:?]
	at net.minecraftforge.eventbus.EventBus.post(EventBus.java:312) ~[eventbus-6.2.33.jar%23139!/:?]
	at net.minecraftforge.eventbus.EventBus.post(EventBus.java:298) ~[eventbus-6.2.33.jar%23139!/:?]
	at thedarkcolour.kotlinforforge.KotlinModContainer.acceptEvent(KotlinModContainer.kt:91) ~[kfflang-4.12.0.jar%23311!/:4.12.0]
	at net.minecraftforge.fml.ModLoader.lambda$postEvent$29(ModLoader.java:326) ~[fmlcore-1.20.1-47.4.20.jar%23230!/:?]
	at java.lang.Iterable.forEach(Unknown Source) ~[?:?]
	at net.minecraftforge.fml.ModList.forEachModInOrder(ModList.java:227) ~[fmlcore-1.20.1-47.4.20.jar%23230!/:?]
	at net.minecraftforge.fml.ModLoader.postEvent(ModLoader.java:326) ~[fmlcore-1.20.1-47.4.20.jar%23230!/:?]
	at net.minecraftforge.client.ForgeHooksClient.onRegisterParticleProviders(ForgeHooksClient.java:953) ~[forge-1.20.1-47.4.20-universal.jar%23234!/:?]
	at net.minecraft.client.Minecraft.<init>(Minecraft.java:512) ~[client-1.20.1-20230612.114412-srg.jar%23229!/:?]
	at net.minecraft.client.main.Main.main(Main.java:182) ~[1.20.1-47.4.20.jar:?]
	at jdk.internal.reflect.NativeMethodAccessorImpl.invoke0(Native Method) ~[?:?]
	at jdk.internal.reflect.NativeMethodAccessorImpl.invoke(Unknown Source) ~[?:?]
	at jdk.internal.reflect.DelegatingMethodAccessorImpl.invoke(Unknown Source) ~[?:?]
	at java.lang.reflect.Method.invoke(Unknown Source) ~[?:?]
	at net.minecraftforge.fml.loading.targets.CommonLaunchHandler.runTarget(CommonLaunchHandler.java:111) ~[fmlloader-1.20.1-47.4.20.jar:?]
	at net.minecraftforge.fml.loading.targets.CommonLaunchHandler.clientService(CommonLaunchHandler.java:99) ~[fmlloader-1.20.1-47.4.20.jar:?]
	at net.minecraftforge.fml.loading.targets.CommonClientLaunchHandler.lambda$makeService$0(CommonClientLaunchHandler.java:25) ~[fmlloader-1.20.1-47.4.20.jar:?]
	at cpw.mods.modlauncher.LaunchServiceHandlerDecorator.launch(LaunchServiceHandlerDecorator.java:30) ~[modlauncher-10.0.9.jar:?]
	at cpw.mods.modlauncher.LaunchServiceHandler.launch(LaunchServiceHandler.java:53) ~[modlauncher-10.0.9.jar:?]
	at cpw.mods.modlauncher.LaunchServiceHandler.launch(LaunchServiceHandler.java:71) ~[modlauncher-10.0.9.jar:?]
	at cpw.mods.modlauncher.Launcher.run(Launcher.java:108) ~[modlauncher-10.0.9.jar:?]
	at cpw.mods.modlauncher.Launcher.main(Launcher.java:78) ~[modlauncher-10.0.9.jar:?]
	at cpw.mods.modlauncher.BootstrapLaunchConsumer.accept(BootstrapLaunchConsumer.java:26) ~[modlauncher-10.0.9.jar:?]
	at cpw.mods.modlauncher.BootstrapLaunchConsumer.accept(BootstrapLaunchConsumer.java:23) ~[modlauncher-10.0.9.jar:?]
	at cpw.mods.bootstraplauncher.BootstrapLauncher.main(BootstrapLauncher.java:141) ~[bootstraplauncher-1.1.2.jar:?]
	at jdk.internal.reflect.NativeMethodAccessorImpl.invoke0(Native Method) ~[?:?]
	at jdk.internal.reflect.NativeMethodAccessorImpl.invoke(Unknown Source) ~[?:?]
	at jdk.internal.reflect.DelegatingMethodAccessorImpl.invoke(Unknown Source) ~[?:?]
	at java.lang.reflect.Method.invoke(Unknown Source) ~[?:?]
	at com.modrinth.theseus.MinecraftLaunch.relaunch(MinecraftLaunch.java:63) ~[theseus.jar%2386!/:?]
	at com.modrinth.theseus.MinecraftLaunch.main(MinecraftLaunch.java:28) ~[theseus.jar%2386!/:?]
[08:37:23] [Render thread/INFO]: Registered particle provider: kelvin:aether
[08:37:23] [Render thread/INFO]: Registered particle provider: kelvin:air
[08:37:23] [Render thread/WARN]: Something is attempting to register particle providers at a later point than intended! This might cause issues!
java.lang.Throwable: null
	at dev.architectury.registry.client.particle.forge.ParticleProviderRegistryImpl.register(ParticleProviderRegistryImpl.java:101) ~[architectury-forge-9.1.12.jar%23313!/:?]
	at dev.architectury.registry.client.particle.ParticleProviderRegistry.register(ParticleProviderRegistry.java) ~[architectury-forge-9.1.12.jar%23313!/:?]
	at org.valkyrienskies.kelvin.KelvinParticles$KelvinClientParticles.registerDefaultParticle(KelvinParticles.java:34) ~[kelvin-forge-1.20.1-0.5.0+5c1c62c654.jar%23304!/:?]
	at org.valkyrienskies.kelvin.KelvinParticles$KelvinClientParticles.init(KelvinParticles.java:40) ~[kelvin-forge-1.20.1-0.5.0+5c1c62c654.jar%23304!/:?]
	at org.valkyrienskies.kelvin.forge.KelvinModForge.lambda$3$lambda$2$lambda$1(KelvinModForge.kt:34) ~[kelvin-forge-1.20.1-0.5.0+5c1c62c654.jar%23304!/:?]
	at net.minecraftforge.eventbus.EventBus.doCastFilter(EventBus.java:267) ~[eventbus-6.2.33.jar%23139!/:?]
	at net.minecraftforge.eventbus.EventBus.lambda$addListener$4(EventBus.java:258) ~[eventbus-6.2.33.jar%23139!/:?]
	at net.minecraftforge.eventbus.EventBus.post(EventBus.java:312) ~[eventbus-6.2.33.jar%23139!/:?]
	at net.minecraftforge.eventbus.EventBus.post(EventBus.java:298) ~[eventbus-6.2.33.jar%23139!/:?]
	at thedarkcolour.kotlinforforge.KotlinModContainer.acceptEvent(KotlinModContainer.kt:91) ~[kfflang-4.12.0.jar%23311!/:4.12.0]
	at net.minecraftforge.fml.ModLoader.lambda$postEvent$29(ModLoader.java:326) ~[fmlcore-1.20.1-47.4.20.jar%23230!/:?]
	at java.lang.Iterable.forEach(Unknown Source) ~[?:?]
	at net.minecraftforge.fml.ModList.forEachModInOrder(ModList.java:227) ~[fmlcore-1.20.1-47.4.20.jar%23230!/:?]
	at net.minecraftforge.fml.ModLoader.postEvent(ModLoader.java:326) ~[fmlcore-1.20.1-47.4.20.jar%23230!/:?]
	at net.minecraftforge.client.ForgeHooksClient.onRegisterParticleProviders(ForgeHooksClient.java:953) ~[forge-1.20.1-47.4.20-universal.jar%23234!/:?]
	at net.minecraft.client.Minecraft.<init>(Minecraft.java:512) ~[client-1.20.1-20230612.114412-srg.jar%23229!/:?]
	at net.minecraft.client.main.Main.main(Main.java:182) ~[1.20.1-47.4.20.jar:?]
	at jdk.internal.reflect.NativeMethodAccessorImpl.invoke0(Native Method) ~[?:?]
	at jdk.internal.reflect.NativeMethodAccessorImpl.invoke(Unknown Source) ~[?:?]
	at jdk.internal.reflect.DelegatingMethodAccessorImpl.invoke(Unknown Source) ~[?:?]
	at java.lang.reflect.Method.invoke(Unknown Source) ~[?:?]
	at net.minecraftforge.fml.loading.targets.CommonLaunchHandler.runTarget(CommonLaunchHandler.java:111) ~[fmlloader-1.20.1-47.4.20.jar:?]
	at net.minecraftforge.fml.loading.targets.CommonLaunchHandler.clientService(CommonLaunchHandler.java:99) ~[fmlloader-1.20.1-47.4.20.jar:?]
	at net.minecraftforge.fml.loading.targets.CommonClientLaunchHandler.lambda$makeService$0(CommonClientLaunchHandler.java:25) ~[fmlloader-1.20.1-47.4.20.jar:?]
	at cpw.mods.modlauncher.LaunchServiceHandlerDecorator.launch(LaunchServiceHandlerDecorator.java:30) ~[modlauncher-10.0.9.jar:?]
	at cpw.mods.modlauncher.LaunchServiceHandler.launch(LaunchServiceHandler.java:53) ~[modlauncher-10.0.9.jar:?]
	at cpw.mods.modlauncher.LaunchServiceHandler.launch(LaunchServiceHandler.java:71) ~[modlauncher-10.0.9.jar:?]
	at cpw.mods.modlauncher.Launcher.run(Launcher.java:108) ~[modlauncher-10.0.9.jar:?]
	at cpw.mods.modlauncher.Launcher.main(Launcher.java:78) ~[modlauncher-10.0.9.jar:?]
	at cpw.mods.modlauncher.BootstrapLaunchConsumer.accept(BootstrapLaunchConsumer.java:26) ~[modlauncher-10.0.9.jar:?]
	at cpw.mods.modlauncher.BootstrapLaunchConsumer.accept(BootstrapLaunchConsumer.java:23) ~[modlauncher-10.0.9.jar:?]
	at cpw.mods.bootstraplauncher.BootstrapLauncher.main(BootstrapLauncher.java:141) ~[bootstraplauncher-1.1.2.jar:?]
	at jdk.internal.reflect.NativeMethodAccessorImpl.invoke0(Native Method) ~[?:?]
	at jdk.internal.reflect.NativeMethodAccessorImpl.invoke(Unknown Source) ~[?:?]
	at jdk.internal.reflect.DelegatingMethodAccessorImpl.invoke(Unknown Source) ~[?:?]
	at java.lang.reflect.Method.invoke(Unknown Source) ~[?:?]
	at com.modrinth.theseus.MinecraftLaunch.relaunch(MinecraftLaunch.java:63) ~[theseus.jar%2386!/:?]
	at com.modrinth.theseus.MinecraftLaunch.main(MinecraftLaunch.java:28) ~[theseus.jar%2386!/:?]
[08:37:23] [Render thread/INFO]: Registered particle provider: kelvin:air
[08:37:23] [Render thread/INFO]: Registered particle provider: kelvin:phlogiston
[08:37:23] [Render thread/WARN]: Something is attempting to register particle providers at a later point than intended! This might cause issues!
java.lang.Throwable: null
	at dev.architectury.registry.client.particle.forge.ParticleProviderRegistryImpl.register(ParticleProviderRegistryImpl.java:101) ~[architectury-forge-9.1.12.jar%23313!/:?]
	at dev.architectury.registry.client.particle.ParticleProviderRegistry.register(ParticleProviderRegistry.java) ~[architectury-forge-9.1.12.jar%23313!/:?]
	at org.valkyrienskies.kelvin.KelvinParticles$KelvinClientParticles.registerDefaultParticle(KelvinParticles.java:34) ~[kelvin-forge-1.20.1-0.5.0+5c1c62c654.jar%23304!/:?]
	at org.valkyrienskies.kelvin.KelvinParticles$KelvinClientParticles.init(KelvinParticles.java:40) ~[kelvin-forge-1.20.1-0.5.0+5c1c62c654.jar%23304!/:?]
	at org.valkyrienskies.kelvin.forge.KelvinModForge.lambda$3$lambda$2$lambda$1(KelvinModForge.kt:34) ~[kelvin-forge-1.20.1-0.5.0+5c1c62c654.jar%23304!/:?]
	at net.minecraftforge.eventbus.EventBus.doCastFilter(EventBus.java:267) ~[eventbus-6.2.33.jar%23139!/:?]
	at net.minecraftforge.eventbus.EventBus.lambda$addListener$4(EventBus.java:258) ~[eventbus-6.2.33.jar%23139!/:?]
	at net.minecraftforge.eventbus.EventBus.post(EventBus.java:312) ~[eventbus-6.2.33.jar%23139!/:?]
	at net.minecraftforge.eventbus.EventBus.post(EventBus.java:298) ~[eventbus-6.2.33.jar%23139!/:?]
	at thedarkcolour.kotlinforforge.KotlinModContainer.acceptEvent(KotlinModContainer.kt:91) ~[kfflang-4.12.0.jar%23311!/:4.12.0]
	at net.minecraftforge.fml.ModLoader.lambda$postEvent$29(ModLoader.java:326) ~[fmlcore-1.20.1-47.4.20.jar%23230!/:?]
	at java.lang.Iterable.forEach(Unknown Source) ~[?:?]
	at net.minecraftforge.fml.ModList.forEachModInOrder(ModList.java:227) ~[fmlcore-1.20.1-47.4.20.jar%23230!/:?]
	at net.minecraftforge.fml.ModLoader.postEvent(ModLoader.java:326) ~[fmlcore-1.20.1-47.4.20.jar%23230!/:?]
	at net.minecraftforge.client.ForgeHooksClient.onRegisterParticleProviders(ForgeHooksClient.java:953) ~[forge-1.20.1-47.4.20-universal.jar%23234!/:?]
	at net.minecraft.client.Minecraft.<init>(Minecraft.java:512) ~[client-1.20.1-20230612.114412-srg.jar%23229!/:?]
	at net.minecraft.client.main.Main.main(Main.java:182) ~[1.20.1-47.4.20.jar:?]
	at jdk.internal.reflect.NativeMethodAccessorImpl.invoke0(Native Method) ~[?:?]
	at jdk.internal.reflect.NativeMethodAccessorImpl.invoke(Unknown Source) ~[?:?]
	at jdk.internal.reflect.DelegatingMethodAccessorImpl.invoke(Unknown Source) ~[?:?]
	at java.lang.reflect.Method.invoke(Unknown Source) ~[?:?]
	at net.minecraftforge.fml.loading.targets.CommonLaunchHandler.runTarget(CommonLaunchHandler.java:111) ~[fmlloader-1.20.1-47.4.20.jar:?]
	at net.minecraftforge.fml.loading.targets.CommonLaunchHandler.clientService(CommonLaunchHandler.java:99) ~[fmlloader-1.20.1-47.4.20.jar:?]
	at net.minecraftforge.fml.loading.targets.CommonClientLaunchHandler.lambda$makeService$0(CommonClientLaunchHandler.java:25) ~[fmlloader-1.20.1-47.4.20.jar:?]
	at cpw.mods.modlauncher.LaunchServiceHandlerDecorator.launch(LaunchServiceHandlerDecorator.java:30) ~[modlauncher-10.0.9.jar:?]
	at cpw.mods.modlauncher.LaunchServiceHandler.launch(LaunchServiceHandler.java:53) ~[modlauncher-10.0.9.jar:?]
	at cpw.mods.modlauncher.LaunchServiceHandler.launch(LaunchServiceHandler.java:71) ~[modlauncher-10.0.9.jar:?]
	at cpw.mods.modlauncher.Launcher.run(Launcher.java:108) ~[modlauncher-10.0.9.jar:?]
	at cpw.mods.modlauncher.Launcher.main(Launcher.java:78) ~[modlauncher-10.0.9.jar:?]
	at cpw.mods.modlauncher.BootstrapLaunchConsumer.accept(BootstrapLaunchConsumer.java:26) ~[modlauncher-10.0.9.jar:?]
	at cpw.mods.modlauncher.BootstrapLaunchConsumer.accept(BootstrapLaunchConsumer.java:23) ~[modlauncher-10.0.9.jar:?]
	at cpw.mods.bootstraplauncher.BootstrapLauncher.main(BootstrapLauncher.java:141) ~[bootstraplauncher-1.1.2.jar:?]
	at jdk.internal.reflect.NativeMethodAccessorImpl.invoke0(Native Method) ~[?:?]
	at jdk.internal.reflect.NativeMethodAccessorImpl.invoke(Unknown Source) ~[?:?]
	at jdk.internal.reflect.DelegatingMethodAccessorImpl.invoke(Unknown Source) ~[?:?]
	at java.lang.reflect.Method.invoke(Unknown Source) ~[?:?]
	at com.modrinth.theseus.MinecraftLaunch.relaunch(MinecraftLaunch.java:63) ~[theseus.jar%2386!/:?]
	at com.modrinth.theseus.MinecraftLaunch.main(MinecraftLaunch.java:28) ~[theseus.jar%2386!/:?]
[08:37:23] [Render thread/INFO]: Registered particle provider: kelvin:phlogiston
[08:37:23] [Render thread/INFO]: Registered particle provider: kelvin:bog
[08:37:23] [Render thread/WARN]: Something is attempting to register particle providers at a later point than intended! This might cause issues!
java.lang.Throwable: null
	at dev.architectury.registry.client.particle.forge.ParticleProviderRegistryImpl.register(ParticleProviderRegistryImpl.java:101) ~[architectury-forge-9.1.12.jar%23313!/:?]
	at dev.architectury.registry.client.particle.ParticleProviderRegistry.register(ParticleProviderRegistry.java) ~[architectury-forge-9.1.12.jar%23313!/:?]
	at org.valkyrienskies.kelvin.KelvinParticles$KelvinClientParticles.registerDefaultParticle(KelvinParticles.java:34) ~[kelvin-forge-1.20.1-0.5.0+5c1c62c654.jar%23304!/:?]
	at org.valkyrienskies.kelvin.KelvinParticles$KelvinClientParticles.init(KelvinParticles.java:40) ~[kelvin-forge-1.20.1-0.5.0+5c1c62c654.jar%23304!/:?]
	at org.valkyrienskies.kelvin.forge.KelvinModForge.lambda$3$lambda$2$lambda$1(KelvinModForge.kt:34) ~[kelvin-forge-1.20.1-0.5.0+5c1c62c654.jar%23304!/:?]
	at net.minecraftforge.eventbus.EventBus.doCastFilter(EventBus.java:267) ~[eventbus-6.2.33.jar%23139!/:?]
	at net.minecraftforge.eventbus.EventBus.lambda$addListener$4(EventBus.java:258) ~[eventbus-6.2.33.jar%23139!/:?]
	at net.minecraftforge.eventbus.EventBus.post(EventBus.java:312) ~[eventbus-6.2.33.jar%23139!/:?]
	at net.minecraftforge.eventbus.EventBus.post(EventBus.java:298) ~[eventbus-6.2.33.jar%23139!/:?]
	at thedarkcolour.kotlinforforge.KotlinModContainer.acceptEvent(KotlinModContainer.kt:91) ~[kfflang-4.12.0.jar%23311!/:4.12.0]
	at net.minecraftforge.fml.ModLoader.lambda$postEvent$29(ModLoader.java:326) ~[fmlcore-1.20.1-47.4.20.jar%23230!/:?]
	at java.lang.Iterable.forEach(Unknown Source) ~[?:?]
	at net.minecraftforge.fml.ModList.forEachModInOrder(ModList.java:227) ~[fmlcore-1.20.1-47.4.20.jar%23230!/:?]
	at net.minecraftforge.fml.ModLoader.postEvent(ModLoader.java:326) ~[fmlcore-1.20.1-47.4.20.jar%23230!/:?]
	at net.minecraftforge.client.ForgeHooksClient.onRegisterParticleProviders(ForgeHooksClient.java:953) ~[forge-1.20.1-47.4.20-universal.jar%23234!/:?]
	at net.minecraft.client.Minecraft.<init>(Minecraft.java:512) ~[client-1.20.1-20230612.114412-srg.jar%23229!/:?]
	at net.minecraft.client.main.Main.main(Main.java:182) ~[1.20.1-47.4.20.jar:?]
	at jdk.internal.reflect.NativeMethodAccessorImpl.invoke0(Native Method) ~[?:?]
	at jdk.internal.reflect.NativeMethodAccessorImpl.invoke(Unknown Source) ~[?:?]
	at jdk.internal.reflect.DelegatingMethodAccessorImpl.invoke(Unknown Source) ~[?:?]
	at java.lang.reflect.Method.invoke(Unknown Source) ~[?:?]
	at net.minecraftforge.fml.loading.targets.CommonLaunchHandler.runTarget(CommonLaunchHandler.java:111) ~[fmlloader-1.20.1-47.4.20.jar:?]
	at net.minecraftforge.fml.loading.targets.CommonLaunchHandler.clientService(CommonLaunchHandler.java:99) ~[fmlloader-1.20.1-47.4.20.jar:?]
	at net.minecraftforge.fml.loading.targets.CommonClientLaunchHandler.lambda$makeService$0(CommonClientLaunchHandler.java:25) ~[fmlloader-1.20.1-47.4.20.jar:?]
	at cpw.mods.modlauncher.LaunchServiceHandlerDecorator.launch(LaunchServiceHandlerDecorator.java:30) ~[modlauncher-10.0.9.jar:?]
	at cpw.mods.modlauncher.LaunchServiceHandler.launch(LaunchServiceHandler.java:53) ~[modlauncher-10.0.9.jar:?]
	at cpw.mods.modlauncher.LaunchServiceHandler.launch(LaunchServiceHandler.java:71) ~[modlauncher-10.0.9.jar:?]
	at cpw.mods.modlauncher.Launcher.run(Launcher.java:108) ~[modlauncher-10.0.9.jar:?]
	at cpw.mods.modlauncher.Launcher.main(Launcher.java:78) ~[modlauncher-10.0.9.jar:?]
	at cpw.mods.modlauncher.BootstrapLaunchConsumer.accept(BootstrapLaunchConsumer.java:26) ~[modlauncher-10.0.9.jar:?]
	at cpw.mods.modlauncher.BootstrapLaunchConsumer.accept(BootstrapLaunchConsumer.java:23) ~[modlauncher-10.0.9.jar:?]
	at cpw.mods.bootstraplauncher.BootstrapLauncher.main(BootstrapLauncher.java:141) ~[bootstraplauncher-1.1.2.jar:?]
	at jdk.internal.reflect.NativeMethodAccessorImpl.invoke0(Native Method) ~[?:?]
	at jdk.internal.reflect.NativeMethodAccessorImpl.invoke(Unknown Source) ~[?:?]
	at jdk.internal.reflect.DelegatingMethodAccessorImpl.invoke(Unknown Source) ~[?:?]
	at java.lang.reflect.Method.invoke(Unknown Source) ~[?:?]
	at com.modrinth.theseus.MinecraftLaunch.relaunch(MinecraftLaunch.java:63) ~[theseus.jar%2386!/:?]
	at com.modrinth.theseus.MinecraftLaunch.main(MinecraftLaunch.java:28) ~[theseus.jar%2386!/:?]
[08:37:23] [Render thread/INFO]: Registered particle provider: kelvin:bog
[08:37:23] [Render thread/INFO]: Registered particle provider: kelvin:exhaust
[08:37:23] [Render thread/WARN]: Something is attempting to register particle providers at a later point than intended! This might cause issues!
java.lang.Throwable: null
	at dev.architectury.registry.client.particle.forge.ParticleProviderRegistryImpl.register(ParticleProviderRegistryImpl.java:101) ~[architectury-forge-9.1.12.jar%23313!/:?]
	at dev.architectury.registry.client.particle.ParticleProviderRegistry.register(ParticleProviderRegistry.java) ~[architectury-forge-9.1.12.jar%23313!/:?]
	at org.valkyrienskies.kelvin.KelvinParticles$KelvinClientParticles.registerDefaultParticle(KelvinParticles.java:34) ~[kelvin-forge-1.20.1-0.5.0+5c1c62c654.jar%23304!/:?]
	at org.valkyrienskies.kelvin.KelvinParticles$KelvinClientParticles.init(KelvinParticles.java:40) ~[kelvin-forge-1.20.1-0.5.0+5c1c62c654.jar%23304!/:?]
	at org.valkyrienskies.kelvin.forge.KelvinModForge.lambda$3$lambda$2$lambda$1(KelvinModForge.kt:34) ~[kelvin-forge-1.20.1-0.5.0+5c1c62c654.jar%23304!/:?]
	at net.minecraftforge.eventbus.EventBus.doCastFilter(EventBus.java:267) ~[eventbus-6.2.33.jar%23139!/:?]
	at net.minecraftforge.eventbus.EventBus.lambda$addListener$4(EventBus.java:258) ~[eventbus-6.2.33.jar%23139!/:?]
	at net.minecraftforge.eventbus.EventBus.post(EventBus.java:312) ~[eventbus-6.2.33.jar%23139!/:?]
	at net.minecraftforge.eventbus.EventBus.post(EventBus.java:298) ~[eventbus-6.2.33.jar%23139!/:?]
	at thedarkcolour.kotlinforforge.KotlinModContainer.acceptEvent(KotlinModContainer.kt:91) ~[kfflang-4.12.0.jar%23311!/:4.12.0]
	at net.minecraftforge.fml.ModLoader.lambda$postEvent$29(ModLoader.java:326) ~[fmlcore-1.20.1-47.4.20.jar%23230!/:?]
	at java.lang.Iterable.forEach(Unknown Source) ~[?:?]
	at net.minecraftforge.fml.ModList.forEachModInOrder(ModList.java:227) ~[fmlcore-1.20.1-47.4.20.jar%23230!/:?]
	at net.minecraftforge.fml.ModLoader.postEvent(ModLoader.java:326) ~[fmlcore-1.20.1-47.4.20.jar%23230!/:?]
	at net.minecraftforge.client.ForgeHooksClient.onRegisterParticleProviders(ForgeHooksClient.java:953) ~[forge-1.20.1-47.4.20-universal.jar%23234!/:?]
	at net.minecraft.client.Minecraft.<init>(Minecraft.java:512) ~[client-1.20.1-20230612.114412-srg.jar%23229!/:?]
	at net.minecraft.client.main.Main.main(Main.java:182) ~[1.20.1-47.4.20.jar:?]
	at jdk.internal.reflect.NativeMethodAccessorImpl.invoke0(Native Method) ~[?:?]
	at jdk.internal.reflect.NativeMethodAccessorImpl.invoke(Unknown Source) ~[?:?]
	at jdk.internal.reflect.DelegatingMethodAccessorImpl.invoke(Unknown Source) ~[?:?]
	at java.lang.reflect.Method.invoke(Unknown Source) ~[?:?]
	at net.minecraftforge.fml.loading.targets.CommonLaunchHandler.runTarget(CommonLaunchHandler.java:111) ~[fmlloader-1.20.1-47.4.20.jar:?]
	at net.minecraftforge.fml.loading.targets.CommonLaunchHandler.clientService(CommonLaunchHandler.java:99) ~[fmlloader-1.20.1-47.4.20.jar:?]
	at net.minecraftforge.fml.loading.targets.CommonClientLaunchHandler.lambda$makeService$0(CommonClientLaunchHandler.java:25) ~[fmlloader-1.20.1-47.4.20.jar:?]
	at cpw.mods.modlauncher.LaunchServiceHandlerDecorator.launch(LaunchServiceHandlerDecorator.java:30) ~[modlauncher-10.0.9.jar:?]
	at cpw.mods.modlauncher.LaunchServiceHandler.launch(LaunchServiceHandler.java:53) ~[modlauncher-10.0.9.jar:?]
	at cpw.mods.modlauncher.LaunchServiceHandler.launch(LaunchServiceHandler.java:71) ~[modlauncher-10.0.9.jar:?]
	at cpw.mods.modlauncher.Launcher.run(Launcher.java:108) ~[modlauncher-10.0.9.jar:?]
	at cpw.mods.modlauncher.Launcher.main(Launcher.java:78) ~[modlauncher-10.0.9.jar:?]
	at cpw.mods.modlauncher.BootstrapLaunchConsumer.accept(BootstrapLaunchConsumer.java:26) ~[modlauncher-10.0.9.jar:?]
	at cpw.mods.modlauncher.BootstrapLaunchConsumer.accept(BootstrapLaunchConsumer.java:23) ~[modlauncher-10.0.9.jar:?]
	at cpw.mods.bootstraplauncher.BootstrapLauncher.main(BootstrapLauncher.java:141) ~[bootstraplauncher-1.1.2.jar:?]
	at jdk.internal.reflect.NativeMethodAccessorImpl.invoke0(Native Method) ~[?:?]
	at jdk.internal.reflect.NativeMethodAccessorImpl.invoke(Unknown Source) ~[?:?]
	at jdk.internal.reflect.DelegatingMethodAccessorImpl.invoke(Unknown Source) ~[?:?]
	at java.lang.reflect.Method.invoke(Unknown Source) ~[?:?]
	at com.modrinth.theseus.MinecraftLaunch.relaunch(MinecraftLaunch.java:63) ~[theseus.jar%2386!/:?]
	at com.modrinth.theseus.MinecraftLaunch.main(MinecraftLaunch.java:28) ~[theseus.jar%2386!/:?]
[08:37:23] [Render thread/INFO]: Registered particle provider: kelvin:exhaust
[08:37:23] [Render thread/INFO]: Registered particle provider: kelvin:stellane
[08:37:23] [Render thread/WARN]: Something is attempting to register particle providers at a later point than intended! This might cause issues!
java.lang.Throwable: null
	at dev.architectury.registry.client.particle.forge.ParticleProviderRegistryImpl.register(ParticleProviderRegistryImpl.java:101) ~[architectury-forge-9.1.12.jar%23313!/:?]
	at dev.architectury.registry.client.particle.ParticleProviderRegistry.register(ParticleProviderRegistry.java) ~[architectury-forge-9.1.12.jar%23313!/:?]
	at org.valkyrienskies.kelvin.KelvinParticles$KelvinClientParticles.registerDefaultParticle(KelvinParticles.java:34) ~[kelvin-forge-1.20.1-0.5.0+5c1c62c654.jar%23304!/:?]
	at org.valkyrienskies.kelvin.KelvinParticles$KelvinClientParticles.init(KelvinParticles.java:40) ~[kelvin-forge-1.20.1-0.5.0+5c1c62c654.jar%23304!/:?]
	at org.valkyrienskies.kelvin.forge.KelvinModForge.lambda$3$lambda$2$lambda$1(KelvinModForge.kt:34) ~[kelvin-forge-1.20.1-0.5.0+5c1c62c654.jar%23304!/:?]
	at net.minecraftforge.eventbus.EventBus.doCastFilter(EventBus.java:267) ~[eventbus-6.2.33.jar%23139!/:?]
	at net.minecraftforge.eventbus.EventBus.lambda$addListener$4(EventBus.java:258) ~[eventbus-6.2.33.jar%23139!/:?]
	at net.minecraftforge.eventbus.EventBus.post(EventBus.java:312) ~[eventbus-6.2.33.jar%23139!/:?]
	at net.minecraftforge.eventbus.EventBus.post(EventBus.java:298) ~[eventbus-6.2.33.jar%23139!/:?]
	at thedarkcolour.kotlinforforge.KotlinModContainer.acceptEvent(KotlinModContainer.kt:91) ~[kfflang-4.12.0.jar%23311!/:4.12.0]
	at net.minecraftforge.fml.ModLoader.lambda$postEvent$29(ModLoader.java:326) ~[fmlcore-1.20.1-47.4.20.jar%23230!/:?]
	at java.lang.Iterable.forEach(Unknown Source) ~[?:?]
	at net.minecraftforge.fml.ModList.forEachModInOrder(ModList.java:227) ~[fmlcore-1.20.1-47.4.20.jar%23230!/:?]
	at net.minecraftforge.fml.ModLoader.postEvent(ModLoader.java:326) ~[fmlcore-1.20.1-47.4.20.jar%23230!/:?]
	at net.minecraftforge.client.ForgeHooksClient.onRegisterParticleProviders(ForgeHooksClient.java:953) ~[forge-1.20.1-47.4.20-universal.jar%23234!/:?]
	at net.minecraft.client.Minecraft.<init>(Minecraft.java:512) ~[client-1.20.1-20230612.114412-srg.jar%23229!/:?]
	at net.minecraft.client.main.Main.main(Main.java:182) ~[1.20.1-47.4.20.jar:?]
	at jdk.internal.reflect.NativeMethodAccessorImpl.invoke0(Native Method) ~[?:?]
	at jdk.internal.reflect.NativeMethodAccessorImpl.invoke(Unknown Source) ~[?:?]
	at jdk.internal.reflect.DelegatingMethodAccessorImpl.invoke(Unknown Source) ~[?:?]
	at java.lang.reflect.Method.invoke(Unknown Source) ~[?:?]
	at net.minecraftforge.fml.loading.targets.CommonLaunchHandler.runTarget(CommonLaunchHandler.java:111) ~[fmlloader-1.20.1-47.4.20.jar:?]
	at net.minecraftforge.fml.loading.targets.CommonLaunchHandler.clientService(CommonLaunchHandler.java:99) ~[fmlloader-1.20.1-47.4.20.jar:?]
	at net.minecraftforge.fml.loading.targets.CommonClientLaunchHandler.lambda$makeService$0(CommonClientLaunchHandler.java:25) ~[fmlloader-1.20.1-47.4.20.jar:?]
	at cpw.mods.modlauncher.LaunchServiceHandlerDecorator.launch(LaunchServiceHandlerDecorator.java:30) ~[modlauncher-10.0.9.jar:?]
	at cpw.mods.modlauncher.LaunchServiceHandler.launch(LaunchServiceHandler.java:53) ~[modlauncher-10.0.9.jar:?]
	at cpw.mods.modlauncher.LaunchServiceHandler.launch(LaunchServiceHandler.java:71) ~[modlauncher-10.0.9.jar:?]
	at cpw.mods.modlauncher.Launcher.run(Launcher.java:108) ~[modlauncher-10.0.9.jar:?]
	at cpw.mods.modlauncher.Launcher.main(Launcher.java:78) ~[modlauncher-10.0.9.jar:?]
	at cpw.mods.modlauncher.BootstrapLaunchConsumer.accept(BootstrapLaunchConsumer.java:26) ~[modlauncher-10.0.9.jar:?]
	at cpw.mods.modlauncher.BootstrapLaunchConsumer.accept(BootstrapLaunchConsumer.java:23) ~[modlauncher-10.0.9.jar:?]
	at cpw.mods.bootstraplauncher.BootstrapLauncher.main(BootstrapLauncher.java:141) ~[bootstraplauncher-1.1.2.jar:?]
	at jdk.internal.reflect.NativeMethodAccessorImpl.invoke0(Native Method) ~[?:?]
	at jdk.internal.reflect.NativeMethodAccessorImpl.invoke(Unknown Source) ~[?:?]
	at jdk.internal.reflect.DelegatingMethodAccessorImpl.invoke(Unknown Source) ~[?:?]
	at java.lang.reflect.Method.invoke(Unknown Source) ~[?:?]
	at com.modrinth.theseus.MinecraftLaunch.relaunch(MinecraftLaunch.java:63) ~[theseus.jar%2386!/:?]
	at com.modrinth.theseus.MinecraftLaunch.main(MinecraftLaunch.java:28) ~[theseus.jar%2386!/:?]
[08:37:23] [Render thread/INFO]: Registered particle provider: kelvin:stellane
[08:37:23] [Render thread/INFO]: Registered particle factory for phys_lightning on Forge
[08:37:23] [Render thread/INFO]: Registered particle factory for leak on Forge
[08:37:25] [Render thread/INFO]: Transformed net/minecraft/server/packs/resources/Resource with [customskinloader:interface-patch]
[08:37:25] [Render thread/INFO]: Transformed ModLauncher target net/minecraft/server/packs/resources/Resource with [customskinloader:interface-patch]
[08:37:26] [Render thread/INFO]: Reloading ResourceManager: vanilla, PFM-Runtime-RP, mod_resources, file/FireheartStability, file/FireheartCarSounds, Essential Assets, essential
[08:37:32] [Render thread/INFO]: Data Hash for Assets and Variant List matched, skipping generation
[08:37:32] [Worker-Main-4/INFO]: Found unifont_all_no_pua-15.0.06.hex, loading
[08:37:33] [Worker-Main-2/WARN]: File vs_clockwork:sounds/egg_reverie.ogg does not exist, cannot add it to event vs_clockwork:supersonic
[08:37:33] [Forge Version Check/INFO]: [watermedia_binaries] Starting version check at https://forge.curseupdate.com/1029438/watermedia-binaries
[08:37:34] [Worker-Main-3/ERROR]: Invalid path in pack: vs_clockwork:models/item/wanderwand/wanderwand compiled.bbmodel, ignoring
[08:37:34] [Worker-Main-3/ERROR]: Invalid path in pack: vs_clockwork:models/block/phys_bearing_old/PhysBearing Generic.bbmodel, ignoring
[08:37:34] [Worker-Main-3/ERROR]: Invalid path in pack: vs_clockwork:models/block/blade_controller/blade controller demo.bbmodel, ignoring
[08:37:34] [Forge Version Check/INFO]: [watermedia_binaries] Found status: BETA Current: 3.0.0.6 Target: null
[08:37:34] [Forge Version Check/INFO]: [forge] Starting version check at https://files.minecraftforge.net/net/minecraftforge/forge/promotions_slim.json
[08:37:35] [Forge Version Check/INFO]: [forge] Found status: OUTDATED Current: 47.4.20 Target: 47.4.23
[08:37:35] [Forge Version Check/INFO]: [createcasing] Starting version check at https://api.modrinth.com/updates/create-encased/forge_updates.json
[08:37:36] [Forge Version Check/INFO]: [createcasing] Found status: UP_TO_DATE Current: 1.8-ht2 Target: null
[08:37:36] [Forge Version Check/INFO]: [watermedia_platform_extension] Starting version check at https://forge.curseupdate.com/1395870/watermedia-yt-plugin
[08:37:36] [Forge Version Check/INFO]: [watermedia_platform_extension] Found status: BETA Current: 3.0.0-beta.7 Target: null
[08:37:36] [Forge Version Check/INFO]: [watermedia] Starting version check at https://forge.curseupdate.com/869524/watermedia
[08:37:36] [Forge Version Check/INFO]: [watermedia] Found status: AHEAD Current: 3.0.0.23 Target: null
[08:37:36] [Forge Version Check/INFO]: [sliceanddice] Starting version check at https://api.modrinth.com/updates/slice-and-dice/forge_updates.json
[08:37:37] [Forge Version Check/INFO]: [sliceanddice] Found status: UP_TO_DATE Current: 3.6.0 Target: null
[08:37:40] [Worker-Main-4/ERROR]: Failed to load model vs_clockwork:models/block/reactionwheel/old/alsoold/wheelbottom.json
java.util.NoSuchElementException: No value present
	at java.util.Optional.orElseThrow(Unknown Source) ~[?:?]
	at net.minecraftforge.client.model.obj.ObjLoader.lambda$loadModel$0(ObjLoader.java:67) ~[forge-1.20.1-47.4.20-universal.jar%23234!/:?]
	at java.util.concurrent.ConcurrentHashMap.computeIfAbsent(Unknown Source) ~[?:?]
	at net.minecraftforge.client.model.obj.ObjLoader.loadModel(ObjLoader.java:66) ~[forge-1.20.1-47.4.20-universal.jar%23234!/:?]
	at net.minecraftforge.client.model.obj.ObjLoader.read(ObjLoader.java:61) ~[forge-1.20.1-47.4.20-universal.jar%23234!/:?]
	at net.minecraftforge.client.model.obj.ObjLoader.read(ObjLoader.java:30) ~[forge-1.20.1-47.4.20-universal.jar%23234!/:?]
	at net.minecraftforge.client.model.ExtendedBlockModelDeserializer.deserializeGeometry(ExtendedBlockModelDeserializer.java:105) ~[forge-1.20.1-47.4.20-universal.jar%23234!/:?]
	at net.minecraftforge.client.model.ExtendedBlockModelDeserializer.deserialize(ExtendedBlockModelDeserializer.java:55) ~[forge-1.20.1-47.4.20-universal.jar%23234!/:?]
	at net.minecraftforge.client.model.ExtendedBlockModelDeserializer.deserialize(ExtendedBlockModelDeserializer.java:38) ~[forge-1.20.1-47.4.20-universal.jar%23234!/:?]
	at com.google.gson.internal.bind.TreeTypeAdapter.read(TreeTypeAdapter.java:76) ~[gson-2.10.jar%2388!/:?]
	at net.minecraft.util.GsonHelper.m_13780_(GsonHelper.java:524) ~[client-1.20.1-20230612.114412-srg.jar%23229!/:?]
	at net.minecraft.util.GsonHelper.m_263475_(GsonHelper.java:531) ~[client-1.20.1-20230612.114412-srg.jar%23229!/:?]
	at net.minecraft.util.GsonHelper.m_13776_(GsonHelper.java:581) ~[client-1.20.1-20230612.114412-srg.jar%23229!/:?]
	at net.minecraft.client.renderer.block.model.BlockModel.m_111461_(BlockModel.java:74) ~[client-1.20.1-20230612.114412-srg.jar%23229!/:?]
	at net.minecraft.client.resources.model.ModelManager.m_246478_(ModelManager.java:110) ~[client-1.20.1-20230612.114412-srg.jar%23229!/:?]
	at java.util.concurrent.CompletableFuture$AsyncSupply.run(Unknown Source) ~[?:?]
	at java.util.concurrent.CompletableFuture$AsyncSupply.exec(Unknown Source) ~[?:?]
	at java.util.concurrent.ForkJoinTask.doExec(Unknown Source) ~[?:?]
	at java.util.concurrent.ForkJoinPool$WorkQueue.topLevelExec(Unknown Source) ~[?:?]
	at java.util.concurrent.ForkJoinPool.scan(Unknown Source) ~[?:?]
	at java.util.concurrent.ForkJoinPool.runWorker(Unknown Source) ~[?:?]
	at java.util.concurrent.ForkJoinWorkerThread.run(Unknown Source) ~[?:?]
[08:37:40] [Worker-Main-2/ERROR]: Failed to load model vs_clockwork:models/block/reactionwheel/old/alsoold/wheeltop.json
java.util.NoSuchElementException: No value present
	at java.util.Optional.orElseThrow(Unknown Source) ~[?:?]
	at net.minecraftforge.client.model.obj.ObjLoader.lambda$loadModel$0(ObjLoader.java:67) ~[forge-1.20.1-47.4.20-universal.jar%23234!/:?]
	at java.util.concurrent.ConcurrentHashMap.computeIfAbsent(Unknown Source) ~[?:?]
	at net.minecraftforge.client.model.obj.ObjLoader.loadModel(ObjLoader.java:66) ~[forge-1.20.1-47.4.20-universal.jar%23234!/:?]
	at net.minecraftforge.client.model.obj.ObjLoader.read(ObjLoader.java:61) ~[forge-1.20.1-47.4.20-universal.jar%23234!/:?]
	at net.minecraftforge.client.model.obj.ObjLoader.read(ObjLoader.java:30) ~[forge-1.20.1-47.4.20-universal.jar%23234!/:?]
	at net.minecraftforge.client.model.ExtendedBlockModelDeserializer.deserializeGeometry(ExtendedBlockModelDeserializer.java:105) ~[forge-1.20.1-47.4.20-universal.jar%23234!/:?]
	at net.minecraftforge.client.model.ExtendedBlockModelDeserializer.deserialize(ExtendedBlockModelDeserializer.java:55) ~[forge-1.20.1-47.4.20-universal.jar%23234!/:?]
	at net.minecraftforge.client.model.ExtendedBlockModelDeserializer.deserialize(ExtendedBlockModelDeserializer.java:38) ~[forge-1.20.1-47.4.20-universal.jar%23234!/:?]
	at com.google.gson.internal.bind.TreeTypeAdapter.read(TreeTypeAdapter.java:76) ~[gson-2.10.jar%2388!/:?]
	at net.minecraft.util.GsonHelper.m_13780_(GsonHelper.java:524) ~[client-1.20.1-20230612.114412-srg.jar%23229!/:?]
	at net.minecraft.util.GsonHelper.m_263475_(GsonHelper.java:531) ~[client-1.20.1-20230612.114412-srg.jar%23229!/:?]
	at net.minecraft.util.GsonHelper.m_13776_(GsonHelper.java:581) ~[client-1.20.1-20230612.114412-srg.jar%23229!/:?]
	at net.minecraft.client.renderer.block.model.BlockModel.m_111461_(BlockModel.java:74) ~[client-1.20.1-20230612.114412-srg.jar%23229!/:?]
	at net.minecraft.client.resources.model.ModelManager.m_246478_(ModelManager.java:110) ~[client-1.20.1-20230612.114412-srg.jar%23229!/:?]
	at java.util.concurrent.CompletableFuture$AsyncSupply.run(Unknown Source) ~[?:?]
	at java.util.concurrent.CompletableFuture$AsyncSupply.exec(Unknown Source) ~[?:?]
	at java.util.concurrent.ForkJoinTask.doExec(Unknown Source) ~[?:?]
	at java.util.concurrent.ForkJoinPool$WorkQueue.topLevelExec(Unknown Source) ~[?:?]
	at java.util.concurrent.ForkJoinPool.scan(Unknown Source) ~[?:?]
	at java.util.concurrent.ForkJoinPool.runWorker(Unknown Source) ~[?:?]
	at java.util.concurrent.ForkJoinWorkerThread.run(Unknown Source) ~[?:?]
[08:37:44] [Worker-Main-5/WARN]: Texture vs_clockwork:block/gas_pump with size 40x40 limits mip level from 4 to 3
[08:37:44] [Worker-Main-5/WARN]: Texture vs_clockwork:block/hose with size 9x15 limits mip level from 3 to 0
[08:37:53] [Worker-Main-4/WARN]: Exception loading blockstate definition: 'kelvin:blockstates/particle_spawner.json' missing model for variant: 'kelvin:particle_spawner#'
[08:37:53] [Worker-Main-4/WARN]: Unable to load model: 'minecraft:valkyrienskies' referenced from: valkyrienskies:test_flap#facing=north: java.io.FileNotFoundException: minecraft:models/valkyrienskies.json
[08:38:00] [Worker-Main-4/WARN]: Exception loading blockstate definition: 'vs_clockwork:blockstates/asteroid_block.json' missing model for variant: 'vs_clockwork:asteroid_block#'
[08:38:00] [Worker-Main-4/WARN]: Exception loading blockstate definition: 'vs_clockwork:blockstates/debug_lightning_arcer.json' missing model for variant: 'vs_clockwork:debug_lightning_arcer#'
[08:38:00] [Worker-Main-4/WARN]: Exception loading blockstate definition: 'vs_clockwork:blockstates/solver.json' missing model for variant: 'vs_clockwork:solver#facing=down'
[08:38:00] [Worker-Main-4/WARN]: Exception loading blockstate definition: 'vs_clockwork:blockstates/solver.json' missing model for variant: 'vs_clockwork:solver#facing=east'
[08:38:00] [Worker-Main-4/WARN]: Exception loading blockstate definition: 'vs_clockwork:blockstates/solver.json' missing model for variant: 'vs_clockwork:solver#facing=west'
[08:38:00] [Worker-Main-4/WARN]: Exception loading blockstate definition: 'vs_clockwork:blockstates/solver.json' missing model for variant: 'vs_clockwork:solver#facing=south'
[08:38:00] [Worker-Main-4/WARN]: Exception loading blockstate definition: 'vs_clockwork:blockstates/solver.json' missing model for variant: 'vs_clockwork:solver#facing=north'
[08:38:00] [Worker-Main-4/WARN]: Exception loading blockstate definition: 'vs_clockwork:blockstates/solver.json' missing model for variant: 'vs_clockwork:solver#facing=up'
[08:38:00] [Worker-Main-4/WARN]: Exception loading blockstate definition: 'trackwork:blockstates/large_phys_track.json' missing model for variant: 'trackwork:large_phys_track#axis=z,axis_along_first=true,part=middle'
[08:38:00] [Worker-Main-4/WARN]: Exception loading blockstate definition: 'trackwork:blockstates/large_phys_track.json' missing model for variant: 'trackwork:large_phys_track#axis=x,axis_along_first=false,part=end'
[08:38:00] [Worker-Main-4/WARN]: Exception loading blockstate definition: 'trackwork:blockstates/large_phys_track.json' missing model for variant: 'trackwork:large_phys_track#axis=z,axis_along_first=false,part=start'
[08:38:00] [Worker-Main-4/WARN]: Exception loading blockstate definition: 'trackwork:blockstates/large_phys_track.json' missing model for variant: 'trackwork:large_phys_track#axis=y,axis_along_first=true,part=end'
[08:38:00] [Worker-Main-4/WARN]: Exception loading blockstate definition: 'trackwork:blockstates/large_phys_track.json' missing model for variant: 'trackwork:large_phys_track#axis=z,axis_along_first=true,part=none'
[08:38:00] [Worker-Main-4/WARN]: Exception loading blockstate definition: 'trackwork:blockstates/large_phys_track.json' missing model for variant: 'trackwork:large_phys_track#axis=y,axis_along_first=true,part=start'
[08:38:00] [Worker-Main-4/WARN]: Exception loading blockstate definition: 'trackwork:blockstates/large_phys_track.json' missing model for variant: 'trackwork:large_phys_track#axis=x,axis_along_first=true,part=start'
[08:38:00] [Worker-Main-4/WARN]: Exception loading blockstate definition: 'trackwork:blockstates/large_phys_track.json' missing model for variant: 'trackwork:large_phys_track#axis=y,axis_along_first=false,part=middle'
[08:38:00] [Worker-Main-4/WARN]: Exception loading blockstate definition: 'trackwork:blockstates/large_phys_track.json' missing model for variant: 'trackwork:large_phys_track#axis=z,axis_along_first=false,part=middle'
[08:38:00] [Worker-Main-4/WARN]: Exception loading blockstate definition: 'trackwork:blockstates/large_phys_track.json' missing model for variant: 'trackwork:large_phys_track#axis=z,axis_along_first=true,part=start'
[08:38:00] [Worker-Main-4/WARN]: Exception loading blockstate definition: 'trackwork:blockstates/large_phys_track.json' missing model for variant: 'trackwork:large_phys_track#axis=x,axis_along_first=false,part=middle'
[08:38:00] [Worker-Main-4/WARN]: Exception loading blockstate definition: 'trackwork:blockstates/large_phys_track.json' missing model for variant: 'trackwork:large_phys_track#axis=x,axis_along_first=true,part=middle'
[08:38:00] [Worker-Main-4/WARN]: Exception loading blockstate definition: 'trackwork:blockstates/large_phys_track.json' missing model for variant: 'trackwork:large_phys_track#axis=x,axis_along_first=true,part=end'
[08:38:00] [Worker-Main-4/WARN]: Exception loading blockstate definition: 'trackwork:blockstates/large_phys_track.json' missing model for variant: 'trackwork:large_phys_track#axis=x,axis_along_first=true,part=none'
[08:38:00] [Worker-Main-4/WARN]: Exception loading blockstate definition: 'trackwork:blockstates/large_phys_track.json' missing model for variant: 'trackwork:large_phys_track#axis=x,axis_along_first=false,part=none'
[08:38:00] [Worker-Main-4/WARN]: Exception loading blockstate definition: 'trackwork:blockstates/large_phys_track.json' missing model for variant: 'trackwork:large_phys_track#axis=y,axis_along_first=false,part=none'
[08:38:00] [Worker-Main-4/WARN]: Exception loading blockstate definition: 'trackwork:blockstates/large_phys_track.json' missing model for variant: 'trackwork:large_phys_track#axis=z,axis_along_first=false,part=none'
[08:38:00] [Worker-Main-4/WARN]: Exception loading blockstate definition: 'trackwork:blockstates/large_phys_track.json' missing model for variant: 'trackwork:large_phys_track#axis=x,axis_along_first=false,part=start'
[08:38:00] [Worker-Main-4/WARN]: Exception loading blockstate definition: 'trackwork:blockstates/large_phys_track.json' missing model for variant: 'trackwork:large_phys_track#axis=z,axis_along_first=true,part=end'
[08:38:00] [Worker-Main-4/WARN]: Exception loading blockstate definition: 'trackwork:blockstates/large_phys_track.json' missing model for variant: 'trackwork:large_phys_track#axis=z,axis_along_first=false,part=end'
[08:38:00] [Worker-Main-4/WARN]: Exception loading blockstate definition: 'trackwork:blockstates/large_phys_track.json' missing model for variant: 'trackwork:large_phys_track#axis=y,axis_along_first=true,part=middle'
[08:38:00] [Worker-Main-4/WARN]: Exception loading blockstate definition: 'trackwork:blockstates/large_phys_track.json' missing model for variant: 'trackwork:large_phys_track#axis=y,axis_along_first=false,part=start'
[08:38:00] [Worker-Main-4/WARN]: Exception loading blockstate definition: 'trackwork:blockstates/large_phys_track.json' missing model for variant: 'trackwork:large_phys_track#axis=y,axis_along_first=true,part=none'
[08:38:00] [Worker-Main-4/WARN]: Exception loading blockstate definition: 'trackwork:blockstates/large_phys_track.json' missing model for variant: 'trackwork:large_phys_track#axis=y,axis_along_first=false,part=end'
[08:38:00] [Worker-Main-4/WARN]: Exception loading blockstate definition: 'trackwork:blockstates/med_phys_track.json' missing model for variant: 'trackwork:med_phys_track#axis=x,axis_along_first=true,part=start'
[08:38:00] [Worker-Main-4/WARN]: Exception loading blockstate definition: 'trackwork:blockstates/med_phys_track.json' missing model for variant: 'trackwork:med_phys_track#axis=y,axis_along_first=true,part=middle'
[08:38:00] [Worker-Main-4/WARN]: Exception loading blockstate definition: 'trackwork:blockstates/med_phys_track.json' missing model for variant: 'trackwork:med_phys_track#axis=y,axis_along_first=true,part=none'
[08:38:00] [Worker-Main-4/WARN]: Exception loading blockstate definition: 'trackwork:blockstates/med_phys_track.json' missing model for variant: 'trackwork:med_phys_track#axis=x,axis_along_first=false,part=middle'
[08:38:00] [Worker-Main-4/WARN]: Exception loading blockstate definition: 'trackwork:blockstates/med_phys_track.json' missing model for variant: 'trackwork:med_phys_track#axis=y,axis_along_first=false,part=middle'
[08:38:00] [Worker-Main-4/WARN]: Exception loading blockstate definition: 'trackwork:blockstates/med_phys_track.json' missing model for variant: 'trackwork:med_phys_track#axis=z,axis_along_first=true,part=start'
[08:38:00] [Worker-Main-4/WARN]: Exception loading blockstate definition: 'trackwork:blockstates/med_phys_track.json' missing model for variant: 'trackwork:med_phys_track#axis=z,axis_along_first=false,part=middle'
[08:38:00] [Worker-Main-4/WARN]: Exception loading blockstate definition: 'trackwork:blockstates/med_phys_track.json' missing model for variant: 'trackwork:med_phys_track#axis=y,axis_along_first=true,part=start'
[08:38:00] [Worker-Main-4/WARN]: Exception loading blockstate definition: 'trackwork:blockstates/med_phys_track.json' missing model for variant: 'trackwork:med_phys_track#axis=y,axis_along_first=false,part=start'
[08:38:00] [Worker-Main-4/WARN]: Exception loading blockstate definition: 'trackwork:blockstates/med_phys_track.json' missing model for variant: 'trackwork:med_phys_track#axis=z,axis_along_first=true,part=middle'
[08:38:00] [Worker-Main-4/WARN]: Exception loading blockstate definition: 'trackwork:blockstates/med_phys_track.json' missing model for variant: 'trackwork:med_phys_track#axis=z,axis_along_first=false,part=end'
[08:38:00] [Worker-Main-4/WARN]: Exception loading blockstate definition: 'trackwork:blockstates/med_phys_track.json' missing model for variant: 'trackwork:med_phys_track#axis=y,axis_along_first=true,part=end'
[08:38:00] [Worker-Main-4/WARN]: Exception loading blockstate definition: 'trackwork:blockstates/med_phys_track.json' missing model for variant: 'trackwork:med_phys_track#axis=z,axis_along_first=true,part=none'
[08:38:00] [Worker-Main-4/WARN]: Exception loading blockstate definition: 'trackwork:blockstates/med_phys_track.json' missing model for variant: 'trackwork:med_phys_track#axis=z,axis_along_first=false,part=start'
[08:38:00] [Worker-Main-4/WARN]: Exception loading blockstate definition: 'trackwork:blockstates/med_phys_track.json' missing model for variant: 'trackwork:med_phys_track#axis=y,axis_along_first=false,part=end'
[08:38:00] [Worker-Main-4/WARN]: Exception loading blockstate definition: 'trackwork:blockstates/med_phys_track.json' missing model for variant: 'trackwork:med_phys_track#axis=z,axis_along_first=false,part=none'
[08:38:00] [Worker-Main-4/WARN]: Exception loading blockstate definition: 'trackwork:blockstates/med_phys_track.json' missing model for variant: 'trackwork:med_phys_track#axis=x,axis_along_first=false,part=none'
[08:38:00] [Worker-Main-4/WARN]: Exception loading blockstate definition: 'trackwork:blockstates/med_phys_track.json' missing model for variant: 'trackwork:med_phys_track#axis=y,axis_along_first=false,part=none'
[08:38:00] [Worker-Main-4/WARN]: Exception loading blockstate definition: 'trackwork:blockstates/med_phys_track.json' missing model for variant: 'trackwork:med_phys_track#axis=x,axis_along_first=true,part=end'
[08:38:00] [Worker-Main-4/WARN]: Exception loading blockstate definition: 'trackwork:blockstates/med_phys_track.json' missing model for variant: 'trackwork:med_phys_track#axis=x,axis_along_first=true,part=none'
[08:38:00] [Worker-Main-4/WARN]: Exception loading blockstate definition: 'trackwork:blockstates/med_phys_track.json' missing model for variant: 'trackwork:med_phys_track#axis=x,axis_along_first=true,part=middle'
[08:38:00] [Worker-Main-4/WARN]: Exception loading blockstate definition: 'trackwork:blockstates/med_phys_track.json' missing model for variant: 'trackwork:med_phys_track#axis=x,axis_along_first=false,part=end'
[08:38:00] [Worker-Main-4/WARN]: Exception loading blockstate definition: 'trackwork:blockstates/med_phys_track.json' missing model for variant: 'trackwork:med_phys_track#axis=x,axis_along_first=false,part=start'
[08:38:00] [Worker-Main-4/WARN]: Exception loading blockstate definition: 'trackwork:blockstates/med_phys_track.json' missing model for variant: 'trackwork:med_phys_track#axis=z,axis_along_first=true,part=end'
[08:38:00] [Worker-Main-4/WARN]: Unable to load model: 'create:block/small_tire' referenced from: trackwork:small_simple_wheel_part#axis=x: java.io.FileNotFoundException: create:models/block/small_tire.json
[08:38:01] [Worker-Main-4/WARN]: Unable to load model: 'vs_clockwork:debug_lightning_arcer#inventory' referenced from: vs_clockwork:debug_lightning_arcer#inventory: java.io.FileNotFoundException: vs_clockwork:models/item/debug_lightning_arcer.json
[08:38:01] [Worker-Main-4/WARN]: Unable to load model: 'vs_clockwork:solver#inventory' referenced from: vs_clockwork:solver#inventory: java.io.FileNotFoundException: vs_clockwork:models/item/solver.json
[08:38:01] [Worker-Main-4/WARN]: Unable to load model: 'vs_clockwork:wanderlite_cube#inventory' referenced from: vs_clockwork:wanderlite_cube#inventory: java.io.FileNotFoundException: vs_clockwork:models/item/wanderlite_cube.json
[08:38:01] [Worker-Main-4/WARN]: Unable to load model: 'vs_clockwork:wanderlite_matrix#inventory' referenced from: vs_clockwork:wanderlite_matrix#inventory: java.io.FileNotFoundException: vs_clockwork:models/item/wanderlite_matrix.json
[08:38:01] [Worker-Main-4/WARN]: Unable to load model: 'vs_clockwork:triode#inventory' referenced from: vs_clockwork:triode#inventory: java.io.FileNotFoundException: vs_clockwork:models/item/triode.json
[08:38:01] [Worker-Main-4/WARN]: Unable to load model: 'vs_clockwork:block/afterblazer/plume_angry' referenced from: vs_clockwork:block/afterblazer/plume_angry: java.io.FileNotFoundException: vs_clockwork:models/block/afterblazer/plume_angry.json
[08:38:01] [Worker-Main-4/WARN]: Unable to load model: 'vs_clockwork:block/boing' referenced from: vs_clockwork:block/boing: java.io.FileNotFoundException: vs_clockwork:models/block/boing.json
[08:38:01] [Worker-Main-4/WARN]: Unable to load model: 'create:block/belt' referenced from: trackwork:block/wrapped_link: java.io.FileNotFoundException: create:models/block/belt.json
[08:38:01] [Worker-Main-4/WARN]: Unable to load model: 'vs_clockwork:block/afterblazer/blaze_infuriated' referenced from: vs_clockwork:block/afterblazer/blaze_infuriated: java.io.FileNotFoundException: vs_clockwork:models/block/afterblazer/blaze_infuriated.json
[08:38:01] [Worker-Main-4/WARN]: Unable to load model: 'vs_clockwork:block/reactionwheel/wheeltop' referenced from: vs_clockwork:block/reactionwheel/wheeltop: java.io.FileNotFoundException: vs_clockwork:models/block/reactionwheel/wheeltop.json
[08:38:01] [Worker-Main-4/WARN]: Unable to load model: 'vs_clockwork:block/afterblazer/plume_infuriated' referenced from: vs_clockwork:block/afterblazer/plume_infuriated: java.io.FileNotFoundException: vs_clockwork:models/block/afterblazer/plume_infuriated.json
[08:38:02] [Worker-Main-4/WARN]: Unable to load model: 'vs_clockwork:block/reactionwheel/wheelbottom' referenced from: vs_clockwork:block/reactionwheel/wheelbottom: java.io.FileNotFoundException: vs_clockwork:models/block/reactionwheel/wheelbottom.json
[08:38:18] [Worker-Main-4/WARN]: Missing textures in model valkyrienskies:test_flap#facing=north:
    minecraft:textures/atlas/blocks.png:valkyrienskies:test_wing
[08:38:18] [Worker-Main-4/WARN]: Missing textures in model minecraft:chainmail_boots#inventory:
    minecraft:textures/atlas/blocks.png:minecraft:trims/items/boots_trim_amethyst
    minecraft:textures/atlas/blocks.png:minecraft:trims/items/boots_trim_copper
    minecraft:textures/atlas/blocks.png:minecraft:trims/items/boots_trim_diamond
    minecraft:textures/atlas/blocks.png:minecraft:trims/items/boots_trim_emerald
    minecraft:textures/atlas/blocks.png:minecraft:trims/items/boots_trim_gold
    minecraft:textures/atlas/blocks.png:minecraft:trims/items/boots_trim_iron
    minecraft:textures/atlas/blocks.png:minecraft:trims/items/boots_trim_lapis
    minecraft:textures/atlas/blocks.png:minecraft:trims/items/boots_trim_netherite
    minecraft:textures/atlas/blocks.png:minecraft:trims/items/boots_trim_quartz
    minecraft:textures/atlas/blocks.png:minecraft:trims/items/boots_trim_redstone
[08:38:18] [Worker-Main-4/WARN]: Missing textures in model valkyrienskies:test_wing#facing=east:
    minecraft:textures/atlas/blocks.png:valkyrienskies:test_wing
[08:38:18] [Worker-Main-4/WARN]: Missing textures in model minecraft:golden_leggings#inventory:
    minecraft:textures/atlas/blocks.png:minecraft:trims/items/leggings_trim_amethyst
    minecraft:textures/atlas/blocks.png:minecraft:trims/items/leggings_trim_copper
    minecraft:textures/atlas/blocks.png:minecraft:trims/items/leggings_trim_diamond
    minecraft:textures/atlas/blocks.png:minecraft:trims/items/leggings_trim_emerald
    minecraft:textures/atlas/blocks.png:minecraft:trims/items/leggings_trim_gold_darker
    minecraft:textures/atlas/blocks.png:minecraft:trims/items/leggings_trim_iron
    minecraft:textures/atlas/blocks.png:minecraft:trims/items/leggings_trim_lapis
    minecraft:textures/atlas/blocks.png:minecraft:trims/items/leggings_trim_netherite
    minecraft:textures/atlas/blocks.png:minecraft:trims/items/leggings_trim_quartz
    minecraft:textures/atlas/blocks.png:minecraft:trims/items/leggings_trim_redstone
[08:38:18] [Worker-Main-4/WARN]: Missing textures in model minecraft:netherite_boots#inventory:
    minecraft:textures/atlas/blocks.png:minecraft:trims/items/boots_trim_amethyst
    minecraft:textures/atlas/blocks.png:minecraft:trims/items/boots_trim_copper
    minecraft:textures/atlas/blocks.png:minecraft:trims/items/boots_trim_diamond
    minecraft:textures/atlas/blocks.png:minecraft:trims/items/boots_trim_emerald
    minecraft:textures/atlas/blocks.png:minecraft:trims/items/boots_trim_gold
    minecraft:textures/atlas/blocks.png:minecraft:trims/items/boots_trim_iron
    minecraft:textures/atlas/blocks.png:minecraft:trims/items/boots_trim_lapis
    minecraft:textures/atlas/blocks.png:minecraft:trims/items/boots_trim_netherite_darker
    minecraft:textures/atlas/blocks.png:minecraft:trims/items/boots_trim_quartz
    minecraft:textures/atlas/blocks.png:minecraft:trims/items/boots_trim_redstone
[08:38:18] [Worker-Main-4/WARN]: Missing textures in model minecraft:diamond_chestplate#inventory:
    minecraft:textures/atlas/blocks.png:minecraft:trims/items/chestplate_trim_amethyst
    minecraft:textures/atlas/blocks.png:minecraft:trims/items/chestplate_trim_copper
    minecraft:textures/atlas/blocks.png:minecraft:trims/items/chestplate_trim_diamond_darker
    minecraft:textures/atlas/blocks.png:minecraft:trims/items/chestplate_trim_emerald
    minecraft:textures/atlas/blocks.png:minecraft:trims/items/chestplate_trim_gold
    minecraft:textures/atlas/blocks.png:minecraft:trims/items/chestplate_trim_iron
    minecraft:textures/atlas/blocks.png:minecraft:trims/items/chestplate_trim_lapis
    minecraft:textures/atlas/blocks.png:minecraft:trims/items/chestplate_trim_netherite
    minecraft:textures/atlas/blocks.png:minecraft:trims/items/chestplate_trim_quartz
    minecraft:textures/atlas/blocks.png:minecraft:trims/items/chestplate_trim_redstone
[08:38:18] [Worker-Main-4/WARN]: Missing textures in model valkyrienskies:test_wing#facing=south:
    minecraft:textures/atlas/blocks.png:valkyrienskies:test_wing
[08:38:18] [Worker-Main-4/WARN]: Missing textures in model minecraft:golden_chestplate#inventory:
    minecraft:textures/atlas/blocks.png:minecraft:trims/items/chestplate_trim_amethyst
    minecraft:textures/atlas/blocks.png:minecraft:trims/items/chestplate_trim_copper
    minecraft:textures/atlas/blocks.png:minecraft:trims/items/chestplate_trim_diamond
    minecraft:textures/atlas/blocks.png:minecraft:trims/items/chestplate_trim_emerald
    minecraft:textures/atlas/blocks.png:minecraft:trims/items/chestplate_trim_gold_darker
    minecraft:textures/atlas/blocks.png:minecraft:trims/items/chestplate_trim_iron
    minecraft:textures/atlas/blocks.png:minecraft:trims/items/chestplate_trim_lapis
    minecraft:textures/atlas/blocks.png:minecraft:trims/items/chestplate_trim_netherite
    minecraft:textures/atlas/blocks.png:minecraft:trims/items/chestplate_trim_quartz
    minecraft:textures/atlas/blocks.png:minecraft:trims/items/chestplate_trim_redstone
[08:38:18] [Worker-Main-4/WARN]: Missing textures in model vs_clockwork:duct_tank#bottom=true,large=true,top=false:
    minecraft:textures/atlas/blocks.png:vs_clockwork:block/duct_tank
    minecraft:textures/atlas/blocks.png:vs_clockwork:block/duct_tank_top
[08:38:18] [Worker-Main-4/WARN]: Missing textures in model minecraft:diamond_leggings#inventory:
    minecraft:textures/atlas/blocks.png:minecraft:trims/items/leggings_trim_amethyst
    minecraft:textures/atlas/blocks.png:minecraft:trims/items/leggings_trim_copper
    minecraft:textures/atlas/blocks.png:minecraft:trims/items/leggings_trim_diamond_darker
    minecraft:textures/atlas/blocks.png:minecraft:trims/items/leggings_trim_emerald
    minecraft:textures/atlas/blocks.png:minecraft:trims/items/leggings_trim_gold
    minecraft:textures/atlas/blocks.png:minecraft:trims/items/leggings_trim_iron
    minecraft:textures/atlas/blocks.png:minecraft:trims/items/leggings_trim_lapis
    minecraft:textures/atlas/blocks.png:minecraft:trims/items/leggings_trim_netherite
    minecraft:textures/atlas/blocks.png:minecraft:trims/items/leggings_trim_quartz
    minecraft:textures/atlas/blocks.png:minecraft:trims/items/leggings_trim_redstone
[08:38:18] [Worker-Main-4/WARN]: Missing textures in model minecraft:leather_boots#inventory:
    minecraft:textures/atlas/blocks.png:minecraft:trims/items/boots_trim_amethyst
    minecraft:textures/atlas/blocks.png:minecraft:trims/items/boots_trim_copper
    minecraft:textures/atlas/blocks.png:minecraft:trims/items/boots_trim_diamond
    minecraft:textures/atlas/blocks.png:minecraft:trims/items/boots_trim_emerald
    minecraft:textures/atlas/blocks.png:minecraft:trims/items/boots_trim_gold
    minecraft:textures/atlas/blocks.png:minecraft:trims/items/boots_trim_iron
    minecraft:textures/atlas/blocks.png:minecraft:trims/items/boots_trim_lapis
    minecraft:textures/atlas/blocks.png:minecraft:trims/items/boots_trim_netherite
    minecraft:textures/atlas/blocks.png:minecraft:trims/items/boots_trim_quartz
    minecraft:textures/atlas/blocks.png:minecraft:trims/items/boots_trim_redstone
[08:38:18] [Worker-Main-4/WARN]: Missing textures in model valkyrienskies:test_flap#inventory:
    minecraft:textures/atlas/blocks.png:valkyrienskies:test_wing
[08:38:18] [Worker-Main-4/WARN]: Missing textures in model minecraft:netherite_helmet#inventory:
    minecraft:textures/atlas/blocks.png:minecraft:trims/items/helmet_trim_amethyst
    minecraft:textures/atlas/blocks.png:minecraft:trims/items/helmet_trim_copper
    minecraft:textures/atlas/blocks.png:minecraft:trims/items/helmet_trim_diamond
    minecraft:textures/atlas/blocks.png:minecraft:trims/items/helmet_trim_emerald
    minecraft:textures/atlas/blocks.png:minecraft:trims/items/helmet_trim_gold
    minecraft:textures/atlas/blocks.png:minecraft:trims/items/helmet_trim_iron
    minecraft:textures/atlas/blocks.png:minecraft:trims/items/helmet_trim_lapis
    minecraft:textures/atlas/blocks.png:minecraft:trims/items/helmet_trim_netherite_darker
    minecraft:textures/atlas/blocks.png:minecraft:trims/items/helmet_trim_quartz
    minecraft:textures/atlas/blocks.png:minecraft:trims/items/helmet_trim_redstone
[08:38:18] [Worker-Main-4/WARN]: Missing textures in model minecraft:chainmail_leggings#inventory:
    minecraft:textures/atlas/blocks.png:minecraft:trims/items/leggings_trim_amethyst
    minecraft:textures/atlas/blocks.png:minecraft:trims/items/leggings_trim_copper
    minecraft:textures/atlas/blocks.png:minecraft:trims/items/leggings_trim_diamond
    minecraft:textures/atlas/blocks.png:minecraft:trims/items/leggings_trim_emerald
    minecraft:textures/atlas/blocks.png:minecraft:trims/items/leggings_trim_gold
    minecraft:textures/atlas/blocks.png:minecraft:trims/items/leggings_trim_iron
    minecraft:textures/atlas/blocks.png:minecraft:trims/items/leggings_trim_lapis
    minecraft:textures/atlas/blocks.png:minecraft:trims/items/leggings_trim_netherite
    minecraft:textures/atlas/blocks.png:minecraft:trims/items/leggings_trim_quartz
    minecraft:textures/atlas/blocks.png:minecraft:trims/items/leggings_trim_redstone
[08:38:18] [Worker-Main-4/WARN]: Missing textures in model minecraft:golden_boots#inventory:
    minecraft:textures/atlas/blocks.png:minecraft:trims/items/boots_trim_amethyst
    minecraft:textures/atlas/blocks.png:minecraft:trims/items/boots_trim_copper
    minecraft:textures/atlas/blocks.png:minecraft:trims/items/boots_trim_diamond
    minecraft:textures/atlas/blocks.png:minecraft:trims/items/boots_trim_emerald
    minecraft:textures/atlas/blocks.png:minecraft:trims/items/boots_trim_gold_darker
    minecraft:textures/atlas/blocks.png:minecraft:trims/items/boots_trim_iron
    minecraft:textures/atlas/blocks.png:minecraft:trims/items/boots_trim_lapis
    minecraft:textures/atlas/blocks.png:minecraft:trims/items/boots_trim_netherite
    minecraft:textures/atlas/blocks.png:minecraft:trims/items/boots_trim_quartz
    minecraft:textures/atlas/blocks.png:minecraft:trims/items/boots_trim_redstone
[08:38:18] [Worker-Main-4/WARN]: Missing textures in model fireheartcity:headphones#inventory:
    minecraft:textures/atlas/blocks.png:minecraft:block/magma_block
[08:38:18] [Worker-Main-4/WARN]: Missing textures in model minecraft:diamond_boots#inventory:
    minecraft:textures/atlas/blocks.png:minecraft:trims/items/boots_trim_amethyst
    minecraft:textures/atlas/blocks.png:minecraft:trims/items/boots_trim_copper
    minecraft:textures/atlas/blocks.png:minecraft:trims/items/boots_trim_diamond_darker
    minecraft:textures/atlas/blocks.png:minecraft:trims/items/boots_trim_emerald
    minecraft:textures/atlas/blocks.png:minecraft:trims/items/boots_trim_gold
    minecraft:textures/atlas/blocks.png:minecraft:trims/items/boots_trim_iron
    minecraft:textures/atlas/blocks.png:minecraft:trims/items/boots_trim_lapis
    minecraft:textures/atlas/blocks.png:minecraft:trims/items/boots_trim_netherite
    minecraft:textures/atlas/blocks.png:minecraft:trims/items/boots_trim_quartz
    minecraft:textures/atlas/blocks.png:minecraft:trims/items/boots_trim_redstone
[08:38:18] [Worker-Main-4/WARN]: Missing textures in model minecraft:chainmail_helmet#inventory:
    minecraft:textures/atlas/blocks.png:minecraft:trims/items/helmet_trim_amethyst
    minecraft:textures/atlas/blocks.png:minecraft:trims/items/helmet_trim_copper
    minecraft:textures/atlas/blocks.png:minecraft:trims/items/helmet_trim_diamond
    minecraft:textures/atlas/blocks.png:minecraft:trims/items/helmet_trim_emerald
    minecraft:textures/atlas/blocks.png:minecraft:trims/items/helmet_trim_gold
    minecraft:textures/atlas/blocks.png:minecraft:trims/items/helmet_trim_iron
    minecraft:textures/atlas/blocks.png:minecraft:trims/items/helmet_trim_lapis
    minecraft:textures/atlas/blocks.png:minecraft:trims/items/helmet_trim_netherite
    minecraft:textures/atlas/blocks.png:minecraft:trims/items/helmet_trim_quartz
    minecraft:textures/atlas/blocks.png:minecraft:trims/items/helmet_trim_redstone
[08:38:18] [Worker-Main-4/WARN]: Missing textures in model valkyrienskies:test_wing#facing=up:
    minecraft:textures/atlas/blocks.png:valkyrienskies:test_wing
[08:38:18] [Worker-Main-4/WARN]: Missing textures in model vs_clockwork:duct_tank#bottom=false,large=false,top=false:
    minecraft:textures/atlas/blocks.png:vs_clockwork:block/duct_tank
[08:38:18] [Worker-Main-4/WARN]: Missing textures in model vs_clockwork:block/valve_duct/pointer:
    minecraft:textures/atlas/blocks.png:create:block/copper_plating
[08:38:18] [Worker-Main-4/WARN]: Missing textures in model vs_clockwork:duct_tank#bottom=false,large=true,top=true:
    minecraft:textures/atlas/blocks.png:vs_clockwork:block/duct_tank
    minecraft:textures/atlas/blocks.png:vs_clockwork:block/duct_tank_top
[08:38:18] [Worker-Main-4/WARN]: Missing textures in model create:cardboard_helmet#inventory:
    minecraft:textures/atlas/blocks.png:create:trims/items/card_helmet_trim_amethyst
    minecraft:textures/atlas/blocks.png:create:trims/items/card_helmet_trim_copper
    minecraft:textures/atlas/blocks.png:create:trims/items/card_helmet_trim_diamond
    minecraft:textures/atlas/blocks.png:create:trims/items/card_helmet_trim_emerald
    minecraft:textures/atlas/blocks.png:create:trims/items/card_helmet_trim_gold
    minecraft:textures/atlas/blocks.png:create:trims/items/card_helmet_trim_iron
    minecraft:textures/atlas/blocks.png:create:trims/items/card_helmet_trim_lapis
    minecraft:textures/atlas/blocks.png:create:trims/items/card_helmet_trim_netherite
    minecraft:textures/atlas/blocks.png:create:trims/items/card_helmet_trim_quartz
    minecraft:textures/atlas/blocks.png:create:trims/items/card_helmet_trim_redstone
[08:38:18] [Worker-Main-4/WARN]: Missing textures in model minecraft:netherite_leggings#inventory:
    minecraft:textures/atlas/blocks.png:minecraft:trims/items/leggings_trim_amethyst
    minecraft:textures/atlas/blocks.png:minecraft:trims/items/leggings_trim_copper
    minecraft:textures/atlas/blocks.png:minecraft:trims/items/leggings_trim_diamond
    minecraft:textures/atlas/blocks.png:minecraft:trims/items/leggings_trim_emerald
    minecraft:textures/atlas/blocks.png:minecraft:trims/items/leggings_trim_gold
    minecraft:textures/atlas/blocks.png:minecraft:trims/items/leggings_trim_iron
    minecraft:textures/atlas/blocks.png:minecraft:trims/items/leggings_trim_lapis
    minecraft:textures/atlas/blocks.png:minecraft:trims/items/leggings_trim_netherite_darker
    minecraft:textures/atlas/blocks.png:minecraft:trims/items/leggings_trim_quartz
    minecraft:textures/atlas/blocks.png:minecraft:trims/items/leggings_trim_redstone
[08:38:18] [Worker-Main-4/WARN]: Missing textures in model valkyrienskies:test_wing#facing=down:
    minecraft:textures/atlas/blocks.png:valkyrienskies:test_wing
[08:38:18] [Worker-Main-4/WARN]: Missing textures in model valkyrienskies:test_wing#facing=west:
    minecraft:textures/atlas/blocks.png:valkyrienskies:test_wing
[08:38:18] [Worker-Main-4/WARN]: Missing textures in model minecraft:leather_helmet#inventory:
    minecraft:textures/atlas/blocks.png:minecraft:trims/items/helmet_trim_amethyst
    minecraft:textures/atlas/blocks.png:minecraft:trims/items/helmet_trim_copper
    minecraft:textures/atlas/blocks.png:minecraft:trims/items/helmet_trim_diamond
    minecraft:textures/atlas/blocks.png:minecraft:trims/items/helmet_trim_emerald
    minecraft:textures/atlas/blocks.png:minecraft:trims/items/helmet_trim_gold
    minecraft:textures/atlas/blocks.png:minecraft:trims/items/helmet_trim_iron
    minecraft:textures/atlas/blocks.png:minecraft:trims/items/helmet_trim_lapis
    minecraft:textures/atlas/blocks.png:minecraft:trims/items/helmet_trim_netherite
    minecraft:textures/atlas/blocks.png:minecraft:trims/items/helmet_trim_quartz
    minecraft:textures/atlas/blocks.png:minecraft:trims/items/helmet_trim_redstone
[08:38:18] [Worker-Main-4/WARN]: Missing textures in model minecraft:leather_chestplate#inventory:
    minecraft:textures/atlas/blocks.png:minecraft:trims/items/chestplate_trim_amethyst
    minecraft:textures/atlas/blocks.png:minecraft:trims/items/chestplate_trim_copper
    minecraft:textures/atlas/blocks.png:minecraft:trims/items/chestplate_trim_diamond
    minecraft:textures/atlas/blocks.png:minecraft:trims/items/chestplate_trim_emerald
    minecraft:textures/atlas/blocks.png:minecraft:trims/items/chestplate_trim_gold
    minecraft:textures/atlas/blocks.png:minecraft:trims/items/chestplate_trim_iron
    minecraft:textures/atlas/blocks.png:minecraft:trims/items/chestplate_trim_lapis
    minecraft:textures/atlas/blocks.png:minecraft:trims/items/chestplate_trim_netherite
    minecraft:textures/atlas/blocks.png:minecraft:trims/items/chestplate_trim_quartz
    minecraft:textures/atlas/blocks.png:minecraft:trims/items/chestplate_trim_redstone
[08:38:18] [Worker-Main-4/WARN]: Missing textures in model minecraft:iron_boots#inventory:
    minecraft:textures/atlas/blocks.png:minecraft:trims/items/boots_trim_amethyst
    minecraft:textures/atlas/blocks.png:minecraft:trims/items/boots_trim_copper
    minecraft:textures/atlas/blocks.png:minecraft:trims/items/boots_trim_diamond
    minecraft:textures/atlas/blocks.png:minecraft:trims/items/boots_trim_emerald
    minecraft:textures/atlas/blocks.png:minecraft:trims/items/boots_trim_gold
    minecraft:textures/atlas/blocks.png:minecraft:trims/items/boots_trim_iron_darker
    minecraft:textures/atlas/blocks.png:minecraft:trims/items/boots_trim_lapis
    minecraft:textures/atlas/blocks.png:minecraft:trims/items/boots_trim_netherite
    minecraft:textures/atlas/blocks.png:minecraft:trims/items/boots_trim_quartz
    minecraft:textures/atlas/blocks.png:minecraft:trims/items/boots_trim_redstone
[08:38:18] [Worker-Main-4/WARN]: Missing textures in model minecraft:iron_chestplate#inventory:
    minecraft:textures/atlas/blocks.png:minecraft:trims/items/chestplate_trim_amethyst
    minecraft:textures/atlas/blocks.png:minecraft:trims/items/chestplate_trim_copper
    minecraft:textures/atlas/blocks.png:minecraft:trims/items/chestplate_trim_diamond
    minecraft:textures/atlas/blocks.png:minecraft:trims/items/chestplate_trim_emerald
    minecraft:textures/atlas/blocks.png:minecraft:trims/items/chestplate_trim_gold
    minecraft:textures/atlas/blocks.png:minecraft:trims/items/chestplate_trim_iron_darker
    minecraft:textures/atlas/blocks.png:minecraft:trims/items/chestplate_trim_lapis
    minecraft:textures/atlas/blocks.png:minecraft:trims/items/chestplate_trim_netherite
    minecraft:textures/atlas/blocks.png:minecraft:trims/items/chestplate_trim_quartz
    minecraft:textures/atlas/blocks.png:minecraft:trims/items/chestplate_trim_redstone
[08:38:18] [Worker-Main-4/WARN]: Missing textures in model minecraft:turtle_helmet#inventory:
    minecraft:textures/atlas/blocks.png:minecraft:trims/items/helmet_trim_amethyst
    minecraft:textures/atlas/blocks.png:minecraft:trims/items/helmet_trim_copper
    minecraft:textures/atlas/blocks.png:minecraft:trims/items/helmet_trim_diamond
    minecraft:textures/atlas/blocks.png:minecraft:trims/items/helmet_trim_emerald
    minecraft:textures/atlas/blocks.png:minecraft:trims/items/helmet_trim_gold
    minecraft:textures/atlas/blocks.png:minecraft:trims/items/helmet_trim_iron
    minecraft:textures/atlas/blocks.png:minecraft:trims/items/helmet_trim_lapis
    minecraft:textures/atlas/blocks.png:minecraft:trims/items/helmet_trim_netherite
    minecraft:textures/atlas/blocks.png:minecraft:trims/items/helmet_trim_quartz
    minecraft:textures/atlas/blocks.png:minecraft:trims/items/helmet_trim_redstone
[08:38:18] [Worker-Main-4/WARN]: Missing textures in model minecraft:iron_leggings#inventory:
    minecraft:textures/atlas/blocks.png:minecraft:trims/items/leggings_trim_amethyst
    minecraft:textures/atlas/blocks.png:minecraft:trims/items/leggings_trim_copper
    minecraft:textures/atlas/blocks.png:minecraft:trims/items/leggings_trim_diamond
    minecraft:textures/atlas/blocks.png:minecraft:trims/items/leggings_trim_emerald
    minecraft:textures/atlas/blocks.png:minecraft:trims/items/leggings_trim_gold
    minecraft:textures/atlas/blocks.png:minecraft:trims/items/leggings_trim_iron_darker
    minecraft:textures/atlas/blocks.png:minecraft:trims/items/leggings_trim_lapis
    minecraft:textures/atlas/blocks.png:minecraft:trims/items/leggings_trim_netherite
    minecraft:textures/atlas/blocks.png:minecraft:trims/items/leggings_trim_quartz
    minecraft:textures/atlas/blocks.png:minecraft:trims/items/leggings_trim_redstone
[08:38:18] [Worker-Main-4/WARN]: Missing textures in model minecraft:netherite_chestplate#inventory:
    minecraft:textures/atlas/blocks.png:minecraft:trims/items/chestplate_trim_amethyst
    minecraft:textures/atlas/blocks.png:minecraft:trims/items/chestplate_trim_copper
    minecraft:textures/atlas/blocks.png:minecraft:trims/items/chestplate_trim_diamond
    minecraft:textures/atlas/blocks.png:minecraft:trims/items/chestplate_trim_emerald
    minecraft:textures/atlas/blocks.png:minecraft:trims/items/chestplate_trim_gold
    minecraft:textures/atlas/blocks.png:minecraft:trims/items/chestplate_trim_iron
    minecraft:textures/atlas/blocks.png:minecraft:trims/items/chestplate_trim_lapis
    minecraft:textures/atlas/blocks.png:minecraft:trims/items/chestplate_trim_netherite_darker
    minecraft:textures/atlas/blocks.png:minecraft:trims/items/chestplate_trim_quartz
    minecraft:textures/atlas/blocks.png:minecraft:trims/items/chestplate_trim_redstone
[08:38:18] [Worker-Main-4/WARN]: Missing textures in model createaddition:small_light_connector#facing=west,mode=push,powered=true,rotation=x_clockwise_180,variant=default:
    minecraft:textures/atlas/blocks.png:create:block/chute_block
[08:38:18] [Worker-Main-4/WARN]: Missing textures in model create:cardboard_chestplate#inventory:
    minecraft:textures/atlas/blocks.png:create:trims/items/card_chestplate_trim_amethyst
    minecraft:textures/atlas/blocks.png:create:trims/items/card_chestplate_trim_copper
    minecraft:textures/atlas/blocks.png:create:trims/items/card_chestplate_trim_diamond
    minecraft:textures/atlas/blocks.png:create:trims/items/card_chestplate_trim_emerald
    minecraft:textures/atlas/blocks.png:create:trims/items/card_chestplate_trim_gold
    minecraft:textures/atlas/blocks.png:create:trims/items/card_chestplate_trim_iron
    minecraft:textures/atlas/blocks.png:create:trims/items/card_chestplate_trim_lapis
    minecraft:textures/atlas/blocks.png:create:trims/items/card_chestplate_trim_netherite
    minecraft:textures/atlas/blocks.png:create:trims/items/card_chestplate_trim_quartz
    minecraft:textures/atlas/blocks.png:create:trims/items/card_chestplate_trim_redstone
[08:38:18] [Worker-Main-4/WARN]: Missing textures in model minecraft:iron_helmet#inventory:
    minecraft:textures/atlas/blocks.png:minecraft:trims/items/helmet_trim_amethyst
    minecraft:textures/atlas/blocks.png:minecraft:trims/items/helmet_trim_copper
    minecraft:textures/atlas/blocks.png:minecraft:trims/items/helmet_trim_diamond
    minecraft:textures/atlas/blocks.png:minecraft:trims/items/helmet_trim_emerald
    minecraft:textures/atlas/blocks.png:minecraft:trims/items/helmet_trim_gold
    minecraft:textures/atlas/blocks.png:minecraft:trims/items/helmet_trim_iron_darker
    minecraft:textures/atlas/blocks.png:minecraft:trims/items/helmet_trim_lapis
    minecraft:textures/atlas/blocks.png:minecraft:trims/items/helmet_trim_netherite
    minecraft:textures/atlas/blocks.png:minecraft:trims/items/helmet_trim_quartz
    minecraft:textures/atlas/blocks.png:minecraft:trims/items/helmet_trim_redstone
[08:38:18] [Worker-Main-4/WARN]: Missing textures in model minecraft:golden_helmet#inventory:
    minecraft:textures/atlas/blocks.png:minecraft:trims/items/helmet_trim_amethyst
    minecraft:textures/atlas/blocks.png:minecraft:trims/items/helmet_trim_copper
    minecraft:textures/atlas/blocks.png:minecraft:trims/items/helmet_trim_diamond
    minecraft:textures/atlas/blocks.png:minecraft:trims/items/helmet_trim_emerald
    minecraft:textures/atlas/blocks.png:minecraft:trims/items/helmet_trim_gold_darker
    minecraft:textures/atlas/blocks.png:minecraft:trims/items/helmet_trim_iron
    minecraft:textures/atlas/blocks.png:minecraft:trims/items/helmet_trim_lapis
    minecraft:textures/atlas/blocks.png:minecraft:trims/items/helmet_trim_netherite
    minecraft:textures/atlas/blocks.png:minecraft:trims/items/helmet_trim_quartz
    minecraft:textures/atlas/blocks.png:minecraft:trims/items/helmet_trim_redstone
[08:38:18] [Worker-Main-4/WARN]: Missing textures in model create:cardboard_leggings#inventory:
    minecraft:textures/atlas/blocks.png:create:trims/items/card_leggings_trim_amethyst
    minecraft:textures/atlas/blocks.png:create:trims/items/card_leggings_trim_copper
    minecraft:textures/atlas/blocks.png:create:trims/items/card_leggings_trim_diamond
    minecraft:textures/atlas/blocks.png:create:trims/items/card_leggings_trim_emerald
    minecraft:textures/atlas/blocks.png:create:trims/items/card_leggings_trim_gold
    minecraft:textures/atlas/blocks.png:create:trims/items/card_leggings_trim_iron
    minecraft:textures/atlas/blocks.png:create:trims/items/card_leggings_trim_lapis
    minecraft:textures/atlas/blocks.png:create:trims/items/card_leggings_trim_netherite
    minecraft:textures/atlas/blocks.png:create:trims/items/card_leggings_trim_quartz
    minecraft:textures/atlas/blocks.png:create:trims/items/card_leggings_trim_redstone
[08:38:18] [Worker-Main-4/WARN]: Missing textures in model minecraft:leather_leggings#inventory:
    minecraft:textures/atlas/blocks.png:minecraft:trims/items/leggings_trim_amethyst
    minecraft:textures/atlas/blocks.png:minecraft:trims/items/leggings_trim_copper
    minecraft:textures/atlas/blocks.png:minecraft:trims/items/leggings_trim_diamond
    minecraft:textures/atlas/blocks.png:minecraft:trims/items/leggings_trim_emerald
    minecraft:textures/atlas/blocks.png:minecraft:trims/items/leggings_trim_gold
    minecraft:textures/atlas/blocks.png:minecraft:trims/items/leggings_trim_iron
    minecraft:textures/atlas/blocks.png:minecraft:trims/items/leggings_trim_lapis
    minecraft:textures/atlas/blocks.png:minecraft:trims/items/leggings_trim_netherite
    minecraft:textures/atlas/blocks.png:minecraft:trims/items/leggings_trim_quartz
    minecraft:textures/atlas/blocks.png:minecraft:trims/items/leggings_trim_redstone
[08:38:18] [Worker-Main-4/WARN]: Missing textures in model minecraft:diamond_helmet#inventory:
    minecraft:textures/atlas/blocks.png:minecraft:trims/items/helmet_trim_amethyst
    minecraft:textures/atlas/blocks.png:minecraft:trims/items/helmet_trim_copper
    minecraft:textures/atlas/blocks.png:minecraft:trims/items/helmet_trim_diamond_darker
    minecraft:textures/atlas/blocks.png:minecraft:trims/items/helmet_trim_emerald
    minecraft:textures/atlas/blocks.png:minecraft:trims/items/helmet_trim_gold
    minecraft:textures/atlas/blocks.png:minecraft:trims/items/helmet_trim_iron
    minecraft:textures/atlas/blocks.png:minecraft:trims/items/helmet_trim_lapis
    minecraft:textures/atlas/blocks.png:minecraft:trims/items/helmet_trim_netherite
    minecraft:textures/atlas/blocks.png:minecraft:trims/items/helmet_trim_quartz
    minecraft:textures/atlas/blocks.png:minecraft:trims/items/helmet_trim_redstone
[08:38:18] [Worker-Main-4/WARN]: Missing textures in model create:cardboard_boots#inventory:
    minecraft:textures/atlas/blocks.png:create:trims/items/card_boots_trim_amethyst
    minecraft:textures/atlas/blocks.png:create:trims/items/card_boots_trim_copper
    minecraft:textures/atlas/blocks.png:create:trims/items/card_boots_trim_diamond
    minecraft:textures/atlas/blocks.png:create:trims/items/card_boots_trim_emerald
    minecraft:textures/atlas/blocks.png:create:trims/items/card_boots_trim_gold
    minecraft:textures/atlas/blocks.png:create:trims/items/card_boots_trim_iron
    minecraft:textures/atlas/blocks.png:create:trims/items/card_boots_trim_lapis
    minecraft:textures/atlas/blocks.png:create:trims/items/card_boots_trim_netherite
    minecraft:textures/atlas/blocks.png:create:trims/items/card_boots_trim_quartz
    minecraft:textures/atlas/blocks.png:create:trims/items/card_boots_trim_redstone
[08:38:18] [Worker-Main-4/WARN]: Missing textures in model minecraft:chainmail_chestplate#inventory:
    minecraft:textures/atlas/blocks.png:minecraft:trims/items/chestplate_trim_amethyst
    minecraft:textures/atlas/blocks.png:minecraft:trims/items/chestplate_trim_copper
    minecraft:textures/atlas/blocks.png:minecraft:trims/items/chestplate_trim_diamond
    minecraft:textures/atlas/blocks.png:minecraft:trims/items/chestplate_trim_emerald
    minecraft:textures/atlas/blocks.png:minecraft:trims/items/chestplate_trim_gold
    minecraft:textures/atlas/blocks.png:minecraft:trims/items/chestplate_trim_iron
    minecraft:textures/atlas/blocks.png:minecraft:trims/items/chestplate_trim_lapis
    minecraft:textures/atlas/blocks.png:minecraft:trims/items/chestplate_trim_netherite
    minecraft:textures/atlas/blocks.png:minecraft:trims/items/chestplate_trim_quartz
    minecraft:textures/atlas/blocks.png:minecraft:trims/items/chestplate_trim_redstone
[08:38:18] [Worker-Main-4/WARN]: Missing textures in model valkyrienskies:test_wing#inventory:
    minecraft:textures/atlas/blocks.png:valkyrienskies:test_wing
[08:38:20] [Worker-Main-6/INFO]: Registering Ponder Scenes took 833.4 ms
[08:38:20] [Worker-Main-6/INFO]: Registering Ponder Tags took 31.61 ms
[08:38:40] [Render thread/WARN]: Missing sound for event: minecraft:item.goat_horn.play
[08:38:40] [Render thread/WARN]: Missing sound for event: minecraft:entity.goat.screaming.horn_break
[08:38:40] [Render thread/WARN]: Missing sound for event: vs_clockwork:doink
[08:38:40] [Render thread/WARN]: Missing sound for event: vs_clockwork:welder_whirr
[08:38:41] [Render thread/INFO]: OpenAL initialized on device OpenAL Soft on Speakers (Realtek(R) Audio)
[08:38:41] [Render thread/INFO]: Sound engine started
[08:38:41] [Render thread/INFO]: Created: 4096x4096x4 minecraft:textures/atlas/blocks.png-atlas
[08:38:42] [Render thread/INFO]: Created: 512x256x4 minecraft:textures/atlas/signs.png-atlas
[08:38:42] [Render thread/INFO]: Created: 512x512x4 minecraft:textures/atlas/shield_patterns.png-atlas
[08:38:42] [Render thread/INFO]: Created: 512x512x4 minecraft:textures/atlas/banner_patterns.png-atlas
[08:38:42] [Render thread/INFO]: Created: 16x16x4 minecraft:textures/atlas/armor_trims.png-atlas
[08:38:42] [Render thread/INFO]: Created: 128x64x4 minecraft:textures/atlas/decorated_pot.png-atlas
[08:38:42] [Render thread/INFO]: Created: 256x256x4 minecraft:textures/atlas/chest.png-atlas
[08:38:42] [Render thread/INFO]: Created: 512x256x4 minecraft:textures/atlas/shulker_boxes.png-atlas
[08:38:42] [Render thread/INFO]: Created: 512x256x4 minecraft:textures/atlas/beds.png-atlas
[08:38:42] [Render thread/INFO]: Transformed net/minecraft/client/renderer/entity/layers/CapeLayer with [customskinloader:render-patch]
[08:38:42] [Render thread/INFO]: Transformed ModLauncher target net/minecraft/client/renderer/entity/layers/CapeLayer with [customskinloader:render-patch]
[08:38:42] [Render thread/WARN]: Shader rendertype_entity_translucent_emissive could not find sampler named Sampler2 in the specified shader program.
[08:38:43] [Render thread/INFO]: Created: 2048x1024x0 minecraft:textures/atlas/particles.png-atlas
[08:38:43] [Render thread/INFO]: Created: 256x256x0 minecraft:textures/atlas/paintings.png-atlas
[08:38:43] [Render thread/INFO]: Created: 256x128x0 minecraft:textures/atlas/mob_effects.png-atlas
[08:38:43] [Render thread/WARN]: Mod(s) [oculus] are modifying Embeddium class me.jellysquid.mods.sodium.client.gl.device.GLRenderDevice$ImmediateDrawCommandList, which may cause instability.
[08:38:43] [Render thread/INFO]: Loaded 78 shader sources in 32.922 ms
[08:38:43] [Render thread/INFO]: Loaded 57 train hat configurations.
[08:38:43] [Render thread/INFO]: Created 180 recipes which will be injected into the game
[08:38:43] [Render thread/INFO]: Created 0 tags which will be injected into the game
[08:38:43] [Render thread/INFO]: Starting provider [plus.dragons.createdragonsplus.data.internal.CDPRuntimeRecipeProvider@74d4744c] for runtime resource [create_dragons_plus/runtime]
[08:38:43] [Render thread/INFO]: plus.dragons.createdragonsplus.data.internal.CDPRuntimeRecipeProvider@74d4744c finished after 21 ms
[08:38:43] [Render thread/INFO]: Injecting existing registry data into this CLIENT instance
[08:38:48] [Render thread/INFO]: Data Hash for Game Data and Variant List matched, skipping generation
[08:38:54] [Render thread/INFO]: Skipping loading recipe create_enchantment_industry:crafting/ender_woven_bag as it's serializer returned null
[08:38:54] [Render thread/INFO]: Skipping loading recipe create_enchantment_industry:crafting/blazes_enchanting_handbook as it's serializer returned null
[08:38:54] [Render thread/WARN]: Your custom createaddition:rolling/brass_ingot recipe (createaddition:rolling/brass_ingot) specified a duration. Durations have no impact on this type of recipe.
[08:38:54] [Render thread/WARN]: Your custom createaddition:rolling/copper_ingot recipe (createaddition:rolling/copper_ingot) specified a duration. Durations have no impact on this type of recipe.
[08:38:54] [Render thread/INFO]: Skipping loading recipe create_enchantment_industry:sequenced_assembly/brass_affix_template as it's serializer returned null
[08:38:54] [Render thread/INFO]: Skipping loading recipe create_enchantment_industry:smithing/blaze_composer as it's serializer returned null
[08:38:54] [Render thread/WARN]: Your custom createaddition:rolling/electrum_plate recipe (createaddition:rolling/electrum_plate) specified a duration. Durations have no impact on this type of recipe.
[08:38:54] [Render thread/WARN]: Your custom createaddition:rolling/iron_plate recipe (createaddition:rolling/iron_plate) specified a duration. Durations have no impact on this type of recipe.
[08:38:54] [Render thread/WARN]: Your custom createaddition:rolling/gold_plate recipe (createaddition:rolling/gold_plate) specified a duration. Durations have no impact on this type of recipe.
[08:38:54] [Render thread/INFO]: Skipping loading recipe create_enchantment_industry:smithing/classic_blaze_enchanter as it's serializer returned null
[08:38:54] [Render thread/WARN]: Your custom createaddition:rolling/electrum_ingot recipe (createaddition:rolling/electrum_ingot) specified a duration. Durations have no impact on this type of recipe.
[08:38:54] [Render thread/INFO]: Skipping loading recipe create_enchantment_industry:sequenced_assembly/apotheotic_affix_template as it's serializer returned null
[08:38:54] [Render thread/WARN]: Your custom createaddition:rolling/iron_ingot recipe (createaddition:rolling/iron_ingot) specified a duration. Durations have no impact on this type of recipe.
[08:38:54] [Render thread/INFO]: Skipping loading recipe create_enchantment_industry:crafting/affix_augmentor as it's serializer returned null
[08:38:54] [Render thread/WARN]: Your custom createaddition:rolling/gold_ingot recipe (createaddition:rolling/gold_ingot) specified a duration. Durations have no impact on this type of recipe.
[08:38:54] [Render thread/WARN]: Your custom createaddition:rolling/straw recipe (createaddition:rolling/straw) specified a duration. Durations have no impact on this type of recipe.
[08:38:54] [Render thread/INFO]: Skipping loading recipe create_enchantment_industry:sequenced_assembly/crystal_affix_template as it's serializer returned null
[08:38:54] [Render thread/INFO]: Skipping loading recipe create_enchantment_industry:crafting/gem_cutter as it's serializer returned null
[08:38:54] [Render thread/INFO]: Skipping loading recipe create_enchantment_industry:crafting/infuser as it's serializer returned null
[08:38:54] [Render thread/WARN]: Your custom createaddition:rolling/copper_plate recipe (createaddition:rolling/copper_plate) specified a duration. Durations have no impact on this type of recipe.
[08:38:54] [Render thread/INFO]: Skipping loading recipe create_enchantment_industry:sequenced_assembly/brass_bookshelf as it's serializer returned null
[08:38:54] [Render thread/INFO]: Loaded 47 recipes
[08:38:54] [Render thread/INFO]: Loaded 9201 advancements
[08:38:59] [Render thread/INFO]: Loaded 114 CEI data-map entries from 14 map types
[08:38:59] [Render thread/WARN]: No specified tag 'forge:storage_blocks/aluminum' doesn't exist!
[08:38:59] [Render thread/WARN]: No specified tag 'forge:storage_blocks/annealed_copper' doesn't exist!
[08:38:59] [Render thread/WARN]: No specified tag 'forge:storage_blocks/beryllium' doesn't exist!
[08:38:59] [Render thread/WARN]: No specified tag 'forge:storage_blocks/charcoal' doesn't exist!
[08:38:59] [Render thread/WARN]: No specified tag 'forge:storage_blocks/cobalt' doesn't exist!
[08:38:59] [Render thread/WARN]: No specified tag 'forge:storage_blocks/constantan' doesn't exist!
[08:38:59] [Render thread/WARN]: No specified tag 'forge:storage_blocks/electrum' doesn't exist!
[08:38:59] [Render thread/WARN]: No specified tag 'forge:storage_blocks/gallium' doesn't exist!
[08:38:59] [Render thread/WARN]: No specified tag 'forge:storage_blocks/iridium' doesn't exist!
[08:38:59] [Render thread/WARN]: No specified tag 'forge:storage_blocks/lead' doesn't exist!
[08:38:59] [Render thread/WARN]: No specified tag 'forge:storage_blocks/lithium' doesn't exist!
[08:38:59] [Render thread/WARN]: No specified tag 'forge:storage_blocks/magnetic_iron' doesn't exist!
[08:38:59] [Render thread/WARN]: No specified tag 'forge:storage_blocks/neodymium' doesn't exist!
[08:38:59] [Render thread/WARN]: No specified tag 'forge:storage_blocks/neutronium' doesn't exist!
[08:38:59] [Render thread/WARN]: No specified tag 'forge:storage_blocks/nickel' doesn't exist!
[08:38:59] [Render thread/WARN]: No specified tag 'forge:storage_blocks/opal' doesn't exist!
[08:38:59] [Render thread/WARN]: No specified tag 'forge:storage_blocks/osmium' doesn't exist!
[08:38:59] [Render thread/WARN]: No specified tag 'forge:storage_blocks/polyethylene' doesn't exist!
[08:38:59] [Render thread/WARN]: No specified tag 'forge:storage_blocks/silver' doesn't exist!
[08:38:59] [Render thread/WARN]: No specified tag 'forge:storage_blocks/tantalum' doesn't exist!
[08:38:59] [Render thread/WARN]: No specified tag 'forge:storage_blocks/tin' doesn't exist!
[08:38:59] [Render thread/WARN]: No specified tag 'forge:storage_blocks/titanium' doesn't exist!
[08:38:59] [Render thread/WARN]: No specified tag 'forge:storage_blocks/uranium' doesn't exist!
[08:38:59] [Render thread/WARN]: No specified tag 'forge:storage_blocks/vanadium' doesn't exist!
[08:38:59] [Render thread/WARN]: No specified tag 'forge:storage_blocks/raw_aluminum' doesn't exist!
[08:38:59] [Render thread/WARN]: No specified tag 'forge:storage_blocks/raw_beryllium' doesn't exist!
[08:38:59] [Render thread/WARN]: No specified tag 'forge:storage_blocks/raw_cobalt' doesn't exist!
[08:38:59] [Render thread/WARN]: No specified tag 'forge:storage_blocks/raw_iridium' doesn't exist!
[08:38:59] [Render thread/WARN]: No specified tag 'forge:storage_blocks/raw_lead' doesn't exist!
[08:38:59] [Render thread/WARN]: No specified tag 'forge:storage_blocks/raw_lithium' doesn't exist!
[08:38:59] [Render thread/WARN]: No specified tag 'forge:storage_blocks/raw_magnetite' doesn't exist!
[08:38:59] [Render thread/WARN]: No specified tag 'forge:storage_blocks/raw_neodymium' doesn't exist!
[08:38:59] [Render thread/WARN]: No specified tag 'forge:storage_blocks/raw_nickel' doesn't exist!
[08:38:59] [Render thread/WARN]: No specified tag 'forge:storage_blocks/raw_opal' doesn't exist!
[08:38:59] [Render thread/WARN]: No specified tag 'forge:storage_blocks/raw_osmium' doesn't exist!
[08:38:59] [Render thread/WARN]: No specified tag 'forge:storage_blocks/raw_silver' doesn't exist!
[08:38:59] [Render thread/WARN]: No specified tag 'forge:storage_blocks/raw_tantalite' doesn't exist!
[08:38:59] [Render thread/WARN]: No specified tag 'forge:storage_blocks/raw_tin' doesn't exist!
[08:38:59] [Render thread/WARN]: No specified tag 'forge:storage_blocks/raw_titanium' doesn't exist!
[08:38:59] [Render thread/WARN]: No specified tag 'forge:storage_blocks/raw_uranium' doesn't exist!
[08:38:59] [Render thread/WARN]: No specified tag 'forge:storage_blocks/raw_vanadium' doesn't exist!
[08:38:59] [Render thread/WARN]: No specified tag 'minecraft:carpets' doesn't exist!
[08:38:59] [Render thread/WARN]: No specified tag 'hexcasting:slate_blocks' doesn't exist!
[08:38:59] [Render thread/WARN]: No specified tag 'hexcasting:amethyst_blocks' doesn't exist!
[08:38:59] [Render thread/WARN]: No specified tag 'immersive_weathering:leaf_piles' doesn't exist!
[08:38:59] [Render thread/WARN]: No specified tag 'woodworks:leaf_piles' doesn't exist!
[08:38:59] [Render thread/WARN]: No specified tag 'create_vibrant_vaults:item_vaults' doesn't exist!
[08:38:59] [Render thread/WARN]: No specified tag 'create_vibrant_vaults:shipping_containers' doesn't exist!
[08:38:59] [Render thread/WARN]: No specified tag 'natures_spirit:travertine' doesn't exist!
[08:38:59] [Render thread/WARN]: No specified tag 'natures_spirit:travertine_stairs' doesn't exist!
[08:38:59] [Render thread/WARN]: No specified tag 'natures_spirit:travertine_slab' doesn't exist!
[08:38:59] [Render thread/WARN]: No specified tag 'natures_spirit:cobbled_travertine' doesn't exist!
[08:38:59] [Render thread/WARN]: No specified tag 'natures_spirit:cobbled_travertine_stairs' doesn't exist!
[08:38:59] [Render thread/WARN]: No specified tag 'natures_spirit:cobbled_travertine_slab' doesn't exist!
[08:38:59] [Render thread/WARN]: No specified tag 'natures_spirit:mossy_cobbled_travertine' doesn't exist!
[08:38:59] [Render thread/WARN]: No specified tag 'natures_spirit:mossy_cobbled_travertine_stairs' doesn't exist!
[08:38:59] [Render thread/WARN]: No specified tag 'natures_spirit:mossy_cobbled_travertine_slab' doesn't exist!
[08:38:59] [Render thread/WARN]: No specified tag 'natures_spirit:chiseled_travertine' doesn't exist!
[08:38:59] [Render thread/WARN]: No specified tag 'natures_spirit:polished_travertine' doesn't exist!
[08:38:59] [Render thread/WARN]: No specified tag 'natures_spirit:polished_travertine_stairs' doesn't exist!
[08:38:59] [Render thread/WARN]: No specified tag 'natures_spirit:polished_travertine_slab' doesn't exist!
[08:38:59] [Render thread/WARN]: No specified tag 'natures_spirit:polished_travertine_wall' doesn't exist!
[08:38:59] [Render thread/WARN]: No specified tag 'natures_spirit:travertine_bricks' doesn't exist!
[08:38:59] [Render thread/WARN]: No specified tag 'natures_spirit:cracked_travertine_bricks' doesn't exist!
[08:38:59] [Render thread/WARN]: No specified tag 'natures_spirit:travertine_brick_stairs' doesn't exist!
[08:38:59] [Render thread/WARN]: No specified tag 'natures_spirit:travertine_brick_slab' doesn't exist!
[08:38:59] [Render thread/WARN]: No specified tag 'natures_spirit:travertine_brick_wall' doesn't exist!
[08:38:59] [Render thread/WARN]: No specified tag 'natures_spirit:mossy_travertine_bricks' doesn't exist!
[08:38:59] [Render thread/WARN]: No specified tag 'natures_spirit:mossy_travertine_brick_stairs' doesn't exist!
[08:38:59] [Render thread/WARN]: No specified tag 'natures_spirit:mossy_travertine_brick_slab' doesn't exist!
[08:38:59] [Render thread/WARN]: No specified tag 'natures_spirit:mossy_travertine_brick_wall' doesn't exist!
[08:38:59] [Render thread/WARN]: No specified tag 'natures_spirit:travertine_tiles' doesn't exist!
[08:38:59] [Render thread/WARN]: No specified tag 'natures_spirit:cracked_travertine_tiles' doesn't exist!
[08:38:59] [Render thread/WARN]: No specified tag 'natures_spirit:travertine_tile_stairs' doesn't exist!
[08:38:59] [Render thread/WARN]: No specified tag 'natures_spirit:travertine_tile_slab' doesn't exist!
[08:38:59] [Render thread/WARN]: No specified tag 'natures_spirit:travertine_tile_wall' doesn't exist!
[08:38:59] [Render thread/WARN]: No specified tag 'natures_spirit:kaolin' doesn't exist!
[08:38:59] [Render thread/WARN]: No specified tag 'natures_spirit:kaolin_stairs' doesn't exist!
[08:38:59] [Render thread/WARN]: No specified tag 'natures_spirit:kaolin_slabs' doesn't exist!
[08:38:59] [Render thread/WARN]: No specified tag 'natures_spirit:kaolin_bricks' doesn't exist!
[08:38:59] [Render thread/WARN]: No specified tag 'natures_spirit:kaolin_brick_stairs' doesn't exist!
[08:38:59] [Render thread/WARN]: No specified tag 'natures_spirit:kaolin_brick_slabs' doesn't exist!
[08:38:59] [Render thread/WARN]: No specified tag 'natures_spirit:chalk' doesn't exist!
[08:38:59] [Render thread/WARN]: No specified tag 'natures_spirit:chalk_stairs' doesn't exist!
[08:38:59] [Render thread/WARN]: No specified tag 'natures_spirit:chalk_slabs' doesn't exist!
[08:38:59] [Render thread/WARN]: No specified tag 'simplest_compression:compressed_sand' doesn't exist!
[08:38:59] [Render thread/INFO]: Injecting recipes
[08:38:59] [Render thread/INFO]: Client Kelvin dumped.
[08:38:59] [Server thread/INFO]: Starting integrated minecraft server version 1.20.1
[08:38:59] [Server thread/INFO]: Generating keypair
[08:39:00] [Server thread/INFO]: Enabling Kelvin...
[08:39:00] [Server thread/WARN]: Method overwrite conflict for getLevel in valkyrienskies-forge.mixins.json:feature.shipyard_entities.MixinPersistentEntitySectionManager, previously written by org.valkyrienskies.mod.mixin.feature.shipyard_entities.MixinPersistentEntitySectionManager. Skipping method.
[08:39:00] [Server thread/WARN]: Method overwrite conflict for setLevel in valkyrienskies-forge.mixins.json:feature.shipyard_entities.MixinPersistentEntitySectionManager, previously written by org.valkyrienskies.mod.mixin.feature.shipyard_entities.MixinPersistentEntitySectionManager. Skipping method.
[08:39:03] [Server thread/INFO]: We are not using UDP, falling back to TCP
[08:39:03] [Server thread/INFO]: Preparing start region for dimension minecraft:overworld
[08:39:08] [Render thread/INFO]: Preparing spawn area: 0%
[08:39:08] [Render thread/INFO]: Preparing spawn area: 0%
[08:39:08] [Render thread/INFO]: Preparing spawn area: 0%
[08:39:08] [Render thread/INFO]: Preparing spawn area: 0%
[08:39:08] [Render thread/INFO]: Preparing spawn area: 0%
[08:39:08] [Render thread/INFO]: Preparing spawn area: 0%
[08:39:08] [Render thread/INFO]: Preparing spawn area: 0%
[08:39:08] [Render thread/INFO]: Preparing spawn area: 0%
[08:39:08] [Render thread/INFO]: Preparing spawn area: 0%
[08:39:08] [Render thread/INFO]: Preparing spawn area: 0%
[08:39:08] [Render thread/INFO]: Preparing spawn area: 0%
[08:39:09] [Render thread/INFO]: Preparing spawn area: 0%
[08:39:09] [Render thread/INFO]: Preparing spawn area: 0%
[08:39:10] [Render thread/INFO]: Preparing spawn area: 27%
[08:39:10] [Render thread/INFO]: Preparing spawn area: 80%
[08:39:11] [Server thread/INFO]: Successfully initialized permission handler forge:default_handler
[08:39:11] [Render thread/INFO]: Time elapsed: 7255 ms
[08:39:11] [Server thread/INFO]: Changing view distance to 16, from 10
[08:39:11] [Server thread/INFO]: Changing simulation distance to 12, from 0
[08:39:12] [Render thread/WARN]: Unable to parse the boolean system property 'java.net.preferIPv6Addresses':system - using the default value: false
[08:39:16] [Server thread/WARN]: Can't keep up! Is the server overloaded? Running 5473ms or 109 ticks behind
[08:39:17] [Server thread/INFO]: [Maint] restarted engine at -5, 40, -2
[08:39:17] [Server thread/INFO]: [Maint] refreshed 1 diesel engines around the city
[08:39:19] [Netty Local Client IO #0/INFO]: Connected to a modded server.
[08:39:19] [Server thread/INFO]: StellarFox1[local:E:e61acf41] logged in with entity id 197 at (86.16164701089552, 85.0, 12.525416681903687)
[08:39:19] [Render thread/WARN]: Mod(s) [valkyrienskies] are modifying Embeddium class me.jellysquid.mods.sodium.client.render.chunk.map.ChunkTracker, which may cause instability.
[08:39:19] [Server thread/INFO]: StellarFox1 joined the game
[08:39:19] [Render thread/INFO]: Reloading pipeline on dimension change: null => NamespacedId{namespace='minecraft', name='overworld'}
[08:39:19] [Render thread/INFO]: Creating pipeline for dimension NamespacedId{namespace='minecraft', name='overworld'}
[08:39:19] [Render thread/WARN]: Mod(s) [valkyrienskies, oculus] are modifying Embeddium class me.jellysquid.mods.sodium.client.render.chunk.RenderSectionManager, which may cause instability.
[08:39:19] [Render thread/WARN]: Mod(s) [oculus] are modifying Embeddium class me.jellysquid.mods.sodium.client.render.chunk.compile.tasks.ChunkBuilderMeshingTask, which may cause instability.
[08:39:19] [Render thread/WARN]: Mod(s) [oculus] are modifying Embeddium class me.jellysquid.mods.sodium.client.render.chunk.vertex.format.ChunkMeshFormats, which may cause instability.
[08:39:19] [Render thread/WARN]: Mod(s) [oculus] are modifying Embeddium class me.jellysquid.mods.sodium.client.render.chunk.vertex.format.ChunkMeshAttribute, which may cause instability.
[08:39:19] [Render thread/WARN]: Mod(s) [oculus] are modifying Embeddium class me.jellysquid.mods.sodium.client.gl.attribute.GlVertexFormat$Builder, which may cause instability.
[08:39:19] [Render thread/WARN]: Mod(s) [oculus] are modifying Embeddium class me.jellysquid.mods.sodium.client.gl.attribute.GlVertexAttributeFormat, which may cause instability.
[08:39:20] [Render thread/WARN]: Mod(s) [oculus] are modifying Embeddium class me.jellysquid.mods.sodium.client.render.chunk.DefaultChunkRenderer, which may cause instability.
[08:39:20] [Render thread/WARN]: Mod(s) [oculus] are modifying Embeddium class me.jellysquid.mods.sodium.client.render.chunk.ShaderChunkRenderer, which may cause instability.
[08:39:20] [Render thread/WARN]: Mod(s) [oculus] are modifying Embeddium class me.jellysquid.mods.sodium.client.render.chunk.compile.ChunkBuildBuffers, which may cause instability.
[08:39:20] [Render thread/WARN]: Mod(s) [oculus] are modifying Embeddium class me.jellysquid.mods.sodium.client.render.chunk.vertex.builder.ChunkMeshBufferBuilder, which may cause instability.
[08:39:20] [Render thread/WARN]: Mod(s) [oculus] are modifying Embeddium class me.jellysquid.mods.sodium.client.render.chunk.compile.buffers.BakedChunkModelBuilder, which may cause instability.
[08:39:20] [Render thread/WARN]: Error loading class: net/fabricmc/fabric/api/blockview/v2/FabricBlockView (java.lang.ClassNotFoundException: net.fabricmc.fabric.api.blockview.v2.FabricBlockView)
[08:39:20] [Render thread/WARN]: Error loading class: net/fabricmc/fabric/api/rendering/data/v1/RenderAttachedBlockView (java.lang.ClassNotFoundException: net.fabricmc.fabric.api.rendering.data.v1.RenderAttachedBlockView)
[08:39:20] [Render thread/WARN]: Mod(s) [oculus] are modifying Embeddium class me.jellysquid.mods.sodium.client.model.light.smooth.SmoothLightPipeline, which may cause instability.
[08:39:20] [Render thread/WARN]: Mod(s) [oculus] are modifying Embeddium class me.jellysquid.mods.sodium.client.model.light.flat.FlatLightPipeline, which may cause instability.
[08:39:20] [Render thread/INFO]: Started 6 worker threads
[08:39:20] [Render thread/INFO]: Started 6 worker threads
[08:39:22] [Render thread/WARN]: No specified tag 'forge:storage_blocks/aluminum' doesn't exist!
[08:39:22] [Render thread/WARN]: No specified tag 'forge:storage_blocks/annealed_copper' doesn't exist!
[08:39:22] [Render thread/WARN]: No specified tag 'forge:storage_blocks/beryllium' doesn't exist!
[08:39:22] [Render thread/WARN]: No specified tag 'forge:storage_blocks/charcoal' doesn't exist!
[08:39:22] [Render thread/WARN]: No specified tag 'forge:storage_blocks/cobalt' doesn't exist!
[08:39:22] [Render thread/WARN]: No specified tag 'forge:storage_blocks/constantan' doesn't exist!
[08:39:22] [Render thread/WARN]: No specified tag 'forge:storage_blocks/electrum' doesn't exist!
[08:39:22] [Render thread/WARN]: No specified tag 'forge:storage_blocks/gallium' doesn't exist!
[08:39:22] [Render thread/WARN]: No specified tag 'forge:storage_blocks/iridium' doesn't exist!
[08:39:22] [Render thread/WARN]: No specified tag 'forge:storage_blocks/lead' doesn't exist!
[08:39:22] [Render thread/WARN]: No specified tag 'forge:storage_blocks/lithium' doesn't exist!
[08:39:22] [Render thread/WARN]: No specified tag 'forge:storage_blocks/magnetic_iron' doesn't exist!
[08:39:22] [Render thread/WARN]: No specified tag 'forge:storage_blocks/neodymium' doesn't exist!
[08:39:22] [Render thread/WARN]: No specified tag 'forge:storage_blocks/neutronium' doesn't exist!
[08:39:22] [Render thread/WARN]: No specified tag 'forge:storage_blocks/nickel' doesn't exist!
[08:39:22] [Render thread/WARN]: No specified tag 'forge:storage_blocks/opal' doesn't exist!
[08:39:22] [Render thread/WARN]: No specified tag 'forge:storage_blocks/osmium' doesn't exist!
[08:39:22] [Render thread/WARN]: No specified tag 'forge:storage_blocks/polyethylene' doesn't exist!
[08:39:22] [Render thread/WARN]: No specified tag 'forge:storage_blocks/silver' doesn't exist!
[08:39:22] [Render thread/WARN]: No specified tag 'forge:storage_blocks/tantalum' doesn't exist!
[08:39:22] [Render thread/WARN]: No specified tag 'forge:storage_blocks/tin' doesn't exist!
[08:39:22] [Render thread/WARN]: No specified tag 'forge:storage_blocks/titanium' doesn't exist!
[08:39:22] [Render thread/WARN]: No specified tag 'forge:storage_blocks/uranium' doesn't exist!
[08:39:22] [Render thread/WARN]: No specified tag 'forge:storage_blocks/vanadium' doesn't exist!
[08:39:22] [Render thread/WARN]: No specified tag 'forge:storage_blocks/raw_aluminum' doesn't exist!
[08:39:22] [Render thread/WARN]: No specified tag 'forge:storage_blocks/raw_beryllium' doesn't exist!
[08:39:22] [Render thread/WARN]: No specified tag 'forge:storage_blocks/raw_cobalt' doesn't exist!
[08:39:22] [Render thread/WARN]: No specified tag 'forge:storage_blocks/raw_iridium' doesn't exist!
[08:39:22] [Render thread/WARN]: No specified tag 'forge:storage_blocks/raw_lead' doesn't exist!
[08:39:22] [Render thread/WARN]: No specified tag 'forge:storage_blocks/raw_lithium' doesn't exist!
[08:39:22] [Render thread/WARN]: No specified tag 'forge:storage_blocks/raw_magnetite' doesn't exist!
[08:39:22] [Render thread/WARN]: No specified tag 'forge:storage_blocks/raw_neodymium' doesn't exist!
[08:39:22] [Render thread/WARN]: No specified tag 'forge:storage_blocks/raw_nickel' doesn't exist!
[08:39:22] [Render thread/WARN]: No specified tag 'forge:storage_blocks/raw_opal' doesn't exist!
[08:39:22] [Render thread/WARN]: No specified tag 'forge:storage_blocks/raw_osmium' doesn't exist!
[08:39:22] [Render thread/WARN]: No specified tag 'forge:storage_blocks/raw_silver' doesn't exist!
[08:39:22] [Render thread/WARN]: No specified tag 'forge:storage_blocks/raw_tantalite' doesn't exist!
[08:39:22] [Render thread/WARN]: No specified tag 'forge:storage_blocks/raw_tin' doesn't exist!
[08:39:22] [Render thread/WARN]: No specified tag 'forge:storage_blocks/raw_titanium' doesn't exist!
[08:39:22] [Render thread/WARN]: No specified tag 'forge:storage_blocks/raw_uranium' doesn't exist!
[08:39:22] [Render thread/WARN]: No specified tag 'forge:storage_blocks/raw_vanadium' doesn't exist!
[08:39:22] [Render thread/WARN]: No specified tag 'minecraft:carpets' doesn't exist!
[08:39:22] [Render thread/WARN]: No specified tag 'hexcasting:slate_blocks' doesn't exist!
[08:39:22] [Render thread/WARN]: No specified tag 'hexcasting:amethyst_blocks' doesn't exist!
[08:39:22] [Render thread/WARN]: No specified tag 'immersive_weathering:leaf_piles' doesn't exist!
[08:39:22] [Render thread/WARN]: No specified tag 'woodworks:leaf_piles' doesn't exist!
[08:39:22] [Render thread/WARN]: No specified tag 'create_vibrant_vaults:item_vaults' doesn't exist!
[08:39:22] [Render thread/WARN]: No specified tag 'create_vibrant_vaults:shipping_containers' doesn't exist!
[08:39:22] [Render thread/WARN]: No specified tag 'natures_spirit:travertine' doesn't exist!
[08:39:22] [Render thread/WARN]: No specified tag 'natures_spirit:travertine_stairs' doesn't exist!
[08:39:22] [Render thread/WARN]: No specified tag 'natures_spirit:travertine_slab' doesn't exist!
[08:39:22] [Render thread/WARN]: No specified tag 'natures_spirit:cobbled_travertine' doesn't exist!
[08:39:22] [Render thread/WARN]: No specified tag 'natures_spirit:cobbled_travertine_stairs' doesn't exist!
[08:39:22] [Render thread/WARN]: No specified tag 'natures_spirit:cobbled_travertine_slab' doesn't exist!
[08:39:22] [Render thread/WARN]: No specified tag 'natures_spirit:mossy_cobbled_travertine' doesn't exist!
[08:39:22] [Render thread/WARN]: No specified tag 'natures_spirit:mossy_cobbled_travertine_stairs' doesn't exist!
[08:39:22] [Render thread/WARN]: No specified tag 'natures_spirit:mossy_cobbled_travertine_slab' doesn't exist!
[08:39:22] [Render thread/WARN]: No specified tag 'natures_spirit:chiseled_travertine' doesn't exist!
[08:39:22] [Render thread/WARN]: No specified tag 'natures_spirit:polished_travertine' doesn't exist!
[08:39:22] [Render thread/WARN]: No specified tag 'natures_spirit:polished_travertine_stairs' doesn't exist!
[08:39:22] [Render thread/WARN]: No specified tag 'natures_spirit:polished_travertine_slab' doesn't exist!
[08:39:22] [Render thread/WARN]: No specified tag 'natures_spirit:polished_travertine_wall' doesn't exist!
[08:39:22] [Render thread/WARN]: No specified tag 'natures_spirit:travertine_bricks' doesn't exist!
[08:39:22] [Render thread/WARN]: No specified tag 'natures_spirit:cracked_travertine_bricks' doesn't exist!
[08:39:22] [Render thread/WARN]: No specified tag 'natures_spirit:travertine_brick_stairs' doesn't exist!
[08:39:22] [Render thread/WARN]: No specified tag 'natures_spirit:travertine_brick_slab' doesn't exist!
[08:39:22] [Render thread/WARN]: No specified tag 'natures_spirit:travertine_brick_wall' doesn't exist!
[08:39:22] [Render thread/WARN]: No specified tag 'natures_spirit:mossy_travertine_bricks' doesn't exist!
[08:39:22] [Render thread/WARN]: No specified tag 'natures_spirit:mossy_travertine_brick_stairs' doesn't exist!
[08:39:22] [Render thread/WARN]: No specified tag 'natures_spirit:mossy_travertine_brick_slab' doesn't exist!
[08:39:22] [Render thread/WARN]: No specified tag 'natures_spirit:mossy_travertine_brick_wall' doesn't exist!
[08:39:22] [Render thread/WARN]: No specified tag 'natures_spirit:travertine_tiles' doesn't exist!
[08:39:22] [Render thread/WARN]: No specified tag 'natures_spirit:cracked_travertine_tiles' doesn't exist!
[08:39:22] [Render thread/WARN]: No specified tag 'natures_spirit:travertine_tile_stairs' doesn't exist!
[08:39:22] [Render thread/WARN]: No specified tag 'natures_spirit:travertine_tile_slab' doesn't exist!
[08:39:22] [Render thread/WARN]: No specified tag 'natures_spirit:travertine_tile_wall' doesn't exist!
[08:39:22] [Render thread/WARN]: No specified tag 'natures_spirit:kaolin' doesn't exist!
[08:39:22] [Render thread/WARN]: No specified tag 'natures_spirit:kaolin_stairs' doesn't exist!
[08:39:22] [Render thread/WARN]: No specified tag 'natures_spirit:kaolin_slabs' doesn't exist!
[08:39:22] [Render thread/WARN]: No specified tag 'natures_spirit:kaolin_bricks' doesn't exist!
[08:39:22] [Render thread/WARN]: No specified tag 'natures_spirit:kaolin_brick_stairs' doesn't exist!
[08:39:22] [Render thread/WARN]: No specified tag 'natures_spirit:kaolin_brick_slabs' doesn't exist!
[08:39:22] [Render thread/WARN]: No specified tag 'natures_spirit:chalk' doesn't exist!
[08:39:22] [Render thread/WARN]: No specified tag 'natures_spirit:chalk_stairs' doesn't exist!
[08:39:22] [Render thread/WARN]: No specified tag 'natures_spirit:chalk_slabs' doesn't exist!
[08:39:22] [Render thread/WARN]: No specified tag 'simplest_compression:compressed_sand' doesn't exist!
[08:39:23] [Render thread/WARN]: Received passengers for unknown entity
[08:39:23] [Render thread/INFO]: [System] [CHAT] §d? §fSolaris needs to know one thing for dating & romance: [ I'm a guy ] [ I'm a girl ] §8(saved permanently)
[08:39:23] [Render thread/INFO]: [System] [CHAT] §b? §fNew to Solaris? [ Take Nova's Sky Tour ] §8(or /sol tutorial any time)
[08:39:23] [Render thread/INFO]: [System] [CHAT] §6? Solaris Election §7- click a name to vote:
[08:39:23] [Render thread/INFO]: [System] [CHAT]   [Vote Leo] §7Head Cook - §fFree Lunch Friday§7: the city pays for everyone's food on Fridays
[08:39:23] [Render thread/INFO]: [System] [CHAT]   [Vote Nina] §7Head Crane Operator - §fFair Wages§7: a 20% wage bonus for every worker, paid by the city
[08:39:23] [Render thread/INFO]: [System] [CHAT]   [Vote Nell] §7Head Librarian - §fSavings Boost§7: bank interest goes up from 3% to 5%
[08:39:23] [Render thread/INFO]: [System] [CHAT] §6[Solaris Post] §eYou have 17 letters waiting in your mailbox at the post office.
[08:39:23] [Render thread/INFO]: Loaded 611 advancements
[08:39:24] [Render thread/WARN]: Mod(s) [valkyrienskies] are modifying Embeddium class me.jellysquid.mods.sodium.client.render.chunk.RenderSection, which may cause instability.
[08:39:24] [Render thread/WARN]: Mod(s) [oculus] are modifying Embeddium class me.jellysquid.mods.sodium.client.gl.shader.ShaderType, which may cause instability.
[08:39:24] [Render thread/WARN]: Mod(s) [oculus] are modifying Embeddium class me.jellysquid.mods.sodium.client.gl.shader.GlProgram, which may cause instability.
[08:39:24] [Flywheel Task Executor #5/WARN]: Mod(s) [oculus] are modifying Embeddium class me.jellysquid.mods.sodium.client.render.immediate.model.BakedModelEncoder, which may cause instability.
[08:39:24] [Flywheel Task Executor #5/WARN]: Mod(s) [oculus] are modifying Embeddium class me.jellysquid.mods.sodium.client.render.vertex.serializers.VertexSerializerRegistryImpl, which may cause instability.
[08:39:24] [Render thread/WARN]: Mod(s) [oculus] are modifying Embeddium class me.jellysquid.mods.sodium.client.render.immediate.CloudRenderer, which may cause instability.
[08:39:26] [Render thread/WARN]: Mod(s) [oculus] are modifying Embeddium class me.jellysquid.mods.sodium.client.render.chunk.region.RenderRegion$DeviceResources, which may cause instability.
[08:39:28] [Server thread/INFO]: Repair blueprint: 182 chunks, 982 block states
[08:39:43] [Render thread/INFO]: [System] [CHAT] §6? ASTRA: §fI've made the house a little cosier, StellarFox1. Stairs to the bedroom are in the study.
[08:39:45] [Render thread/ERROR]: Signature is missing from Property textures
[08:39:46] [Server thread/INFO]: Saving and pausing game...
[08:39:46] [Server thread/INFO]: Saving chunks for level 'ServerLevel[Create!]'/minecraft:overworld
[08:39:51] [Render thread/WARN]: Shader cabb2374eda405e66b897908637abd1da5deac52 could not find uniform named subpixel_amount in the specified shader program.
[08:39:54] [Server thread/INFO]: Saving chunks for level 'ServerLevel[Create!]'/minecraft:the_nether
[08:39:54] [Server thread/INFO]: Saving chunks for level 'ServerLevel[Create!]'/minecraft:the_end
[08:39:54] [Server thread/WARN]: Can't keep up! Is the server overloaded? Running 23070ms or 461 ticks behind
[08:40:19] [Server thread/WARN]: Can't keep up! Is the server overloaded? Running 2036ms or 40 ticks behind
[08:40:22] [Render thread/INFO]: [System] [CHAT] §bResident AI: §fno API key set (config/fireheartcity-ai.properties) | AI replies: 0, fallbacks: 0
[08:40:38] [Server thread/WARN]: Can't keep up! Is the server overloaded? Running 3275ms or 65 ticks behind
[08:41:02] [Server thread/WARN]: Can't keep up! Is the server overloaded? Running 2004ms or 40 ticks behind
[08:41:47] [Server thread/INFO]: Saving and pausing game...
[08:41:47] [Server thread/INFO]: Saving chunks for level 'ServerLevel[Create!]'/minecraft:overworld
[08:41:47] [Render thread/ERROR]: Signature is missing from Property textures
[08:41:47] [Server thread/INFO]: Saving chunks for level 'ServerLevel[Create!]'/minecraft:the_nether
[08:41:47] [Server thread/INFO]: Saving chunks for level 'ServerLevel[Create!]'/minecraft:the_end
[08:41:51] [Server thread/INFO]: Using default channel type
[08:41:51] [Server thread/INFO]: Started serving on 53010
[08:41:51] [LanServerPinger #1/WARN]: LanServerPinger: Network is unreachable: sendto
[08:41:54] [Render thread/ERROR]: Signature is missing from Property textures
[08:41:55] [DefaultDispatcher-worker-2/INFO]: Creating server-side ICE agent at request from d92b4a5c-6d0e-4fa9-8b35-6419a9feaf0c (ufrag: essential-q-44b5782e, pwd: 2f7a85efe2402a2b67a90868020d14d9)
[08:41:55] [DefaultDispatcher-worker-2/INFO]: [1] Starting connection between StellarFox1 (ba0f0db5-7f7a-4608-88b0-bdbeb9bea1de) and magmagamer9 (d92b4a5c-6d0e-4fa9-8b35-6419a9feaf0c), we are the server
[08:41:55] [DefaultDispatcher-worker-2/INFO]: [1] Using QUIC because both parties support it.
[08:41:56] [DefaultDispatcher-worker-2/WARN]: [2] [172.27.112.1:65082 <> 15.204.108.48:3478] Failed to contact STUN server, timed out.
[08:41:56] [DefaultDispatcher-worker-2/WARN]: [2] [172.27.112.1:65082 <> 51.195.24.116:3478] Failed to contact STUN server, timed out.
[08:41:56] [DefaultDispatcher-worker-5/WARN]: [2] [172.27.112.1:65082 <> 15.235.229.89:3478] Failed to contact STUN server, timed out.
[08:41:56] [DefaultDispatcher-worker-13/WARN]: [2] [172.27.112.1:65082 <> 51.161.174.239:3478] Failed to contact STUN server, timed out.
[08:41:56] [DefaultDispatcher-worker-13/WARN]: [2] [172.27.112.1:65082 <> 15.204.108.48:3478] Failed to contact TURN server, timed out.
[08:41:56] [DefaultDispatcher-worker-13/WARN]: [2] [172.27.112.1:65082 <> 15.204.108.48:3478] Failed to release TURN allocation, timed out.
[08:41:56] [DefaultDispatcher-worker-13/WARN]: [2] [172.27.112.1:65082 <> 51.195.24.116:3478] Failed to contact TURN server, timed out.
[08:41:56] [DefaultDispatcher-worker-13/WARN]: [2] [172.27.112.1:65082 <> 51.195.24.116:3478] Failed to release TURN allocation, timed out.
[08:41:56] [DefaultDispatcher-worker-16/WARN]: [2] [172.27.112.1:65082 <> 15.235.229.89:3478] Failed to contact TURN server, timed out.
[08:41:56] [DefaultDispatcher-worker-16/WARN]: [2] [172.27.112.1:65082 <> 15.235.229.89:3478] Failed to release TURN allocation, timed out.
[08:41:56] [DefaultDispatcher-worker-16/WARN]: [2] [172.27.112.1:65082 <> 51.161.174.239:3478] Failed to contact TURN server, timed out.
[08:41:56] [DefaultDispatcher-worker-16/WARN]: [2] [172.27.112.1:65082 <> 51.161.174.239:3478] Failed to release TURN allocation, timed out.
[08:42:02] [User Authenticator #1/INFO]: UUID of player magmagamer9 is d92b4a5c-6d0e-4fa9-8b35-6419a9feaf0c
[08:42:04] [Server thread/INFO]: com.mojang.authlib.GameProfile@729a84f2[id=d92b4a5c-6d0e-4fa9-8b35-6419a9feaf0c,name=magmagamer9,properties={textures=[com.mojang.authlib.properties.Property@5d37312b]},legacy=false] (local:E:895af0f1) lost connection: Disconnected
[08:42:27] [Render thread/INFO]: [System] [CHAT] §6Here are your keys: Solaris Coupe, Solaris Street Bike, Solaris Speedboat §7(Magma Orange)
[08:42:35] [Render thread/ERROR]: Signature is missing from Property textures
[08:43:02] [Render thread/INFO]: [System] [CHAT] Incorrect argument for command
[08:43:02] [Render thread/INFO]: [System] [CHAT] city garage replace<--[HERE]
[08:43:16] [Server thread/INFO]: [StellarFox1: Reloading!]
[08:43:16] [Render thread/INFO]: [System] [CHAT] Reloading!
[08:43:21] [Server thread/INFO]: Skipping loading recipe create_enchantment_industry:crafting/ender_woven_bag as it's serializer returned null
[08:43:21] [Server thread/INFO]: Skipping loading recipe create_enchantment_industry:crafting/blazes_enchanting_handbook as it's serializer returned null
[08:43:21] [Server thread/WARN]: Your custom createaddition:rolling/brass_ingot recipe (createaddition:rolling/brass_ingot) specified a duration. Durations have no impact on this type of recipe.
[08:43:21] [Server thread/WARN]: Your custom createaddition:rolling/copper_ingot recipe (createaddition:rolling/copper_ingot) specified a duration. Durations have no impact on this type of recipe.
[08:43:21] [Server thread/INFO]: Skipping loading recipe create_enchantment_industry:sequenced_assembly/brass_affix_template as it's serializer returned null
[08:43:21] [Server thread/INFO]: Skipping loading recipe create_enchantment_industry:smithing/blaze_composer as it's serializer returned null
[08:43:21] [Server thread/WARN]: Your custom createaddition:rolling/electrum_plate recipe (createaddition:rolling/electrum_plate) specified a duration. Durations have no impact on this type of recipe.
[08:43:21] [Server thread/WARN]: Your custom createaddition:rolling/iron_plate recipe (createaddition:rolling/iron_plate) specified a duration. Durations have no impact on this type of recipe.
[08:43:21] [Server thread/WARN]: Your custom createaddition:rolling/gold_plate recipe (createaddition:rolling/gold_plate) specified a duration. Durations have no impact on this type of recipe.
[08:43:21] [Server thread/INFO]: Skipping loading recipe create_enchantment_industry:smithing/classic_blaze_enchanter as it's serializer returned null
[08:43:21] [Server thread/WARN]: Your custom createaddition:rolling/electrum_ingot recipe (createaddition:rolling/electrum_ingot) specified a duration. Durations have no impact on this type of recipe.
[08:43:21] [Server thread/INFO]: Skipping loading recipe create_enchantment_industry:sequenced_assembly/apotheotic_affix_template as it's serializer returned null
[08:43:21] [Server thread/WARN]: Your custom createaddition:rolling/iron_ingot recipe (createaddition:rolling/iron_ingot) specified a duration. Durations have no impact on this type of recipe.
[08:43:21] [Server thread/INFO]: Skipping loading recipe create_enchantment_industry:crafting/affix_augmentor as it's serializer returned null
[08:43:21] [Server thread/WARN]: Your custom createaddition:rolling/gold_ingot recipe (createaddition:rolling/gold_ingot) specified a duration. Durations have no impact on this type of recipe.
[08:43:21] [Server thread/WARN]: Your custom createaddition:rolling/straw recipe (createaddition:rolling/straw) specified a duration. Durations have no impact on this type of recipe.
[08:43:21] [Server thread/INFO]: Skipping loading recipe create_enchantment_industry:sequenced_assembly/crystal_affix_template as it's serializer returned null
[08:43:21] [Server thread/INFO]: Skipping loading recipe create_enchantment_industry:crafting/gem_cutter as it's serializer returned null
[08:43:21] [Server thread/INFO]: Skipping loading recipe create_enchantment_industry:crafting/infuser as it's serializer returned null
[08:43:21] [Server thread/WARN]: Your custom createaddition:rolling/copper_plate recipe (createaddition:rolling/copper_plate) specified a duration. Durations have no impact on this type of recipe.
[08:43:21] [Server thread/INFO]: Skipping loading recipe create_enchantment_industry:sequenced_assembly/brass_bookshelf as it's serializer returned null
[08:43:21] [Server thread/INFO]: Loaded 47 recipes
[08:43:22] [Server thread/INFO]: Loaded 9201 advancements
[08:43:29] [Physics thread/WARN]: Too many physics frames in the physics frame queue. Is the game stage broken?
[08:43:30] [Server thread/INFO]: Loaded 114 CEI data-map entries from 14 map types
[08:43:30] [Server thread/WARN]: No specified tag 'forge:storage_blocks/aluminum' doesn't exist!
[08:43:30] [Server thread/WARN]: No specified tag 'forge:storage_blocks/annealed_copper' doesn't exist!
[08:43:30] [Server thread/WARN]: No specified tag 'forge:storage_blocks/beryllium' doesn't exist!
[08:43:30] [Server thread/WARN]: No specified tag 'forge:storage_blocks/charcoal' doesn't exist!
[08:43:30] [Server thread/WARN]: No specified tag 'forge:storage_blocks/cobalt' doesn't exist!
[08:43:30] [Server thread/WARN]: No specified tag 'forge:storage_blocks/constantan' doesn't exist!
[08:43:30] [Server thread/WARN]: No specified tag 'forge:storage_blocks/electrum' doesn't exist!
[08:43:30] [Server thread/WARN]: No specified tag 'forge:storage_blocks/gallium' doesn't exist!
[08:43:30] [Server thread/WARN]: No specified tag 'forge:storage_blocks/iridium' doesn't exist!
[08:43:30] [Server thread/WARN]: No specified tag 'forge:storage_blocks/lead' doesn't exist!
[08:43:30] [Server thread/WARN]: No specified tag 'forge:storage_blocks/lithium' doesn't exist!
[08:43:30] [Server thread/WARN]: No specified tag 'forge:storage_blocks/magnetic_iron' doesn't exist!
[08:43:30] [Server thread/WARN]: No specified tag 'forge:storage_blocks/neodymium' doesn't exist!
[08:43:30] [Server thread/WARN]: No specified tag 'forge:storage_blocks/neutronium' doesn't exist!
[08:43:30] [Server thread/WARN]: No specified tag 'forge:storage_blocks/nickel' doesn't exist!
[08:43:30] [Server thread/WARN]: No specified tag 'forge:storage_blocks/opal' doesn't exist!
[08:43:30] [Server thread/WARN]: No specified tag 'forge:storage_blocks/osmium' doesn't exist!
[08:43:30] [Server thread/WARN]: No specified tag 'forge:storage_blocks/polyethylene' doesn't exist!
[08:43:30] [Server thread/WARN]: No specified tag 'forge:storage_blocks/silver' doesn't exist!
[08:43:30] [Server thread/WARN]: No specified tag 'forge:storage_blocks/tantalum' doesn't exist!
[08:43:30] [Server thread/WARN]: No specified tag 'forge:storage_blocks/tin' doesn't exist!
[08:43:30] [Server thread/WARN]: No specified tag 'forge:storage_blocks/titanium' doesn't exist!
[08:43:30] [Server thread/WARN]: No specified tag 'forge:storage_blocks/uranium' doesn't exist!
[08:43:30] [Server thread/WARN]: No specified tag 'forge:storage_blocks/vanadium' doesn't exist!
[08:43:30] [Server thread/WARN]: No specified tag 'forge:storage_blocks/raw_aluminum' doesn't exist!
[08:43:30] [Server thread/WARN]: No specified tag 'forge:storage_blocks/raw_beryllium' doesn't exist!
[08:43:30] [Server thread/WARN]: No specified tag 'forge:storage_blocks/raw_cobalt' doesn't exist!
[08:43:30] [Server thread/WARN]: No specified tag 'forge:storage_blocks/raw_iridium' doesn't exist!
[08:43:30] [Server thread/WARN]: No specified tag 'forge:storage_blocks/raw_lead' doesn't exist!
[08:43:30] [Server thread/WARN]: No specified tag 'forge:storage_blocks/raw_lithium' doesn't exist!
[08:43:30] [Server thread/WARN]: No specified tag 'forge:storage_blocks/raw_magnetite' doesn't exist!
[08:43:30] [Server thread/WARN]: No specified tag 'forge:storage_blocks/raw_neodymium' doesn't exist!
[08:43:30] [Server thread/WARN]: No specified tag 'forge:storage_blocks/raw_nickel' doesn't exist!
[08:43:30] [Server thread/WARN]: No specified tag 'forge:storage_blocks/raw_opal' doesn't exist!
[08:43:30] [Server thread/WARN]: No specified tag 'forge:storage_blocks/raw_osmium' doesn't exist!
[08:43:30] [Server thread/WARN]: No specified tag 'forge:storage_blocks/raw_silver' doesn't exist!
[08:43:30] [Server thread/WARN]: No specified tag 'forge:storage_blocks/raw_tantalite' doesn't exist!
[08:43:30] [Server thread/WARN]: No specified tag 'forge:storage_blocks/raw_tin' doesn't exist!
[08:43:30] [Server thread/WARN]: No specified tag 'forge:storage_blocks/raw_titanium' doesn't exist!
[08:43:30] [Server thread/WARN]: No specified tag 'forge:storage_blocks/raw_uranium' doesn't exist!
[08:43:30] [Server thread/WARN]: No specified tag 'forge:storage_blocks/raw_vanadium' doesn't exist!
[08:43:30] [Server thread/WARN]: No specified tag 'minecraft:carpets' doesn't exist!
[08:43:30] [Server thread/WARN]: No specified tag 'hexcasting:slate_blocks' doesn't exist!
[08:43:30] [Server thread/WARN]: No specified tag 'hexcasting:amethyst_blocks' doesn't exist!
[08:43:30] [Server thread/WARN]: No specified tag 'immersive_weathering:leaf_piles' doesn't exist!
[08:43:30] [Server thread/WARN]: No specified tag 'woodworks:leaf_piles' doesn't exist!
[08:43:30] [Server thread/WARN]: No specified tag 'create_vibrant_vaults:item_vaults' doesn't exist!
[08:43:30] [Server thread/WARN]: No specified tag 'create_vibrant_vaults:shipping_containers' doesn't exist!
[08:43:30] [Server thread/WARN]: No specified tag 'natures_spirit:travertine' doesn't exist!
[08:43:30] [Server thread/WARN]: No specified tag 'natures_spirit:travertine_stairs' doesn't exist!
[08:43:30] [Server thread/WARN]: No specified tag 'natures_spirit:travertine_slab' doesn't exist!
[08:43:30] [Server thread/WARN]: No specified tag 'natures_spirit:cobbled_travertine' doesn't exist!
[08:43:30] [Server thread/WARN]: No specified tag 'natures_spirit:cobbled_travertine_stairs' doesn't exist!
[08:43:30] [Server thread/WARN]: No specified tag 'natures_spirit:cobbled_travertine_slab' doesn't exist!
[08:43:30] [Server thread/WARN]: No specified tag 'natures_spirit:mossy_cobbled_travertine' doesn't exist!
[08:43:30] [Server thread/WARN]: No specified tag 'natures_spirit:mossy_cobbled_travertine_stairs' doesn't exist!
[08:43:30] [Server thread/WARN]: No specified tag 'natures_spirit:mossy_cobbled_travertine_slab' doesn't exist!
[08:43:30] [Server thread/WARN]: No specified tag 'natures_spirit:chiseled_travertine' doesn't exist!
[08:43:30] [Server thread/WARN]: No specified tag 'natures_spirit:polished_travertine' doesn't exist!
[08:43:30] [Server thread/WARN]: No specified tag 'natures_spirit:polished_travertine_stairs' doesn't exist!
[08:43:30] [Server thread/WARN]: No specified tag 'natures_spirit:polished_travertine_slab' doesn't exist!
[08:43:30] [Server thread/WARN]: No specified tag 'natures_spirit:polished_travertine_wall' doesn't exist!
[08:43:30] [Server thread/WARN]: No specified tag 'natures_spirit:travertine_bricks' doesn't exist!
[08:43:30] [Server thread/WARN]: No specified tag 'natures_spirit:cracked_travertine_bricks' doesn't exist!
[08:43:30] [Server thread/WARN]: No specified tag 'natures_spirit:travertine_brick_stairs' doesn't exist!
[08:43:30] [Server thread/WARN]: No specified tag 'natures_spirit:travertine_brick_slab' doesn't exist!
[08:43:30] [Server thread/WARN]: No specified tag 'natures_spirit:travertine_brick_wall' doesn't exist!
[08:43:30] [Server thread/WARN]: No specified tag 'natures_spirit:mossy_travertine_bricks' doesn't exist!
[08:43:30] [Server thread/WARN]: No specified tag 'natures_spirit:mossy_travertine_brick_stairs' doesn't exist!
[08:43:30] [Server thread/WARN]: No specified tag 'natures_spirit:mossy_travertine_brick_slab' doesn't exist!
[08:43:30] [Server thread/WARN]: No specified tag 'natures_spirit:mossy_travertine_brick_wall' doesn't exist!
[08:43:30] [Server thread/WARN]: No specified tag 'natures_spirit:travertine_tiles' doesn't exist!
[08:43:30] [Server thread/WARN]: No specified tag 'natures_spirit:cracked_travertine_tiles' doesn't exist!
[08:43:30] [Server thread/WARN]: No specified tag 'natures_spirit:travertine_tile_stairs' doesn't exist!
[08:43:30] [Server thread/WARN]: No specified tag 'natures_spirit:travertine_tile_slab' doesn't exist!
[08:43:30] [Server thread/WARN]: No specified tag 'natures_spirit:travertine_tile_wall' doesn't exist!
[08:43:30] [Server thread/WARN]: No specified tag 'natures_spirit:kaolin' doesn't exist!
[08:43:30] [Server thread/WARN]: No specified tag 'natures_spirit:kaolin_stairs' doesn't exist!
[08:43:30] [Server thread/WARN]: No specified tag 'natures_spirit:kaolin_slabs' doesn't exist!
[08:43:30] [Server thread/WARN]: No specified tag 'natures_spirit:kaolin_bricks' doesn't exist!
[08:43:30] [Server thread/WARN]: No specified tag 'natures_spirit:kaolin_brick_stairs' doesn't exist!
[08:43:30] [Server thread/WARN]: No specified tag 'natures_spirit:kaolin_brick_slabs' doesn't exist!
[08:43:30] [Server thread/WARN]: No specified tag 'natures_spirit:chalk' doesn't exist!
[08:43:30] [Server thread/WARN]: No specified tag 'natures_spirit:chalk_stairs' doesn't exist!
[08:43:30] [Server thread/WARN]: No specified tag 'natures_spirit:chalk_slabs' doesn't exist!
[08:43:30] [Server thread/WARN]: No specified tag 'simplest_compression:compressed_sand' doesn't exist!
[08:43:30] [Server thread/WARN]: No specified tag 'forge:storage_blocks/aluminum' doesn't exist!
[08:43:30] [Server thread/WARN]: No specified tag 'forge:storage_blocks/annealed_copper' doesn't exist!
[08:43:30] [Server thread/WARN]: No specified tag 'forge:storage_blocks/beryllium' doesn't exist!
[08:43:30] [Server thread/WARN]: No specified tag 'forge:storage_blocks/charcoal' doesn't exist!
[08:43:30] [Server thread/WARN]: No specified tag 'forge:storage_blocks/cobalt' doesn't exist!
[08:43:30] [Server thread/WARN]: No specified tag 'forge:storage_blocks/constantan' doesn't exist!
[08:43:30] [Server thread/WARN]: No specified tag 'forge:storage_blocks/electrum' doesn't exist!
[08:43:30] [Server thread/WARN]: No specified tag 'forge:storage_blocks/gallium' doesn't exist!
[08:43:30] [Server thread/WARN]: No specified tag 'forge:storage_blocks/iridium' doesn't exist!
[08:43:30] [Server thread/WARN]: No specified tag 'forge:storage_blocks/lead' doesn't exist!
[08:43:30] [Server thread/WARN]: No specified tag 'forge:storage_blocks/lithium' doesn't exist!
[08:43:30] [Server thread/WARN]: No specified tag 'forge:storage_blocks/magnetic_iron' doesn't exist!
[08:43:30] [Server thread/WARN]: No specified tag 'forge:storage_blocks/neodymium' doesn't exist!
[08:43:30] [Server thread/WARN]: No specified tag 'forge:storage_blocks/neutronium' doesn't exist!
[08:43:30] [Server thread/WARN]: No specified tag 'forge:storage_blocks/nickel' doesn't exist!
[08:43:30] [Server thread/WARN]: No specified tag 'forge:storage_blocks/opal' doesn't exist!
[08:43:30] [Server thread/WARN]: No specified tag 'forge:storage_blocks/osmium' doesn't exist!
[08:43:30] [Server thread/WARN]: No specified tag 'forge:storage_blocks/polyethylene' doesn't exist!
[08:43:30] [Server thread/WARN]: No specified tag 'forge:storage_blocks/silver' doesn't exist!
[08:43:30] [Server thread/WARN]: No specified tag 'forge:storage_blocks/tantalum' doesn't exist!
[08:43:30] [Server thread/WARN]: No specified tag 'forge:storage_blocks/tin' doesn't exist!
[08:43:30] [Server thread/WARN]: No specified tag 'forge:storage_blocks/titanium' doesn't exist!
[08:43:30] [Server thread/WARN]: No specified tag 'forge:storage_blocks/uranium' doesn't exist!
[08:43:30] [Server thread/WARN]: No specified tag 'forge:storage_blocks/vanadium' doesn't exist!
[08:43:30] [Server thread/WARN]: No specified tag 'forge:storage_blocks/raw_aluminum' doesn't exist!
[08:43:30] [Server thread/WARN]: No specified tag 'forge:storage_blocks/raw_beryllium' doesn't exist!
[08:43:30] [Server thread/WARN]: No specified tag 'forge:storage_blocks/raw_cobalt' doesn't exist!
[08:43:30] [Server thread/WARN]: No specified tag 'forge:storage_blocks/raw_iridium' doesn't exist!
[08:43:30] [Server thread/WARN]: No specified tag 'forge:storage_blocks/raw_lead' doesn't exist!
[08:43:30] [Server thread/WARN]: No specified tag 'forge:storage_blocks/raw_lithium' doesn't exist!
[08:43:30] [Server thread/WARN]: No specified tag 'forge:storage_blocks/raw_magnetite' doesn't exist!
[08:43:30] [Server thread/WARN]: No specified tag 'forge:storage_blocks/raw_neodymium' doesn't exist!
[08:43:30] [Server thread/WARN]: No specified tag 'forge:storage_blocks/raw_nickel' doesn't exist!
[08:43:30] [Server thread/WARN]: No specified tag 'forge:storage_blocks/raw_opal' doesn't exist!
[08:43:30] [Server thread/WARN]: No specified tag 'forge:storage_blocks/raw_osmium' doesn't exist!
[08:43:30] [Server thread/WARN]: No specified tag 'forge:storage_blocks/raw_silver' doesn't exist!
[08:43:30] [Server thread/WARN]: No specified tag 'forge:storage_blocks/raw_tantalite' doesn't exist!
[08:43:30] [Server thread/WARN]: No specified tag 'forge:storage_blocks/raw_tin' doesn't exist!
[08:43:30] [Server thread/WARN]: No specified tag 'forge:storage_blocks/raw_titanium' doesn't exist!
[08:43:30] [Server thread/WARN]: No specified tag 'forge:storage_blocks/raw_uranium' doesn't exist!
[08:43:30] [Server thread/WARN]: No specified tag 'forge:storage_blocks/raw_vanadium' doesn't exist!
[08:43:30] [Server thread/WARN]: No specified tag 'minecraft:carpets' doesn't exist!
[08:43:30] [Server thread/WARN]: No specified tag 'hexcasting:slate_blocks' doesn't exist!
[08:43:30] [Server thread/WARN]: No specified tag 'hexcasting:amethyst_blocks' doesn't exist!
[08:43:30] [Server thread/WARN]: No specified tag 'immersive_weathering:leaf_piles' doesn't exist!
[08:43:30] [Server thread/WARN]: No specified tag 'woodworks:leaf_piles' doesn't exist!
[08:43:30] [Server thread/WARN]: No specified tag 'create_vibrant_vaults:item_vaults' doesn't exist!
[08:43:30] [Server thread/WARN]: No specified tag 'create_vibrant_vaults:shipping_containers' doesn't exist!
[08:43:30] [Server thread/WARN]: No specified tag 'natures_spirit:travertine' doesn't exist!
[08:43:30] [Server thread/WARN]: No specified tag 'natures_spirit:travertine_stairs' doesn't exist!
[08:43:30] [Server thread/WARN]: No specified tag 'natures_spirit:travertine_slab' doesn't exist!
[08:43:30] [Server thread/WARN]: No specified tag 'natures_spirit:cobbled_travertine' doesn't exist!
[08:43:30] [Server thread/WARN]: No specified tag 'natures_spirit:cobbled_travertine_stairs' doesn't exist!
[08:43:30] [Server thread/WARN]: No specified tag 'natures_spirit:cobbled_travertine_slab' doesn't exist!
[08:43:30] [Server thread/WARN]: No specified tag 'natures_spirit:mossy_cobbled_travertine' doesn't exist!
[08:43:30] [Server thread/WARN]: No specified tag 'natures_spirit:mossy_cobbled_travertine_stairs' doesn't exist!
[08:43:30] [Server thread/WARN]: No specified tag 'natures_spirit:mossy_cobbled_travertine_slab' doesn't exist!
[08:43:30] [Server thread/WARN]: No specified tag 'natures_spirit:chiseled_travertine' doesn't exist!
[08:43:30] [Server thread/WARN]: No specified tag 'natures_spirit:polished_travertine' doesn't exist!
[08:43:30] [Server thread/WARN]: No specified tag 'natures_spirit:polished_travertine_stairs' doesn't exist!
[08:43:30] [Server thread/WARN]: No specified tag 'natures_spirit:polished_travertine_slab' doesn't exist!
[08:43:30] [Server thread/WARN]: No specified tag 'natures_spirit:polished_travertine_wall' doesn't exist!
[08:43:30] [Server thread/WARN]: No specified tag 'natures_spirit:travertine_bricks' doesn't exist!
[08:43:30] [Server thread/WARN]: No specified tag 'natures_spirit:cracked_travertine_bricks' doesn't exist!
[08:43:30] [Server thread/WARN]: No specified tag 'natures_spirit:travertine_brick_stairs' doesn't exist!
[08:43:30] [Server thread/WARN]: No specified tag 'natures_spirit:travertine_brick_slab' doesn't exist!
[08:43:30] [Server thread/WARN]: No specified tag 'natures_spirit:travertine_brick_wall' doesn't exist!
[08:43:30] [Server thread/WARN]: No specified tag 'natures_spirit:mossy_travertine_bricks' doesn't exist!
[08:43:30] [Server thread/WARN]: No specified tag 'natures_spirit:mossy_travertine_brick_stairs' doesn't exist!
[08:43:30] [Server thread/WARN]: No specified tag 'natures_spirit:mossy_travertine_brick_slab' doesn't exist!
[08:43:30] [Server thread/WARN]: No specified tag 'natures_spirit:mossy_travertine_brick_wall' doesn't exist!
[08:43:30] [Server thread/WARN]: No specified tag 'natures_spirit:travertine_tiles' doesn't exist!
[08:43:30] [Server thread/WARN]: No specified tag 'natures_spirit:cracked_travertine_tiles' doesn't exist!
[08:43:30] [Server thread/WARN]: No specified tag 'natures_spirit:travertine_tile_stairs' doesn't exist!
[08:43:30] [Server thread/WARN]: No specified tag 'natures_spirit:travertine_tile_slab' doesn't exist!
[08:43:30] [Server thread/WARN]: No specified tag 'natures_spirit:travertine_tile_wall' doesn't exist!
[08:43:30] [Server thread/WARN]: No specified tag 'natures_spirit:kaolin' doesn't exist!
[08:43:30] [Server thread/WARN]: No specified tag 'natures_spirit:kaolin_stairs' doesn't exist!
[08:43:30] [Server thread/WARN]: No specified tag 'natures_spirit:kaolin_slabs' doesn't exist!
[08:43:30] [Server thread/WARN]: No specified tag 'natures_spirit:kaolin_bricks' doesn't exist!
[08:43:30] [Server thread/WARN]: No specified tag 'natures_spirit:kaolin_brick_stairs' doesn't exist!
[08:43:30] [Server thread/WARN]: No specified tag 'natures_spirit:kaolin_brick_slabs' doesn't exist!
[08:43:30] [Server thread/WARN]: No specified tag 'natures_spirit:chalk' doesn't exist!
[08:43:30] [Server thread/WARN]: No specified tag 'natures_spirit:chalk_stairs' doesn't exist!
[08:43:30] [Server thread/WARN]: No specified tag 'natures_spirit:chalk_slabs' doesn't exist!
[08:43:30] [Server thread/WARN]: No specified tag 'simplest_compression:compressed_sand' doesn't exist!
[08:43:30] [Server thread/INFO]: Injecting recipes
[08:43:30] [Server thread/WARN]: Can't keep up! Is the server overloaded? Running 14491ms or 289 ticks behind
[08:43:30] [Render thread/WARN]: No specified tag 'forge:storage_blocks/aluminum' doesn't exist!
[08:43:30] [Render thread/WARN]: No specified tag 'forge:storage_blocks/annealed_copper' doesn't exist!
[08:43:30] [Render thread/WARN]: No specified tag 'forge:storage_blocks/beryllium' doesn't exist!
[08:43:30] [Render thread/WARN]: No specified tag 'forge:storage_blocks/charcoal' doesn't exist!
[08:43:30] [Render thread/WARN]: No specified tag 'forge:storage_blocks/cobalt' doesn't exist!
[08:43:30] [Render thread/WARN]: No specified tag 'forge:storage_blocks/constantan' doesn't exist!
[08:43:30] [Render thread/WARN]: No specified tag 'forge:storage_blocks/electrum' doesn't exist!
[08:43:30] [Render thread/WARN]: No specified tag 'forge:storage_blocks/gallium' doesn't exist!
[08:43:30] [Render thread/WARN]: No specified tag 'forge:storage_blocks/iridium' doesn't exist!
[08:43:30] [Render thread/WARN]: No specified tag 'forge:storage_blocks/lead' doesn't exist!
[08:43:30] [Render thread/WARN]: No specified tag 'forge:storage_blocks/lithium' doesn't exist!
[08:43:30] [Render thread/WARN]: No specified tag 'forge:storage_blocks/magnetic_iron' doesn't exist!
[08:43:30] [Render thread/WARN]: No specified tag 'forge:storage_blocks/neodymium' doesn't exist!
[08:43:30] [Render thread/WARN]: No specified tag 'forge:storage_blocks/neutronium' doesn't exist!
[08:43:30] [Render thread/WARN]: No specified tag 'forge:storage_blocks/nickel' doesn't exist!
[08:43:30] [Render thread/WARN]: No specified tag 'forge:storage_blocks/opal' doesn't exist!
[08:43:30] [Render thread/WARN]: No specified tag 'forge:storage_blocks/osmium' doesn't exist!
[08:43:30] [Render thread/WARN]: No specified tag 'forge:storage_blocks/polyethylene' doesn't exist!
[08:43:30] [Render thread/WARN]: No specified tag 'forge:storage_blocks/silver' doesn't exist!
[08:43:30] [Render thread/WARN]: No specified tag 'forge:storage_blocks/tantalum' doesn't exist!
[08:43:30] [Render thread/WARN]: No specified tag 'forge:storage_blocks/tin' doesn't exist!
[08:43:30] [Render thread/WARN]: No specified tag 'forge:storage_blocks/titanium' doesn't exist!
[08:43:30] [Render thread/WARN]: No specified tag 'forge:storage_blocks/uranium' doesn't exist!
[08:43:30] [Render thread/WARN]: No specified tag 'forge:storage_blocks/vanadium' doesn't exist!
[08:43:30] [Render thread/WARN]: No specified tag 'forge:storage_blocks/raw_aluminum' doesn't exist!
[08:43:30] [Render thread/WARN]: No specified tag 'forge:storage_blocks/raw_beryllium' doesn't exist!
[08:43:30] [Render thread/WARN]: No specified tag 'forge:storage_blocks/raw_cobalt' doesn't exist!
[08:43:30] [Render thread/WARN]: No specified tag 'forge:storage_blocks/raw_iridium' doesn't exist!
[08:43:30] [Render thread/WARN]: No specified tag 'forge:storage_blocks/raw_lead' doesn't exist!
[08:43:30] [Render thread/WARN]: No specified tag 'forge:storage_blocks/raw_lithium' doesn't exist!
[08:43:30] [Render thread/WARN]: No specified tag 'forge:storage_blocks/raw_magnetite' doesn't exist!
[08:43:30] [Render thread/WARN]: No specified tag 'forge:storage_blocks/raw_neodymium' doesn't exist!
[08:43:30] [Render thread/WARN]: No specified tag 'forge:storage_blocks/raw_nickel' doesn't exist!
[08:43:30] [Render thread/WARN]: No specified tag 'forge:storage_blocks/raw_opal' doesn't exist!
[08:43:30] [Render thread/WARN]: No specified tag 'forge:storage_blocks/raw_osmium' doesn't exist!
[08:43:30] [Render thread/WARN]: No specified tag 'forge:storage_blocks/raw_silver' doesn't exist!
[08:43:30] [Render thread/WARN]: No specified tag 'forge:storage_blocks/raw_tantalite' doesn't exist!
[08:43:30] [Render thread/WARN]: No specified tag 'forge:storage_blocks/raw_tin' doesn't exist!
[08:43:30] [Render thread/WARN]: No specified tag 'forge:storage_blocks/raw_titanium' doesn't exist!
[08:43:30] [Render thread/WARN]: No specified tag 'forge:storage_blocks/raw_uranium' doesn't exist!
[08:43:30] [Render thread/WARN]: No specified tag 'forge:storage_blocks/raw_vanadium' doesn't exist!
[08:43:30] [Render thread/WARN]: No specified tag 'minecraft:carpets' doesn't exist!
[08:43:30] [Render thread/WARN]: No specified tag 'hexcasting:slate_blocks' doesn't exist!
[08:43:30] [Render thread/WARN]: No specified tag 'hexcasting:amethyst_blocks' doesn't exist!
[08:43:30] [Render thread/WARN]: No specified tag 'immersive_weathering:leaf_piles' doesn't exist!
[08:43:30] [Render thread/WARN]: No specified tag 'woodworks:leaf_piles' doesn't exist!
[08:43:30] [Render thread/WARN]: No specified tag 'create_vibrant_vaults:item_vaults' doesn't exist!
[08:43:30] [Render thread/WARN]: No specified tag 'create_vibrant_vaults:shipping_containers' doesn't exist!
[08:43:30] [Render thread/WARN]: No specified tag 'natures_spirit:travertine' doesn't exist!
[08:43:30] [Render thread/WARN]: No specified tag 'natures_spirit:travertine_stairs' doesn't exist!
[08:43:30] [Render thread/WARN]: No specified tag 'natures_spirit:travertine_slab' doesn't exist!
[08:43:30] [Render thread/WARN]: No specified tag 'natures_spirit:cobbled_travertine' doesn't exist!
[08:43:30] [Render thread/WARN]: No specified tag 'natures_spirit:cobbled_travertine_stairs' doesn't exist!
[08:43:30] [Render thread/WARN]: No specified tag 'natures_spirit:cobbled_travertine_slab' doesn't exist!
[08:43:30] [Render thread/WARN]: No specified tag 'natures_spirit:mossy_cobbled_travertine' doesn't exist!
[08:43:30] [Render thread/WARN]: No specified tag 'natures_spirit:mossy_cobbled_travertine_stairs' doesn't exist!
[08:43:30] [Render thread/WARN]: No specified tag 'natures_spirit:mossy_cobbled_travertine_slab' doesn't exist!
[08:43:30] [Render thread/WARN]: No specified tag 'natures_spirit:chiseled_travertine' doesn't exist!
[08:43:30] [Render thread/WARN]: No specified tag 'natures_spirit:polished_travertine' doesn't exist!
[08:43:30] [Render thread/WARN]: No specified tag 'natures_spirit:polished_travertine_stairs' doesn't exist!
[08:43:30] [Render thread/WARN]: No specified tag 'natures_spirit:polished_travertine_slab' doesn't exist!
[08:43:30] [Render thread/WARN]: No specified tag 'natures_spirit:polished_travertine_wall' doesn't exist!
[08:43:30] [Render thread/WARN]: No specified tag 'natures_spirit:travertine_bricks' doesn't exist!
[08:43:30] [Render thread/WARN]: No specified tag 'natures_spirit:cracked_travertine_bricks' doesn't exist!
[08:43:30] [Render thread/WARN]: No specified tag 'natures_spirit:travertine_brick_stairs' doesn't exist!
[08:43:30] [Render thread/WARN]: No specified tag 'natures_spirit:travertine_brick_slab' doesn't exist!
[08:43:30] [Render thread/WARN]: No specified tag 'natures_spirit:travertine_brick_wall' doesn't exist!
[08:43:30] [Render thread/WARN]: No specified tag 'natures_spirit:mossy_travertine_bricks' doesn't exist!
[08:43:30] [Render thread/WARN]: No specified tag 'natures_spirit:mossy_travertine_brick_stairs' doesn't exist!
[08:43:30] [Render thread/WARN]: No specified tag 'natures_spirit:mossy_travertine_brick_slab' doesn't exist!
[08:43:30] [Render thread/WARN]: No specified tag 'natures_spirit:mossy_travertine_brick_wall' doesn't exist!
[08:43:30] [Render thread/WARN]: No specified tag 'natures_spirit:travertine_tiles' doesn't exist!
[08:43:30] [Render thread/WARN]: No specified tag 'natures_spirit:cracked_travertine_tiles' doesn't exist!
[08:43:30] [Render thread/WARN]: No specified tag 'natures_spirit:travertine_tile_stairs' doesn't exist!
[08:43:30] [Render thread/WARN]: No specified tag 'natures_spirit:travertine_tile_slab' doesn't exist!
[08:43:30] [Render thread/WARN]: No specified tag 'natures_spirit:travertine_tile_wall' doesn't exist!
[08:43:30] [Render thread/WARN]: No specified tag 'natures_spirit:kaolin' doesn't exist!
[08:43:30] [Render thread/WARN]: No specified tag 'natures_spirit:kaolin_stairs' doesn't exist!
[08:43:30] [Render thread/WARN]: No specified tag 'natures_spirit:kaolin_slabs' doesn't exist!
[08:43:30] [Render thread/WARN]: No specified tag 'natures_spirit:kaolin_bricks' doesn't exist!
[08:43:30] [Render thread/WARN]: No specified tag 'natures_spirit:kaolin_brick_stairs' doesn't exist!
[08:43:30] [Render thread/WARN]: No specified tag 'natures_spirit:kaolin_brick_slabs' doesn't exist!
[08:43:30] [Render thread/WARN]: No specified tag 'natures_spirit:chalk' doesn't exist!
[08:43:30] [Render thread/WARN]: No specified tag 'natures_spirit:chalk_stairs' doesn't exist!
[08:43:30] [Render thread/WARN]: No specified tag 'natures_spirit:chalk_slabs' doesn't exist!
[08:43:30] [Render thread/WARN]: No specified tag 'simplest_compression:compressed_sand' doesn't exist!
[08:43:30] [Render thread/WARN]: No specified tag 'forge:storage_blocks/aluminum' doesn't exist!
[08:43:30] [Render thread/WARN]: No specified tag 'forge:storage_blocks/annealed_copper' doesn't exist!
[08:43:30] [Render thread/WARN]: No specified tag 'forge:storage_blocks/beryllium' doesn't exist!
[08:43:30] [Render thread/WARN]: No specified tag 'forge:storage_blocks/charcoal' doesn't exist!
[08:43:30] [Render thread/WARN]: No specified tag 'forge:storage_blocks/cobalt' doesn't exist!
[08:43:30] [Render thread/WARN]: No specified tag 'forge:storage_blocks/constantan' doesn't exist!
[08:43:30] [Render thread/WARN]: No specified tag 'forge:storage_blocks/electrum' doesn't exist!
[08:43:30] [Render thread/WARN]: No specified tag 'forge:storage_blocks/gallium' doesn't exist!
[08:43:30] [Render thread/WARN]: No specified tag 'forge:storage_blocks/iridium' doesn't exist!
[08:43:30] [Render thread/WARN]: No specified tag 'forge:storage_blocks/lead' doesn't exist!
[08:43:30] [Render thread/WARN]: No specified tag 'forge:storage_blocks/lithium' doesn't exist!
[08:43:30] [Render thread/WARN]: No specified tag 'forge:storage_blocks/magnetic_iron' doesn't exist!
[08:43:30] [Render thread/WARN]: No specified tag 'forge:storage_blocks/neodymium' doesn't exist!
[08:43:30] [Render thread/WARN]: No specified tag 'forge:storage_blocks/neutronium' doesn't exist!
[08:43:30] [Render thread/WARN]: No specified tag 'forge:storage_blocks/nickel' doesn't exist!
[08:43:30] [Render thread/WARN]: No specified tag 'forge:storage_blocks/opal' doesn't exist!
[08:43:30] [Render thread/WARN]: No specified tag 'forge:storage_blocks/osmium' doesn't exist!
[08:43:30] [Render thread/WARN]: No specified tag 'forge:storage_blocks/polyethylene' doesn't exist!
[08:43:30] [Render thread/WARN]: No specified tag 'forge:storage_blocks/silver' doesn't exist!
[08:43:30] [Render thread/WARN]: No specified tag 'forge:storage_blocks/tantalum' doesn't exist!
[08:43:30] [Render thread/WARN]: No specified tag 'forge:storage_blocks/tin' doesn't exist!
[08:43:30] [Render thread/WARN]: No specified tag 'forge:storage_blocks/titanium' doesn't exist!
[08:43:30] [Render thread/WARN]: No specified tag 'forge:storage_blocks/uranium' doesn't exist!
[08:43:30] [Render thread/WARN]: No specified tag 'forge:storage_blocks/vanadium' doesn't exist!
[08:43:30] [Render thread/WARN]: No specified tag 'forge:storage_blocks/raw_aluminum' doesn't exist!
[08:43:30] [Render thread/WARN]: No specified tag 'forge:storage_blocks/raw_beryllium' doesn't exist!
[08:43:30] [Render thread/WARN]: No specified tag 'forge:storage_blocks/raw_cobalt' doesn't exist!
[08:43:30] [Render thread/WARN]: No specified tag 'forge:storage_blocks/raw_iridium' doesn't exist!
[08:43:30] [Render thread/WARN]: No specified tag 'forge:storage_blocks/raw_lead' doesn't exist!
[08:43:30] [Render thread/WARN]: No specified tag 'forge:storage_blocks/raw_lithium' doesn't exist!
[08:43:30] [Render thread/WARN]: No specified tag 'forge:storage_blocks/raw_magnetite' doesn't exist!
[08:43:30] [Render thread/WARN]: No specified tag 'forge:storage_blocks/raw_neodymium' doesn't exist!
[08:43:30] [Render thread/WARN]: No specified tag 'forge:storage_blocks/raw_nickel' doesn't exist!
[08:43:30] [Render thread/WARN]: No specified tag 'forge:storage_blocks/raw_opal' doesn't exist!
[08:43:30] [Render thread/WARN]: No specified tag 'forge:storage_blocks/raw_osmium' doesn't exist!
[08:43:30] [Render thread/WARN]: No specified tag 'forge:storage_blocks/raw_silver' doesn't exist!
[08:43:30] [Render thread/WARN]: No specified tag 'forge:storage_blocks/raw_tantalite' doesn't exist!
[08:43:30] [Render thread/WARN]: No specified tag 'forge:storage_blocks/raw_tin' doesn't exist!
[08:43:30] [Render thread/WARN]: No specified tag 'forge:storage_blocks/raw_titanium' doesn't exist!
[08:43:30] [Render thread/WARN]: No specified tag 'forge:storage_blocks/raw_uranium' doesn't exist!
[08:43:30] [Render thread/WARN]: No specified tag 'forge:storage_blocks/raw_vanadium' doesn't exist!
[08:43:30] [Render thread/WARN]: No specified tag 'minecraft:carpets' doesn't exist!
[08:43:30] [Render thread/WARN]: No specified tag 'hexcasting:slate_blocks' doesn't exist!
[08:43:30] [Render thread/WARN]: No specified tag 'hexcasting:amethyst_blocks' doesn't exist!
[08:43:30] [Render thread/WARN]: No specified tag 'immersive_weathering:leaf_piles' doesn't exist!
[08:43:30] [Render thread/WARN]: No specified tag 'woodworks:leaf_piles' doesn't exist!
[08:43:30] [Render thread/WARN]: No specified tag 'create_vibrant_vaults:item_vaults' doesn't exist!
[08:43:30] [Render thread/WARN]: No specified tag 'create_vibrant_vaults:shipping_containers' doesn't exist!
[08:43:30] [Render thread/WARN]: No specified tag 'natures_spirit:travertine' doesn't exist!
[08:43:30] [Render thread/WARN]: No specified tag 'natures_spirit:travertine_stairs' doesn't exist!
[08:43:30] [Render thread/WARN]: No specified tag 'natures_spirit:travertine_slab' doesn't exist!
[08:43:30] [Render thread/WARN]: No specified tag 'natures_spirit:cobbled_travertine' doesn't exist!
[08:43:30] [Render thread/WARN]: No specified tag 'natures_spirit:cobbled_travertine_stairs' doesn't exist!
[08:43:30] [Render thread/WARN]: No specified tag 'natures_spirit:cobbled_travertine_slab' doesn't exist!
[08:43:30] [Render thread/WARN]: No specified tag 'natures_spirit:mossy_cobbled_travertine' doesn't exist!
[08:43:30] [Render thread/WARN]: No specified tag 'natures_spirit:mossy_cobbled_travertine_stairs' doesn't exist!
[08:43:30] [Render thread/WARN]: No specified tag 'natures_spirit:mossy_cobbled_travertine_slab' doesn't exist!
[08:43:30] [Render thread/WARN]: No specified tag 'natures_spirit:chiseled_travertine' doesn't exist!
[08:43:30] [Render thread/WARN]: No specified tag 'natures_spirit:polished_travertine' doesn't exist!
[08:43:30] [Render thread/WARN]: No specified tag 'natures_spirit:polished_travertine_stairs' doesn't exist!
[08:43:30] [Render thread/WARN]: No specified tag 'natures_spirit:polished_travertine_slab' doesn't exist!
[08:43:30] [Render thread/WARN]: No specified tag 'natures_spirit:polished_travertine_wall' doesn't exist!
[08:43:30] [Render thread/WARN]: No specified tag 'natures_spirit:travertine_bricks' doesn't exist!
[08:43:30] [Render thread/WARN]: No specified tag 'natures_spirit:cracked_travertine_bricks' doesn't exist!
[08:43:30] [Render thread/WARN]: No specified tag 'natures_spirit:travertine_brick_stairs' doesn't exist!
[08:43:30] [Render thread/WARN]: No specified tag 'natures_spirit:travertine_brick_slab' doesn't exist!
[08:43:30] [Render thread/WARN]: No specified tag 'natures_spirit:travertine_brick_wall' doesn't exist!
[08:43:30] [Render thread/WARN]: No specified tag 'natures_spirit:mossy_travertine_bricks' doesn't exist!
[08:43:30] [Render thread/WARN]: No specified tag 'natures_spirit:mossy_travertine_brick_stairs' doesn't exist!
[08:43:30] [Render thread/WARN]: No specified tag 'natures_spirit:mossy_travertine_brick_slab' doesn't exist!
[08:43:30] [Render thread/WARN]: No specified tag 'natures_spirit:mossy_travertine_brick_wall' doesn't exist!
[08:43:30] [Render thread/WARN]: No specified tag 'natures_spirit:travertine_tiles' doesn't exist!
[08:43:30] [Render thread/WARN]: No specified tag 'natures_spirit:cracked_travertine_tiles' doesn't exist!
[08:43:30] [Render thread/WARN]: No specified tag 'natures_spirit:travertine_tile_stairs' doesn't exist!
[08:43:30] [Render thread/WARN]: No specified tag 'natures_spirit:travertine_tile_slab' doesn't exist!
[08:43:30] [Render thread/WARN]: No specified tag 'natures_spirit:travertine_tile_wall' doesn't exist!
[08:43:30] [Render thread/WARN]: No specified tag 'natures_spirit:kaolin' doesn't exist!
[08:43:30] [Render thread/WARN]: No specified tag 'natures_spirit:kaolin_stairs' doesn't exist!
[08:43:30] [Render thread/WARN]: No specified tag 'natures_spirit:kaolin_slabs' doesn't exist!
[08:43:30] [Render thread/WARN]: No specified tag 'natures_spirit:kaolin_bricks' doesn't exist!
[08:43:30] [Render thread/WARN]: No specified tag 'natures_spirit:kaolin_brick_stairs' doesn't exist!
[08:43:30] [Render thread/WARN]: No specified tag 'natures_spirit:kaolin_brick_slabs' doesn't exist!
[08:43:30] [Render thread/WARN]: No specified tag 'natures_spirit:chalk' doesn't exist!
[08:43:30] [Render thread/WARN]: No specified tag 'natures_spirit:chalk_stairs' doesn't exist!
[08:43:30] [Render thread/WARN]: No specified tag 'natures_spirit:chalk_slabs' doesn't exist!
[08:43:30] [Render thread/WARN]: No specified tag 'simplest_compression:compressed_sand' doesn't exist!
[08:43:32] [Render thread/INFO]: Loaded 611 advancements
[08:43:32] [Render thread/ERROR]: Signature is missing from Property textures
[08:43:48] [Server thread/WARN]: Can't keep up! Is the server overloaded? Running 2602ms or 52 ticks behind
[08:44:16] [Server thread/INFO]: [StellarFox1: Set the weather to clear]
[08:44:16] [Render thread/INFO]: [System] [CHAT] Set the weather to clear
[08:44:48] [Render thread/ERROR]: Signature is missing from Property textures
[08:46:31] [Render thread/ERROR]: Signature is missing from Property textures
[08:47:58] [Render thread/ERROR]: Signature is missing from Property textures
[08:48:04] [Render thread/ERROR]: Signature is missing from Property textures
[08:48:33] [Render thread/INFO]: [System] [CHAT] §8The Watcher is following StellarFox1... §7(only they can see it)
[08:49:37] [Render thread/INFO]: [System] [CHAT] §8The Watcher is following StellarFox1... §7(only they can see it)
[08:49:54] [Render thread/INFO]: [System] [CHAT] §6[Favour] §eNina§7 asks for §f3 poppies§7 for someone special · reward §a12 coins§7. Right-click Nina while carrying them. [all favours]
[08:49:59] [DefaultDispatcher-worker-12/INFO]: Creating server-side ICE agent at request from d92b4a5c-6d0e-4fa9-8b35-6419a9feaf0c (ufrag: essential-q-d5a7f10f, pwd: c434c4139bb35807c6274fadd91e2193)
[08:49:59] [DefaultDispatcher-worker-12/INFO]: [3] Starting connection between StellarFox1 (ba0f0db5-7f7a-4608-88b0-bdbeb9bea1de) and magmagamer9 (d92b4a5c-6d0e-4fa9-8b35-6419a9feaf0c), we are the server
[08:49:59] [DefaultDispatcher-worker-12/INFO]: [3] Using QUIC because both parties support it.
[08:49:59] [DefaultDispatcher-worker-20/WARN]: [4] [172.27.112.1:52964 <> 15.204.108.48:3478] Failed to contact STUN server, timed out.
[08:49:59] [DefaultDispatcher-worker-19/WARN]: [4] [172.27.112.1:52964 <> 51.195.24.116:3478] Failed to contact STUN server, timed out.
[08:49:59] [DefaultDispatcher-worker-20/WARN]: [4] [172.27.112.1:52964 <> 15.235.229.89:3478] Failed to contact STUN server, timed out.
[08:49:59] [DefaultDispatcher-worker-22/WARN]: [4] [172.27.112.1:52964 <> 51.161.174.239:3478] Failed to contact STUN server, timed out.
[08:49:59] [DefaultDispatcher-worker-21/WARN]: [4] [172.27.112.1:52964 <> 15.204.108.48:3478] Failed to contact TURN server, timed out.
[08:49:59] [DefaultDispatcher-worker-21/WARN]: [4] [172.27.112.1:52964 <> 15.204.108.48:3478] Failed to release TURN allocation, timed out.
[08:49:59] [DefaultDispatcher-worker-19/WARN]: [4] [172.27.112.1:52964 <> 51.195.24.116:3478] Failed to contact TURN server, timed out.
[08:49:59] [DefaultDispatcher-worker-21/WARN]: [4] [172.27.112.1:52964 <> 51.195.24.116:3478] Failed to release TURN allocation, timed out.
[08:49:59] [DefaultDispatcher-worker-20/WARN]: [4] [172.27.112.1:52964 <> 15.235.229.89:3478] Failed to contact TURN server, timed out.
[08:49:59] [DefaultDispatcher-worker-20/WARN]: [4] [172.27.112.1:52964 <> 15.235.229.89:3478] Failed to release TURN allocation, timed out.
[08:49:59] [DefaultDispatcher-worker-18/WARN]: [4] [172.27.112.1:52964 <> 51.161.174.239:3478] Failed to contact TURN server, timed out.
[08:49:59] [DefaultDispatcher-worker-18/WARN]: [4] [172.27.112.1:52964 <> 51.161.174.239:3478] Failed to release TURN allocation, timed out.
[08:50:01] [User Authenticator #2/INFO]: UUID of player magmagamer9 is d92b4a5c-6d0e-4fa9-8b35-6419a9feaf0c
[08:50:04] [Server thread/INFO]: magmagamer9[local:E:6a0d080f] logged in with entity id 3119 at (44.42758988228819, 90.0, 31.12047296532331)
[08:50:04] [Server thread/INFO]: magmagamer9 joined the game
[08:50:04] [Render thread/INFO]: [System] [CHAT] magmagamer9 joined the game
[08:50:07] [Server thread/INFO]: Placed Ellie's PC at 26, 87, 31
[08:50:18] [Render thread/ERROR]: Signature is missing from Property textures
[08:50:25] [Server thread/WARN]: Can't keep up! Is the server overloaded? Running 2007ms or 40 ticks behind
[08:51:02] [Server thread/WARN]: Can't keep up! Is the server overloaded? Running 2032ms or 40 ticks behind
[08:51:04] [DefaultDispatcher-worker-14/INFO]: [3] [192.168.0.15:52962 <> 192.168.0.7:55359] [cd2Jywc9K0kJHgBn] Nomination successful: /192.168.0.15:52962 -> /192.168.0.7:55359 (host)
[08:51:04] [DefaultDispatcher-worker-14/INFO]: [3]  * /192.168.0.15:52962 -> /192.168.0.7:55359 (host) (2ms RTT)
[08:51:04] [DefaultDispatcher-worker-14/INFO]: [3]    /51.161.174.239:65462 (relayed for /192.168.0.15:52962) -> /51.161.174.239:51933 (relay) (23ms RTT)
[08:51:04] [DefaultDispatcher-worker-14/INFO]: [3]    /49.187.35.145:52962 (server-reflexive for /192.168.0.15:52962) -> /51.161.174.239:51933 (relay) (21ms RTT)
[08:51:04] [DefaultDispatcher-worker-14/INFO]: [3]    /51.161.174.239:65462 (relayed for /192.168.0.15:52962) -> /15.235.229.89:57973 (relay) (424ms RTT)
[08:51:04] [DefaultDispatcher-worker-14/INFO]: [3]    /49.187.35.145:52962 (server-reflexive for /192.168.0.15:52962) -> /15.235.229.89:57973 (relay) (557ms RTT)
[08:51:04] [DefaultDispatcher-worker-14/INFO]: [3]    /51.161.174.239:65462 (relayed for /192.168.0.15:52962) -> /49.187.35.145:55359 (srflx) (20ms RTT)
[08:51:04] [DefaultDispatcher-worker-14/INFO]: [3]    /51.161.174.239:65462 (relayed for /192.168.0.15:52962) -> /51.195.24.116:62417 (relay) (710ms RTT)
[08:51:04] [DefaultDispatcher-worker-14/INFO]: [3]    /49.187.35.145:52962 (server-reflexive for /192.168.0.15:52962) -> /51.195.24.116:62417 (relay) (815ms RTT)
[08:51:04] [DefaultDispatcher-worker-14/INFO]: [3]    /51.161.174.239:65462 (relayed for /192.168.0.15:52962) -> /15.204.108.48:55542 (relay) (588ms RTT)
[08:51:04] [DefaultDispatcher-worker-14/INFO]: [3]    /51.195.24.116:60097 (relayed for /192.168.0.15:52962) -> /51.161.174.239:51933 (relay) (708ms RTT)
[08:51:04] [DefaultDispatcher-worker-14/INFO]: [3]    /15.235.229.89:59512 (relayed for /192.168.0.15:52962) -> /49.187.35.145:55359 (srflx) (562ms RTT)
[08:51:04] [DefaultDispatcher-worker-14/INFO]: [3]    /49.187.35.145:52962 (server-reflexive for /192.168.0.15:52962) -> /15.204.108.48:55542 (relay) (817ms RTT)
[08:51:04] [DefaultDispatcher-worker-14/INFO]: [3]    /15.235.229.89:59512 (relayed for /192.168.0.15:52962) -> /51.161.174.239:51933 (relay) (430ms RTT)
[08:51:04] [DefaultDispatcher-worker-14/INFO]: [3]    /51.195.24.116:60097 (relayed for /192.168.0.15:52962) -> /15.235.229.89:57973 (relay) (830ms RTT)
[08:51:04] [DefaultDispatcher-worker-14/INFO]: [3]    /15.235.229.89:59512 (relayed for /192.168.0.15:52962) -> /15.235.229.89:57973 (relay) (545ms RTT)
[08:51:04] [DefaultDispatcher-worker-14/INFO]: [3]    /15.204.108.48:61472 (relayed for /192.168.0.15:52962) -> /51.161.174.239:51933 (relay) (575ms RTT)
[08:51:04] [DefaultDispatcher-worker-14/INFO]: [3]    /51.195.24.116:60097 (relayed for /192.168.0.15:52962) -> /51.195.24.116:62417 (relay) (810ms RTT)
[08:51:04] [DefaultDispatcher-worker-14/INFO]: [3]    /15.204.108.48:61472 (relayed for /192.168.0.15:52962) -> /15.235.229.89:57973 (relay) (830ms RTT)
[08:51:04] [DefaultDispatcher-worker-14/INFO]: [3]    /51.195.24.116:60097 (relayed for /192.168.0.15:52962) -> /15.204.108.48:55542 (relay) (971ms RTT)
[08:51:04] [DefaultDispatcher-worker-14/INFO]: [3]    /15.204.108.48:61472 (relayed for /192.168.0.15:52962) -> /49.187.35.145:55359 (srflx) (814ms RTT)
[08:51:04] [DefaultDispatcher-worker-14/INFO]: [3]    /15.235.229.89:59512 (relayed for /192.168.0.15:52962) -> /51.195.24.116:62417 (relay) (834ms RTT)
[08:51:04] [DefaultDispatcher-worker-14/INFO]: [3]    /51.195.24.116:60097 (relayed for /192.168.0.15:52962) -> /49.187.35.145:55359 (srflx) (815ms RTT)
[08:51:04] [DefaultDispatcher-worker-14/INFO]: [3]    /15.204.108.48:61472 (relayed for /192.168.0.15:52962) -> /51.195.24.116:62417 (relay) (967ms RTT)
[08:51:04] [DefaultDispatcher-worker-14/INFO]: [3]    /15.204.108.48:61472 (relayed for /192.168.0.15:52962) -> /15.204.108.48:55542 (relay) (817ms RTT)
[08:51:04] [DefaultDispatcher-worker-14/INFO]: [3]    /15.235.229.89:59512 (relayed for /192.168.0.15:52962) -> /15.204.108.48:55542 (relay) (840ms RTT)
[08:51:12] [Render thread/ERROR]: Signature is missing from Property textures
[08:51:22] [Server thread/WARN]: Can't keep up! Is the server overloaded? Running 4849ms or 96 ticks behind
[08:51:30] [Render thread/INFO]: [System] [CHAT] §8The Watcher is following magmagamer9... §7(only they can see it)
[08:54:33] [Render thread/INFO]: [System] [CHAT] §8The Watcher is following magmagamer9... §7(only they can see it)
[08:55:45] [Server thread/INFO]: [Maint] restarted engine at -5, 40, -2
[08:55:45] [Server thread/INFO]: [Maint] refreshed 1 diesel engines around the city
[08:56:39] [Render thread/ERROR]: Signature is missing from Property textures
[08:56:41] [Server thread/WARN]: Can't keep up! Is the server overloaded? Running 2007ms or 40 ticks behind
[08:57:28] [Render thread/ERROR]: Signature is missing from Property textures
[08:57:39] [Render thread/INFO]: [System] [CHAT] §8The Watcher is following magmagamer9... §7(only they can see it)
[08:58:58] [Render thread/WARN]: Unable to play empty soundEvent: minecraft:entity.cod.ambient
[08:59:28] [Render thread/INFO]: [System] [CHAT] §8The Watcher is following StellarFox1... §7(only they can see it)
[08:59:45] [Render thread/INFO]: [System] [CHAT] §6[Solaris City Bank] §cYour loan payment of 55 coins bounced - a 2 coin late fee was added. Owed: 207
[08:59:47] [Server thread/INFO]: <magmagamer9> help there is something chasing me
[08:59:47] [Render thread/INFO]: [CHAT] <magmagamer9> help there is something chasing me
[09:02:14] [Render thread/INFO]: [System] [CHAT] §b? Boarding Nova's holo-drone... §7(sneak to leave the tour)
[09:02:24] [Server thread/INFO]: [magmagamer9: Applied enchantment Sweeping Edge II to magmagamer9's item]
[09:02:24] [Render thread/INFO]: [System] [CHAT] [magmagamer9: Applied enchantment Sweeping Edge II to magmagamer9's item]
[09:04:09] [Render thread/ERROR]: Signature is missing from Property textures
[09:05:51] [Render thread/INFO]: [System] [CHAT] Respawn point set
[09:08:50] [Render thread/ERROR]: Signature is missing from Property textures
[09:09:51] [Render thread/INFO]: [System] [CHAT] Respawn point set
[09:10:47] [Server thread/INFO]: [Maint] restarted engine at -5, 40, -2
[09:10:47] [Server thread/INFO]: [Maint] refreshed 1 diesel engines around the city
[09:11:22] [Render thread/INFO]: Loaded 614 advancements
[09:12:14] [Server thread/INFO]: [magmagamer9: Teleported magmagamer9 to StellarFox1]
[09:12:14] [Render thread/INFO]: [System] [CHAT] [magmagamer9: Teleported magmagamer9 to StellarFox1]
[09:13:05] [Server thread/INFO]: [Party] Sky Organ party planned for day 39 with 27 residents
[09:14:23] [Server thread/INFO]: <magmagamer9> where do you reside
[09:14:23] [Render thread/INFO]: [CHAT] <magmagamer9> where do you reside
[09:14:46] [Server thread/INFO]: <magmagamer9> follow me
[09:14:46] [Render thread/INFO]: [CHAT] <magmagamer9> follow me
[09:14:48] [Render thread/ERROR]: Signature is missing from Property textures
[09:15:00] [Server thread/INFO]: <magmagamer9> follow me
[09:15:00] [Render thread/INFO]: [CHAT] <magmagamer9> follow me
[09:15:34] [Server thread/INFO]: <magmagamer9> what time does your shift end
[09:15:34] [Render thread/INFO]: [CHAT] <magmagamer9> what time does your shift end
[09:16:14] [Server thread/INFO]: [magmagamer9: Summoned new Cow]
[09:16:14] [Render thread/INFO]: [System] [CHAT] [magmagamer9: Summoned new Cow]
[09:16:20] [Render thread/INFO]: [System] [CHAT] §6[Solaris City Bank] §cYour loan payment of 55 coins bounced - a 2 coin late fee was added. Owed: 209
[09:16:34] [Server thread/INFO]: <magmagamer9> i remade the desk your at
[09:16:34] [Render thread/INFO]: [CHAT] <magmagamer9> i remade the desk your at
[09:18:57] [Server thread/INFO]: <magmagamer9> follow me
[09:18:57] [Render thread/INFO]: [CHAT] <magmagamer9> follow me
[09:19:09] [Server thread/INFO]: <magmagamer9> follow me
[09:19:09] [Render thread/INFO]: [CHAT] <magmagamer9> follow me
[09:19:18] [Server thread/INFO]: <magmagamer9> follow me
[09:19:18] [Render thread/INFO]: [CHAT] <magmagamer9> follow me
[09:19:41] [Server thread/INFO]: <magmagamer9> follow
[09:19:41] [Render thread/INFO]: [CHAT] <magmagamer9> follow
[09:19:53] [Server thread/INFO]: <magmagamer9> come follow me
[09:19:53] [Render thread/INFO]: [CHAT] <magmagamer9> come follow me
[09:19:59] [Server thread/INFO]: <magmagamer9> follow
[09:19:59] [Render thread/INFO]: [CHAT] <magmagamer9> follow
[09:20:11] [Server thread/INFO]: [magmagamer9: Summoned new Zombie]
[09:20:11] [Render thread/INFO]: [System] [CHAT] [magmagamer9: Summoned new Zombie]
[09:20:42] [Server thread/INFO]: <magmagamer9> your in a chair
[09:20:42] [Render thread/INFO]: [CHAT] <magmagamer9> your in a chair
[09:21:06] [Server thread/INFO]: <magmagamer9> follow me
[09:21:06] [Render thread/INFO]: [CHAT] <magmagamer9> follow me
[09:22:01] [Server thread/INFO]: [magmagamer9: Summoned new Phantom]
[09:22:01] [Render thread/INFO]: [System] [CHAT] [magmagamer9: Summoned new Phantom]
[09:22:24] [Server thread/INFO]: [magmagamer9: Summoned new Pillager]
[09:22:24] [Render thread/INFO]: [System] [CHAT] [magmagamer9: Summoned new Pillager]
[09:23:03] [Server thread/INFO]: <magmagamer9> sorry
[09:23:03] [Render thread/INFO]: [CHAT] <magmagamer9> sorry
[09:23:40] [Server thread/INFO]: [magmagamer9: Summoned new Skeleton]
[09:23:40] [Render thread/INFO]: [System] [CHAT] [magmagamer9: Summoned new Skeleton]
[09:23:41] [Server thread/INFO]: [magmagamer9: Summoned new Skeleton]
[09:23:41] [Render thread/INFO]: [System] [CHAT] [magmagamer9: Summoned new Skeleton]
[09:23:42] [Server thread/INFO]: [magmagamer9: Summoned new Skeleton]
[09:23:42] [Render thread/INFO]: [System] [CHAT] [magmagamer9: Summoned new Skeleton]
[09:24:04] [Server thread/INFO]: [magmagamer9: Summoned new Ravager]
[09:24:04] [Render thread/INFO]: [System] [CHAT] [magmagamer9: Summoned new Ravager]
[09:24:36] [Server thread/INFO]: [magmagamer9: Summoned new Ravager]
[09:24:36] [Render thread/INFO]: [System] [CHAT] [magmagamer9: Summoned new Ravager]
[09:25:47] [Server thread/INFO]: [Maint] restarted engine at -5, 40, -2
[09:25:47] [Server thread/INFO]: [Maint] refreshed 1 diesel engines around the city
[09:25:56] [Server thread/INFO]: [magmagamer9: Summoned new Creeper]
[09:25:56] [Render thread/INFO]: [System] [CHAT] [magmagamer9: Summoned new Creeper]
[09:26:46] [Server thread/INFO]: Placed Sam's PC at 27, 91, 17
[09:26:46] [Server thread/INFO]: Placed Remy's PC at 26, 83, 31
[09:29:01] [Server thread/INFO]: <magmagamer9> come follow me
[09:29:01] [Render thread/INFO]: [CHAT] <magmagamer9> come follow me
[09:30:15] [Server thread/INFO]: [StellarFox1: Teleported StellarFox1 to magmagamer9]
[09:30:15] [Render thread/INFO]: [System] [CHAT] Teleported StellarFox1 to magmagamer9
[09:30:43] [Render thread/INFO]: OpenGL debug message: id=1281, source=API, type=ERROR, severity=HIGH, message='Error has been generated. GL error GL_INVALID_VALUE in (null): (ID: 173538523) Generic error'
[09:30:43] [Render thread/INFO]: OpenGL debug message: id=1281, source=API, type=ERROR, severity=HIGH, message='Error has been generated. GL error GL_INVALID_VALUE in (null): (ID: 173538523) Generic error'
[09:30:43] [Render thread/INFO]: OpenGL debug message: id=1281, source=API, type=ERROR, severity=HIGH, message='Error has been generated. GL error GL_INVALID_VALUE in (null): (ID: 173538523) Generic error'
[09:30:43] [Render thread/INFO]: Stopping worker threads
[09:30:43] [Render thread/INFO]: Started 6 worker threads
[09:31:01] [Render thread/INFO]: [System] [CHAT] §6[Election results] §fLeo 19 · Nina 6 · Nell 2§7 · your vote: none
[09:31:52] [Render thread/INFO]: [System] [CHAT] §6[Favour] §eNell§7 asks for §f8 paper§7 for library cards · reward §a25 coins§7. Right-click Nell while carrying them. [all favours]
[09:32:03] [Render thread/INFO]: [System] [CHAT] §6[Favour] §eAva§7 asks for §f3 loaves of bread§7 for a picnic at the pier · reward §a20 coins§7. Right-click Ava while carrying them. [all favours]
[09:32:09] [Render thread/INFO]: [System] [CHAT] §6[Favour] §aNell is thrilled! §7Reward: §a25 coins (paid into your bank account)
[09:32:44] [Server thread/INFO]: [magmagamer9: Summoned new Ravager]
[09:32:44] [Render thread/INFO]: [System] [CHAT] [magmagamer9: Summoned new Ravager]
[09:34:10] [Server thread/INFO]: [magmagamer9: Summoned new Spider]
[09:34:10] [Render thread/INFO]: [System] [CHAT] [magmagamer9: Summoned new Spider]
[09:34:55] [Server thread/INFO]: [magmagamer9: Summoned new Ravager]
[09:34:55] [Render thread/INFO]: [System] [CHAT] [magmagamer9: Summoned new Ravager]
[09:35:28] [Render thread/INFO]: OpenGL debug message: id=1281, source=API, type=ERROR, severity=HIGH, message='Error has been generated. GL error GL_INVALID_VALUE in (null): (ID: 173538523) Generic error'
[09:35:28] [Render thread/INFO]: OpenGL debug message: id=1281, source=API, type=ERROR, severity=HIGH, message='Error has been generated. GL error GL_INVALID_VALUE in (null): (ID: 173538523) Generic error'
[09:35:28] [Render thread/INFO]: Stopping worker threads
[09:35:28] [Render thread/INFO]: Started 6 worker threads
[09:36:12] [Server thread/INFO]: Firework Machine show started (show night)
[09:38:12] [Server thread/INFO]: Firework Machine show finished
[09:38:57] [Server thread/INFO]: <magmagamer9> follow me
[09:38:57] [Render thread/INFO]: [CHAT] <magmagamer9> follow me
[09:39:06] [Server thread/INFO]: <magmagamer9> come follow me
[09:39:06] [Render thread/INFO]: [CHAT] <magmagamer9> come follow me
[09:39:24] [Server thread/INFO]: <magmagamer9> wanna go for dinner
[09:39:24] [Render thread/INFO]: [CHAT] <magmagamer9> wanna go for dinner
[09:39:34] [Server thread/INFO]: <magmagamer9> wanna go for dinner
[09:39:34] [Render thread/INFO]: [CHAT] <magmagamer9> wanna go for dinner
[09:39:37] [Server thread/INFO]: <magmagamer9> wanna go for dinner
[09:39:37] [Render thread/INFO]: [CHAT] <magmagamer9> wanna go for dinner
[09:39:41] [Server thread/INFO]: <magmagamer9> wanna go for dinner
[09:39:41] [Render thread/INFO]: [CHAT] <magmagamer9> wanna go for dinner
[09:39:48] [Server thread/INFO]: <magmagamer9> wanna go for dinner
[09:39:48] [Render thread/INFO]: [CHAT] <magmagamer9> wanna go for dinner
[09:40:38] [Server thread/INFO]: <magmagamer9> go home
[09:40:38] [Render thread/INFO]: [CHAT] <magmagamer9> go home
[09:40:47] [Server thread/INFO]: [Maint] restarted engine at -5, 40, -2
[09:40:47] [Server thread/INFO]: [Maint] refreshed 1 diesel engines around the city
[09:44:43] [Render thread/INFO]: [System] [CHAT] §8The Watcher is following magmagamer9... §7(only they can see it)
[09:47:11] [Render thread/INFO]: [System] [CHAT] §6[Favour] §eHugo§7 asks for §f8 torches§7 for my apartment - it's so dark at night · reward §a22 coins§7. Right-click Hugo while carrying them. [all favours]
[09:49:05] [Server thread/INFO]: <magmagamer9> follow me
[09:49:05] [Render thread/INFO]: [CHAT] <magmagamer9> follow me
[09:49:31] [Server thread/INFO]: <magmagamer9> this is my home
[09:49:31] [Render thread/INFO]: [CHAT] <magmagamer9> this is my home
[09:49:51] [Server thread/INFO]: <magmagamer9> make yourself at home
[09:49:51] [Render thread/INFO]: [CHAT] <magmagamer9> make yourself at home
[09:49:58] [Server thread/INFO]: <magmagamer9> want some dinner take a seat
[09:49:58] [Render thread/INFO]: [CHAT] <magmagamer9> want some dinner take a seat
[09:50:09] [Server thread/INFO]: <magmagamer9> sit
[09:50:09] [Render thread/INFO]: [CHAT] <magmagamer9> sit
[09:53:10] [Render thread/ERROR]: Signature is missing from Property textures
[09:54:30] [Server thread/INFO]: [StellarFox1: Teleported StellarFox1 to magmagamer9]
[09:54:30] [Render thread/INFO]: [System] [CHAT] Teleported StellarFox1 to magmagamer9
[09:55:47] [Server thread/INFO]: [Maint] restarted engine at -5, 40, -2
[09:55:47] [Server thread/INFO]: [Maint] refreshed 1 diesel engines around the city
[09:56:33] [Render thread/ERROR]: Signature is missing from Property textures
[09:57:13] [Render thread/ERROR]: Signature is missing from Property textures
[09:58:19] [Server thread/INFO]: Firework Machine show started by the big red button
[09:58:45] [Server thread/INFO]: [StellarFox1: Teleported StellarFox1 to magmagamer9]
[09:58:45] [Render thread/INFO]: [System] [CHAT] Teleported StellarFox1 to magmagamer9
[10:00:19] [Server thread/INFO]: Firework Machine show finished
[10:00:50] [Render thread/ERROR]: Signature is missing from Property textures
[10:02:10] [Render thread/ERROR]: Signature is missing from Property textures
[10:02:19] [Server thread/INFO]: [StellarFox1: Teleported magmagamer9 to StellarFox1]
[10:02:19] [Render thread/INFO]: [System] [CHAT] Teleported magmagamer9 to StellarFox1
[10:03:22] [Render thread/INFO]: Destroying pipeline NamespacedId{namespace='minecraft', name='overworld'}
[10:03:22] [Render thread/WARN]: Tried to get boolean value for unknown option: 1 || DOF, defaulting to true!
[10:03:22] [Render thread/WARN]: Tried to get boolean value for unknown option: 1, defaulting to true!
[10:03:22] [Render thread/WARN]: Tried to get boolean value for unknown option: 1, defaulting to true!
[10:03:22] [Render thread/WARN]: Tried to get boolean value for unknown option: 1 || DOF, defaulting to true!
[10:03:22] [Render thread/WARN]: Tried to get boolean value for unknown option: 1 || DOF, defaulting to true!
[10:03:22] [Render thread/WARN]: Tried to get boolean value for unknown option: 1 || DOF, defaulting to true!
[10:03:22] [Render thread/WARN]: Tried to get boolean value for unknown option: 1, defaulting to true!
[10:03:22] [Render thread/INFO]: Profile: max (+0 options changed by user)
[10:03:25] [Render thread/WARN]: Warning: the block ID map entry "betterendforge::lumecorn:shape=light_top_middle" could not be fully parsed:
[10:03:25] [Render thread/WARN]: - Block state property filters must be of the form "key=value", but lumecorn is not of that form!
[10:03:25] [Render thread/WARN]: Warning: the block ID map entry "betterendforge::lumecorn:shape=light_middle" could not be fully parsed:
[10:03:25] [Render thread/WARN]: - Block state property filters must be of the form "key=value", but lumecorn is not of that form!
[10:03:25] [Render thread/WARN]: Warning: the block ID map entry "betterendforge::lumecorn:shape=light_bottom" could not be fully parsed:
[10:03:25] [Render thread/WARN]: - Block state property filters must be of the form "key=value", but lumecorn is not of that form!
[10:03:25] [Render thread/WARN]: Warning: the block ID map entry "betterendforge::purple_polypore" could not be fully parsed:
[10:03:25] [Render thread/WARN]: - Block state property filters must be of the form "key=value", but purple_polypore is not of that form!
[10:03:25] [Render thread/WARN]: Warning: the block ID map entry "betterendforge::bulb_vine:shape=bottom" could not be fully parsed:
[10:03:25] [Render thread/WARN]: - Block state property filters must be of the form "key=value", but bulb_vine is not of that form!
[10:03:25] [Render thread/INFO]: Using shaderpack: §lE-LITE shaders 5.1.1.zip
[10:03:25] [Render thread/INFO]: Creating pipeline for dimension NamespacedId{namespace='minecraft', name='overworld'}
[10:03:25] [Render thread/INFO]: Starting custom uniform resolving
[10:03:27] [Render thread/WARN]: The in declaration 'up_vec' in the FRAGMENT shader that is never assigned to in the previous stage VERTEX has been compatibility-patched by adding an initialization for it. See debugging.md for more information.
[10:03:28] [Render thread/WARN]: The in declaration 'up_vec' in the FRAGMENT shader that is never assigned to in the previous stage VERTEX has been compatibility-patched by adding an initialization for it. See debugging.md for more information.
[10:03:28] [Render thread/WARN]: The in declaration 'cursed_sky' in the FRAGMENT shader that is never assigned to in the previous stage VERTEX has been compatibility-patched by adding an initialization for it. See debugging.md for more information.
[10:03:28] [Render thread/WARN]: The in declaration 'cursed_sky' in the FRAGMENT shader that is never assigned to in the previous stage VERTEX has been compatibility-patched by adding an initialization for it. See debugging.md for more information.
[10:03:29] [Render thread/WARN]: The in declaration 'visible_sky' in the FRAGMENT shader is missing a corresponding out declaration in the previous stage VERTEX and has been compatibility-patched. See debugging.md for more information.
[10:03:29] [Render thread/WARN]: The in declaration 'visible_sky' in the FRAGMENT shader is missing a corresponding out declaration in the previous stage VERTEX and has been compatibility-patched. See debugging.md for more information.
[10:03:29] [Render thread/WARN]: The in declaration 'visible_sky' in the FRAGMENT shader is missing a corresponding out declaration in the previous stage VERTEX and has been compatibility-patched. See debugging.md for more information.
[10:03:30] [Render thread/WARN]: The in declaration 'visible_sky' in the FRAGMENT shader is missing a corresponding out declaration in the previous stage VERTEX and has been compatibility-patched. See debugging.md for more information.
[10:03:30] [Render thread/WARN]: The in declaration 'visible_sky' in the FRAGMENT shader is missing a corresponding out declaration in the previous stage VERTEX and has been compatibility-patched. See debugging.md for more information.
[10:03:30] [Render thread/WARN]: The in declaration 'visible_sky' in the FRAGMENT shader is missing a corresponding out declaration in the previous stage VERTEX and has been compatibility-patched. See debugging.md for more information.
[10:03:30] [Render thread/WARN]: The in declaration 'visible_sky' in the FRAGMENT shader is missing a corresponding out declaration in the previous stage VERTEX and has been compatibility-patched. See debugging.md for more information.
[10:03:30] [Render thread/WARN]: The in declaration 'visible_sky' in the FRAGMENT shader is missing a corresponding out declaration in the previous stage VERTEX and has been compatibility-patched. See debugging.md for more information.
[10:03:30] [Render thread/WARN]: The in declaration 'visible_sky' in the FRAGMENT shader is missing a corresponding out declaration in the previous stage VERTEX and has been compatibility-patched. See debugging.md for more information.
[10:03:30] [Render thread/WARN]: The in declaration 'visible_sky' in the FRAGMENT shader is missing a corresponding out declaration in the previous stage VERTEX and has been compatibility-patched. See debugging.md for more information.
[10:03:30] [Render thread/WARN]: The in declaration 'visible_sky' in the FRAGMENT shader is missing a corresponding out declaration in the previous stage VERTEX and has been compatibility-patched. See debugging.md for more information.
[10:03:30] [Render thread/WARN]: The in declaration 'visible_sky' in the FRAGMENT shader is missing a corresponding out declaration in the previous stage VERTEX and has been compatibility-patched. See debugging.md for more information.
[10:03:30] [Render thread/WARN]: The in declaration 'visible_sky' in the FRAGMENT shader is missing a corresponding out declaration in the previous stage VERTEX and has been compatibility-patched. See debugging.md for more information.
[10:03:30] [Render thread/WARN]: The in declaration 'visible_sky' in the FRAGMENT shader is missing a corresponding out declaration in the previous stage VERTEX and has been compatibility-patched. See debugging.md for more information.
[10:03:30] [Render thread/WARN]: The in declaration 'visible_sky' in the FRAGMENT shader is missing a corresponding out declaration in the previous stage VERTEX and has been compatibility-patched. See debugging.md for more information.
[10:03:30] [Render thread/WARN]: The in declaration 'visible_sky' in the FRAGMENT shader is missing a corresponding out declaration in the previous stage VERTEX and has been compatibility-patched. See debugging.md for more information.
[10:03:30] [Render thread/INFO]: Stopping worker threads
[10:03:30] [Render thread/INFO]: Started 6 worker threads
[10:03:30] [Render thread/WARN]: Flywheel backend fell back from 'flywheel:instancing' to 'flywheel:off'
[10:03:30] [Render thread/INFO]: [System] [CHAT] Toggled shaders to §lE-LITE shaders 5.1.1.zip!
[10:03:30] [Render thread/WARN]: The in declaration 'visible_sky' in the FRAGMENT shader is missing a corresponding out declaration in the previous stage VERTEX and has been compatibility-patched. See debugging.md for more information.
[10:03:30] [Render thread/WARN]: The in declaration 'visible_sky' in the FRAGMENT shader is missing a corresponding out declaration in the previous stage VERTEX and has been compatibility-patched. See debugging.md for more information.
[10:04:05] [Server thread/INFO]: magmagamer9 lost connection: Disconnected
[10:04:05] [Server thread/INFO]: magmagamer9 left the game
[10:04:05] [Render thread/INFO]: [System] [CHAT] magmagamer9 left the game
[10:05:32] [Render thread/ERROR]: Signature is missing from Property textures
[10:05:33] [Render thread/INFO]: OpenGL debug message: id=1282, source=API, type=ERROR, severity=HIGH, message='Error has been generated. GL error GL_INVALID_OPERATION in (null): (ID: 173538523) Generic error'
[10:06:24] [Render thread/ERROR]: Signature is missing from Property textures
[10:06:25] [Render thread/INFO]: OpenGL debug message: id=1282, source=API, type=ERROR, severity=HIGH, message='Error has been generated. GL error GL_INVALID_OPERATION in (null): (ID: 173538523) Generic error'
[10:06:25] [Render thread/INFO]: Destroying pipeline NamespacedId{namespace='minecraft', name='overworld'}
[10:06:25] [Render thread/INFO]: Shaders are disabled because enableShaders is set to false in iris.properties
[10:06:25] [Render thread/INFO]: Shaders are disabled
[10:06:25] [Render thread/INFO]: Creating pipeline for dimension NamespacedId{namespace='minecraft', name='overworld'}
[10:06:25] [Render thread/INFO]: Stopping worker threads
[10:06:25] [Render thread/INFO]: Started 6 worker threads
[10:06:25] [Render thread/INFO]: [System] [CHAT] Shaders disabled!
[10:06:50] [Render thread/WARN]: Received passengers for unknown entity
[10:06:51] [Render thread/INFO]: [System] [CHAT] §6[Solaris City Bank] §eYour savings earned §f1 coins§e interest this week. Balance: §f23 coins
[10:06:54] [Render thread/WARN]: Received passengers for unknown entity
[10:07:00] [Render thread/WARN]: Received passengers for unknown entity
[10:07:00] [Render thread/WARN]: Received passengers for unknown entity
[10:07:13] [Render thread/WARN]: Received passengers for unknown entity
[10:07:13] [Render thread/WARN]: Received passengers for unknown entity
[10:10:47] [Server thread/INFO]: [Maint] restarted engine at -5, 40, -2
[10:10:47] [Server thread/INFO]: [Maint] refreshed 1 diesel engines around the city
[10:12:02] [Server thread/INFO]: <StellarFox1> good afternoon
[10:12:02] [Render thread/INFO]: [CHAT] <StellarFox1> good afternoon
[10:14:22] [Render thread/ERROR]: Signature is missing from Property textures
[10:14:23] [Server thread/INFO]: StellarFox1 lost connection: Disconnected
[10:14:23] [Server thread/INFO]: StellarFox1 left the game
[10:14:23] [Render thread/INFO]: Client Kelvin dumped.
[10:14:23] [Server thread/INFO]: Stopping singleplayer server as player logged out
[10:14:23] [Server thread/INFO]: Stopping server
[10:14:23] [Server thread/INFO]: Saving players
[10:14:23] [Server thread/INFO]: Saving worlds
[10:14:23] [Physics thread/INFO]: Deleting VSPhysicsPipelineStage resources!
[10:14:24] [Physics thread/WARN]: Physics pipeline ending
[10:14:24] [Server thread/INFO]: Saving chunks for level 'ServerLevel[Create!]'/minecraft:overworld
[10:14:25] [Server thread/INFO]: Saving chunks for level 'ServerLevel[Create!]'/minecraft:the_nether
[10:14:25] [Server thread/INFO]: Saving chunks for level 'ServerLevel[Create!]'/minecraft:the_end
[10:14:25] [Server thread/INFO]: ThreadedAnvilChunkStorage (Create!): All chunks are saved
[10:14:25] [Server thread/INFO]: ThreadedAnvilChunkStorage (DIM-1): All chunks are saved
[10:14:25] [Server thread/INFO]: ThreadedAnvilChunkStorage (DIM1): All chunks are saved
[10:14:25] [Server thread/INFO]: ThreadedAnvilChunkStorage: All dimensions are saved
[10:14:25] [DefaultDispatcher-worker-6/INFO]: VSPhysicsPipelineStage is fully deleted!
[10:14:28] [Server thread/INFO]: Disabling Kelvin...
[10:14:28] [Server thread/INFO]: Dumping Kelvin information...
[10:14:28] [Server thread/INFO]: Dumped Kelvin information. Now get out!
[10:14:28] [Render thread/INFO]: Stopping worker threads
[10:14:28] [Render thread/ERROR]: Signature is missing from Property textures
[10:14:29] [Realms Notification Availability checker #1/INFO]: Could not authorize you against Realms server: javax.ws.rs.NotAuthorizedException: HTTP 401 Unauthorized
[10:15:01] [Render thread/INFO]: Stopping!
[10:15:01] [Render thread/INFO]: Client Kelvin dumped.
