[2026-09-29 08:39:24] [Render thread/INFO] [CustomSkinLoader Core]: CustomSkinLoader 15.0.1
[2026-09-29 08:39:24] [Render thread/INFO] [CustomSkinLoader Core]: DataDir: C:\Users\whosh\AppData\Roaming\ModrinthApp\profiles\Create_ Remastered\CustomSkinLoader
[2026-09-29 08:39:24] [Render thread/INFO] [CustomSkinLoader Core]: Operating System: Windows 11 (amd64) version 10.0
[2026-09-29 08:39:24] [Render thread/INFO] [CustomSkinLoader Core]: Java Version: 17.0.20.1, Azul Systems, Inc.
[2026-09-29 08:39:24] [Render thread/INFO] [CustomSkinLoader Core]: Java VM Version: OpenJDK 64-Bit Server VM (mixed mode, sharing), Azul Systems, Inc.
[2026-09-29 08:39:24] [Render thread/INFO] [CustomSkinLoader Core]: Minecraft: 1.20.1
[2026-09-29 08:39:24] [Render thread/INFO] [CustomSkinLoader Core]: Config File: C:\Users\whosh\AppData\Roaming\ModrinthApp\profiles\Create_ Remastered\CustomSkinLoader\CustomSkinLoader.json
[2026-09-29 08:39:24] [Render thread/INFO] [CustomSkinLoader Core]: Try to load config.
[2026-09-29 08:39:24] [Render thread/INFO] [CustomSkinLoader Core]: Successfully load config.
[2026-09-29 08:39:24] [Render thread/INFO] [CustomSkinLoader Core]: Add a profile loader: GameProfile
[2026-09-29 08:39:24] [Render thread/INFO] [CustomSkinLoader Core]: Add a profile loader: MojangAPI
[2026-09-29 08:39:24] [Render thread/INFO] [CustomSkinLoader Core]: Add a profile loader: Legacy
[2026-09-29 08:39:24] [Render thread/INFO] [CustomSkinLoader Core]: Add a profile loader: CustomSkinAPI
[2026-09-29 08:39:24] [Render thread/INFO] [CustomSkinLoader Core]: Add a profile loader: CustomSkinAPIPlus
[2026-09-29 08:39:24] [Render thread/INFO] [CustomSkinLoader Core]: Add a profile loader: UniSkinAPI
[2026-09-29 08:39:24] [Render thread/INFO] [CustomSkinLoader Core]: Add a profile loader: ElyByAPI
[2026-09-29 08:39:24] [Render thread/INFO] [CustomSkinLoader Core]: Add a profile loader: MinecraftCapesAPI
[2026-09-29 08:39:24] [Render thread/INFO] [CustomSkinLoader Core]: Add a profile loader: WynntilsAPI
[2026-09-29 08:39:24] [Render thread/INFO] [CustomSkinLoader Core]: Successfully update config.
[2026-09-29 08:39:24] [Render thread/INFO] [CustomSkinLoader Core]: version : 15.0.1
[2026-09-29 08:39:24] [Render thread/INFO] [CustomSkinLoader Core]: buildNumber : 40
[2026-09-29 08:39:24] [Render thread/INFO] [CustomSkinLoader Core]: loadlist : [{ "name": "LocalSkin", "type": "Legacy", "checkPNG": "false", "skin": "LocalSkin/skins/{USERNAME}.png", "model": "auto", "cape": "LocalSkin/capes/{USERNAME}.png", "elytra": "LocalSkin/elytras/{USERNAME}.png" }, { "name": "GameProfile", "type": "GameProfile" }, { "name": "Mojang", "type": "MojangAPI", "apiRoot": "https://api.mojang.com/", "sessionRoot": "https://sessionserver.mojang.com/" }, { "name": "LittleSkin", "type": "CustomSkinAPI", "root": "https://littleskin.cn/csl/" }, { "name": "BlessingSkin", "type": "CustomSkinAPI", "root": "https://skin.prinzeugen.net/" }, { "name": "ElyBy", "type": "ElyByAPI", "root": "http://skinsystem.ely.by/textures/" }, { "name": "TLauncher", "type": "ElyByAPI", "root": "https://auth.tlauncher.org/skin/profile/texture/login/" }, { "name": "GlitchlessGames", "type": "ElyByAPI", "root": "https://games.glitchless.ru/api/minecraft/users/profiles/textures/?nickname=" }, { "name": "MinecraftCapes", "type": "MinecraftCapesAPI", "root": "https://api.minecraftcapes.net/profile/" }, { "name": "OptiFine", "type": "Legacy", "checkPNG": "false", "model": "auto", "cape": "https://optifine.net/capes/{USERNAME}.png" }, { "name": "CloakPlus", "type": "Legacy", "checkPNG": "false", "model": "auto", "cape": "http://161.35.130.99/capes/{USERNAME}.png" }, { "name": "Cosmetica", "type": "Legacy", "checkPNG": "false", "model": "auto", "cape": "https://api.cosmetica.cc/get/cloak?username={USERNAME}&uuid={STANDARD_UUID}&nothirdparty" }]
[2026-09-29 08:39:24] [Render thread/INFO] [CustomSkinLoader Core]: enableTransparentSkin : true
[2026-09-29 08:39:24] [Render thread/INFO] [CustomSkinLoader Core]: forceLoadAllTextures : true
[2026-09-29 08:39:24] [Render thread/INFO] [CustomSkinLoader Core]: enableCape : true
[2026-09-29 08:39:24] [Render thread/INFO] [CustomSkinLoader Core]: threadPoolSize : 8
[2026-09-29 08:39:24] [Render thread/INFO] [CustomSkinLoader Core]: enableLogStdOut : false
[2026-09-29 08:39:24] [Render thread/INFO] [CustomSkinLoader Core]: cacheExpiry : 30
[2026-09-29 08:39:24] [Render thread/INFO] [CustomSkinLoader Core]: forceUpdateSkull : false
[2026-09-29 08:39:24] [Render thread/INFO] [CustomSkinLoader Core]: enableLocalProfileCache : false
[2026-09-29 08:39:24] [Render thread/INFO] [CustomSkinLoader Core]: enableCacheAutoClean : false
[2026-09-29 08:39:24] [Render thread/INFO] [CustomSkinLoader Core]: forceDisableCache : false
[2026-09-29 08:39:24] [StellarFox1 <ba0f0db5-7f7a-4608-88b0-bdbeb9bea1de>/INFO] [CustomSkinLoader Core]: Loading StellarFox1's profile.
[2026-09-29 08:39:24] [StellarFox1 <ba0f0db5-7f7a-4608-88b0-bdbeb9bea1de>/INFO] [CustomSkinLoader Core]: 1/12 Try to load profile from 'LocalSkin'.
[2026-09-29 08:39:24] [StellarFox1 <ba0f0db5-7f7a-4608-88b0-bdbeb9bea1de>/INFO] [CustomSkinLoader Core]: 2/12 Try to load profile from 'GameProfile'.
[2026-09-29 08:39:24] [StellarFox1 <ba0f0db5-7f7a-4608-88b0-bdbeb9bea1de>/INFO] [CustomSkinLoader Core]: 3/12 Try to load profile from 'Mojang'.
[2026-09-29 08:39:24] [StellarFox1 <ba0f0db5-7f7a-4608-88b0-bdbeb9bea1de>/INFO] [CustomSkinLoader Core]: 4/12 Try to load profile from 'LittleSkin'.
[2026-09-29 08:39:24] [StellarFox1 <ba0f0db5-7f7a-4608-88b0-bdbeb9bea1de>/INFO] [CustomSkinLoader Core]: 5/12 Try to load profile from 'BlessingSkin'.
[2026-09-29 08:39:24] [StellarFox1 <ba0f0db5-7f7a-4608-88b0-bdbeb9bea1de> (GameProfile)/INFO] [CustomSkinLoader Core]: Profile not found.
[2026-09-29 08:39:24] [StellarFox1 <ba0f0db5-7f7a-4608-88b0-bdbeb9bea1de>/INFO] [CustomSkinLoader Core]: 6/12 Try to load profile from 'ElyBy'.
[2026-09-29 08:39:24] [StellarFox1 <ba0f0db5-7f7a-4608-88b0-bdbeb9bea1de>/INFO] [CustomSkinLoader Core]: 7/12 Try to load profile from 'TLauncher'.
[2026-09-29 08:39:24] [StellarFox1 <ba0f0db5-7f7a-4608-88b0-bdbeb9bea1de>/INFO] [CustomSkinLoader Core]: 8/12 Try to load profile from 'GlitchlessGames'.
[2026-09-29 08:39:24] [StellarFox1 <ba0f0db5-7f7a-4608-88b0-bdbeb9bea1de>/INFO] [CustomSkinLoader Core]: 9/12 Try to load profile from 'MinecraftCapes'.
[2026-09-29 08:39:24] [StellarFox1 <ba0f0db5-7f7a-4608-88b0-bdbeb9bea1de>/INFO] [CustomSkinLoader Core]: 10/12 Try to load profile from 'OptiFine'.
[2026-09-29 08:39:24] [StellarFox1 <ba0f0db5-7f7a-4608-88b0-bdbeb9bea1de>/INFO] [CustomSkinLoader Core]: 11/12 Try to load profile from 'CloakPlus'.
[2026-09-29 08:39:24] [StellarFox1 <ba0f0db5-7f7a-4608-88b0-bdbeb9bea1de>/INFO] [CustomSkinLoader Core]: 12/12 Try to load profile from 'Cosmetica'.
[2026-09-29 08:39:24] [StellarFox1 <ba0f0db5-7f7a-4608-88b0-bdbeb9bea1de> (LittleSkin)/DEBUG] [CustomSkinLoader Core]: Try to request 'https://littleskin.cn/csl/StellarFox1.json'.
[2026-09-29 08:39:24] [StellarFox1 <ba0f0db5-7f7a-4608-88b0-bdbeb9bea1de> (CloakPlus)/DEBUG] [CustomSkinLoader Core]: Try to request 'http://161.35.130.99/capes/StellarFox1.png'.
[2026-09-29 08:39:24] [StellarFox1 <ba0f0db5-7f7a-4608-88b0-bdbeb9bea1de> (OptiFine)/DEBUG] [CustomSkinLoader Core]: Try to request 'https://optifine.net/capes/StellarFox1.png'.
[2026-09-29 08:39:24] [StellarFox1 <ba0f0db5-7f7a-4608-88b0-bdbeb9bea1de> (ElyBy)/DEBUG] [CustomSkinLoader Core]: Try to request 'http://skinsystem.ely.by/textures/StellarFox1'.
[2026-09-29 08:39:24] [StellarFox1 <ba0f0db5-7f7a-4608-88b0-bdbeb9bea1de> (GlitchlessGames)/DEBUG] [CustomSkinLoader Core]: Try to request 'https://games.glitchless.ru/api/minecraft/users/profiles/textures/?nickname=StellarFox1'.
[2026-09-29 08:39:24] [StellarFox1 <ba0f0db5-7f7a-4608-88b0-bdbeb9bea1de> (BlessingSkin)/DEBUG] [CustomSkinLoader Core]: Try to request 'https://skin.prinzeugen.net/StellarFox1.json'.
[2026-09-29 08:39:24] [StellarFox1 <ba0f0db5-7f7a-4608-88b0-bdbeb9bea1de> (Mojang)/DEBUG] [CustomSkinLoader Core]: Try to request 'https://api.mojang.com/profiles/minecraft'.
[2026-09-29 08:39:24] [StellarFox1 <ba0f0db5-7f7a-4608-88b0-bdbeb9bea1de> (TLauncher)/DEBUG] [CustomSkinLoader Core]: Try to request 'https://auth.tlauncher.org/skin/profile/texture/login/StellarFox1'.
[2026-09-29 08:39:24] [StellarFox1 <ba0f0db5-7f7a-4608-88b0-bdbeb9bea1de> (Mojang)/INFO] [CustomSkinLoader Core]: Payload: ["StellarFox1"]
[2026-09-29 08:39:24] [StellarFox1 <ba0f0db5-7f7a-4608-88b0-bdbeb9bea1de> (ElyBy)/DEBUG] [CustomSkinLoader Core]: Cache file found (Length: 0 , Path: 'C:\Users\whosh\AppData\Roaming\ModrinthApp\profiles\Create_ Remastered\CustomSkinLoader\caches\3b3cce223716de55b9a17b46caa02a7b87781554' , Expire: 1790635566)
[2026-09-29 08:39:24] [StellarFox1 <ba0f0db5-7f7a-4608-88b0-bdbeb9bea1de> (ElyBy)/INFO] [CustomSkinLoader Core]: Try to load from cache 'C:\Users\whosh\AppData\Roaming\ModrinthApp\profiles\Create_ Remastered\CustomSkinLoader\caches\3b3cce223716de55b9a17b46caa02a7b87781554'.
[2026-09-29 08:39:24] [StellarFox1 <ba0f0db5-7f7a-4608-88b0-bdbeb9bea1de> (ElyBy)/DEBUG] [CustomSkinLoader Core]: Successfully load from cache
[2026-09-29 08:39:24] [StellarFox1 <ba0f0db5-7f7a-4608-88b0-bdbeb9bea1de> (ElyBy)/DEBUG] [CustomSkinLoader Core]: Content: 
[2026-09-29 08:39:24] [StellarFox1 <ba0f0db5-7f7a-4608-88b0-bdbeb9bea1de> (ElyBy)/INFO] [CustomSkinLoader Core]: Profile not found.
[2026-09-29 08:39:25] [StellarFox1 <ba0f0db5-7f7a-4608-88b0-bdbeb9bea1de> (BlessingSkin)/DEBUG] [CustomSkinLoader Core]: Failed to request (Response Code: 404)
[2026-09-29 08:39:25] [StellarFox1 <ba0f0db5-7f7a-4608-88b0-bdbeb9bea1de> (BlessingSkin)/INFO] [CustomSkinLoader Core]: Profile not found.
[2026-09-29 08:39:25] [StellarFox1 <ba0f0db5-7f7a-4608-88b0-bdbeb9bea1de> (OptiFine)/DEBUG] [CustomSkinLoader Core]: Failed to request (Response Code: 404)
[2026-09-29 08:39:25] [StellarFox1 <ba0f0db5-7f7a-4608-88b0-bdbeb9bea1de> (OptiFine)/INFO] [CustomSkinLoader Core]: No texture could be found.
[2026-09-29 08:39:25] [StellarFox1 <ba0f0db5-7f7a-4608-88b0-bdbeb9bea1de> (LittleSkin)/DEBUG] [CustomSkinLoader Core]: Successfully request (Response Code: 200 , Content Length: 2)
[2026-09-29 08:39:25] [StellarFox1 <ba0f0db5-7f7a-4608-88b0-bdbeb9bea1de> (LittleSkin)/DEBUG] [CustomSkinLoader Core]: Saved to cache (Length: 2 , Path: 'C:\Users\whosh\AppData\Roaming\ModrinthApp\profiles\Create_ Remastered\CustomSkinLoader\caches\04a8213060de2342b7b98afd04be478dc22027ee' , Expire: 1790635257)
[2026-09-29 08:39:25] [StellarFox1 <ba0f0db5-7f7a-4608-88b0-bdbeb9bea1de> (LittleSkin)/DEBUG] [CustomSkinLoader Core]: Content: {}
[2026-09-29 08:39:25] [StellarFox1 <ba0f0db5-7f7a-4608-88b0-bdbeb9bea1de> (LittleSkin)/INFO] [CustomSkinLoader Core]: Both skin and cape not found.
[2026-09-29 08:39:25] [StellarFox1 <ba0f0db5-7f7a-4608-88b0-bdbeb9bea1de> (TLauncher)/DEBUG] [CustomSkinLoader Core]: Successfully request (Response Code: 200 , Content Length: -1)
[2026-09-29 08:39:25] [StellarFox1 <ba0f0db5-7f7a-4608-88b0-bdbeb9bea1de> (TLauncher)/DEBUG] [CustomSkinLoader Core]: Saved to cache (Length: 2 , Path: 'C:\Users\whosh\AppData\Roaming\ModrinthApp\profiles\Create_ Remastered\CustomSkinLoader\caches\dfd943c58c4b794225ac649fbf576e9285c8abee' , Expire: 1790635256)
[2026-09-29 08:39:25] [StellarFox1 <ba0f0db5-7f7a-4608-88b0-bdbeb9bea1de> (TLauncher)/DEBUG] [CustomSkinLoader Core]: Content: {}
[2026-09-29 08:39:25] [StellarFox1 <ba0f0db5-7f7a-4608-88b0-bdbeb9bea1de> (TLauncher)/INFO] [CustomSkinLoader Core]: Both skin and cape not found.
[2026-09-29 08:39:25] [StellarFox1 <ba0f0db5-7f7a-4608-88b0-bdbeb9bea1de> (CloakPlus)/DEBUG] [CustomSkinLoader Core]: Failed to request (Response Code: 502)
[2026-09-29 08:39:25] [StellarFox1 <ba0f0db5-7f7a-4608-88b0-bdbeb9bea1de> (CloakPlus)/INFO] [CustomSkinLoader Core]: No texture could be found.
[2026-09-29 08:39:26] [StellarFox1 <ba0f0db5-7f7a-4608-88b0-bdbeb9bea1de> (Mojang)/DEBUG] [CustomSkinLoader Core]: Successfully request (Response Code: 200 , Content Length: 77)
[2026-09-29 08:39:26] [StellarFox1 <ba0f0db5-7f7a-4608-88b0-bdbeb9bea1de> (Mojang)/DEBUG] [CustomSkinLoader Core]: Content: [ {
  "id" : "ba0f0db57f7a460888b0bdbeb9bea1de",
  "name" : "StellarFox1"
} ]
[2026-09-29 08:39:26] [StellarFox1 <ba0f0db5-7f7a-4608-88b0-bdbeb9bea1de> (Cosmetica)/DEBUG] [CustomSkinLoader Core]: Try to request 'https://api.cosmetica.cc/get/cloak?username=StellarFox1&uuid=ba0f0db5-7f7a-4608-88b0-bdbeb9bea1de&nothirdparty'.
[2026-09-29 08:39:26] [StellarFox1 <ba0f0db5-7f7a-4608-88b0-bdbeb9bea1de> (Mojang)/DEBUG] [CustomSkinLoader Core]: Try to request 'https://sessionserver.mojang.com/session/minecraft/profile/ba0f0db57f7a460888b0bdbeb9bea1de'.
[2026-09-29 08:39:26] [StellarFox1 <ba0f0db5-7f7a-4608-88b0-bdbeb9bea1de> (MinecraftCapes)/DEBUG] [CustomSkinLoader Core]: Try to request 'https://api.minecraftcapes.net/profile/ba0f0db57f7a460888b0bdbeb9bea1de'.
[2026-09-29 08:39:26] [StellarFox1 <ba0f0db5-7f7a-4608-88b0-bdbeb9bea1de> (Cosmetica)/DEBUG] [CustomSkinLoader Core]: Cache file found (Length: 8227 , Path: 'C:\Users\whosh\AppData\Roaming\ModrinthApp\profiles\Create_ Remastered\CustomSkinLoader\caches\09b251b1aa7f6f0a8f7025667d3d754114034bdc' , Expire: 1790908400)
[2026-09-29 08:39:26] [StellarFox1 <ba0f0db5-7f7a-4608-88b0-bdbeb9bea1de> (MinecraftCapes)/DEBUG] [CustomSkinLoader Core]: Successfully request (Response Code: 304 , Content Length: -1)
[2026-09-29 08:39:26] [StellarFox1 <ba0f0db5-7f7a-4608-88b0-bdbeb9bea1de> (MinecraftCapes)/DEBUG] [CustomSkinLoader Core]: Cache file found (Length: 241 , Path: 'C:\Users\whosh\AppData\Roaming\ModrinthApp\profiles\Create_ Remastered\CustomSkinLoader\caches\5d3b73e86a212e93c58c98620eab9beba796f59d' , Expire: 0)
[2026-09-29 08:39:26] [StellarFox1 <ba0f0db5-7f7a-4608-88b0-bdbeb9bea1de> (MinecraftCapes)/INFO] [CustomSkinLoader Core]: Try to load from cache 'C:\Users\whosh\AppData\Roaming\ModrinthApp\profiles\Create_ Remastered\CustomSkinLoader\caches\5d3b73e86a212e93c58c98620eab9beba796f59d'.
[2026-09-29 08:39:26] [StellarFox1 <ba0f0db5-7f7a-4608-88b0-bdbeb9bea1de> (MinecraftCapes)/DEBUG] [CustomSkinLoader Core]: Successfully load from cache
[2026-09-29 08:39:26] [StellarFox1 <ba0f0db5-7f7a-4608-88b0-bdbeb9bea1de> (MinecraftCapes)/DEBUG] [CustomSkinLoader Core]: Content: {"animatedCape":false,"capeGlint":false,"upsideDown":false,"animated_cape_url":null,"cape_url":null,"ear_url":null,"textures":{"_IMPORTANT":"We are removing base64 textures, please use the above parameters instead.","cape":null,"ears":null}}
[2026-09-29 08:39:26] [StellarFox1 <ba0f0db5-7f7a-4608-88b0-bdbeb9bea1de> (MinecraftCapes)/INFO] [CustomSkinLoader Core]: Both skin and cape not found.
[2026-09-29 08:39:26] [StellarFox1 <ba0f0db5-7f7a-4608-88b0-bdbeb9bea1de> (GlitchlessGames)/DEBUG] [CustomSkinLoader Core]: Failed to request (Response Code: 404)
[2026-09-29 08:39:26] [StellarFox1 <ba0f0db5-7f7a-4608-88b0-bdbeb9bea1de> (GlitchlessGames)/INFO] [CustomSkinLoader Core]: Profile not found.
[2026-09-29 08:39:27] [StellarFox1 <ba0f0db5-7f7a-4608-88b0-bdbeb9bea1de> (Mojang)/DEBUG] [CustomSkinLoader Core]: Successfully request (Response Code: 200 , Content Length: 545)
[2026-09-29 08:39:27] [StellarFox1 <ba0f0db5-7f7a-4608-88b0-bdbeb9bea1de> (Mojang)/DEBUG] [CustomSkinLoader Core]: Saved to cache (Length: 545 , Path: 'C:\Users\whosh\AppData\Roaming\ModrinthApp\profiles\Create_ Remastered\CustomSkinLoader\caches\0d240c790d6b973e6f93d13d4fb7cc13d197a32b' , Expire: 1790635187)
[2026-09-29 08:39:27] [StellarFox1 <ba0f0db5-7f7a-4608-88b0-bdbeb9bea1de> (Mojang)/DEBUG] [CustomSkinLoader Core]: Content: {
  "id" : "ba0f0db57f7a460888b0bdbeb9bea1de",
  "name" : "StellarFox1",
  "properties" : [ {
    "name" : "textures",
    "value" : "ewogICJ0aW1lc3RhbXAiIDogMTc5MDYzNTE2NzgyNiwKICAicHJvZmlsZUlkIiA6ICJiYTBmMGRiNTdmN2E0NjA4ODhiMGJkYmViOWJlYTFkZSIsCiAgInByb2ZpbGVOYW1lIiA6ICJTdGVsbGFyRm94MSIsCiAgInRleHR1cmVzIiA6IHsKICAgICJTS0lOIiA6IHsKICAgICAgInVybCIgOiAiaHR0cDovL3RleHR1cmVzLm1pbmVjcmFmdC5uZXQvdGV4dHVyZS9lYmRmZjBlZjM5NmE1YmJjNWRlOTQyYWJlNWM1NzE4MTU1Y2MzNTBkZDlmNjIyYWExNGIxZGQyM2U1YWM4MmVlIgogICAgfQogIH0KfQ=="
  } ],
  "profileActions" : [ ]
}
[2026-09-29 08:39:27] [StellarFox1 <ba0f0db5-7f7a-4608-88b0-bdbeb9bea1de>/INFO] [CustomSkinLoader Core]: StellarFox1's profile loaded. (2069ms)
[2026-09-29 08:39:27] [StellarFox1 <ba0f0db5-7f7a-4608-88b0-bdbeb9bea1de>/INFO] [CustomSkinLoader Core]: (SkinUrl: (LOCAL_LEGACY)a4b327b6000da5c89b6ada28a472d9731dfd7499,LocalSkin/skins/StellarFox1.png , Model: auto , CapeUrl: (LEGACY)https://api.cosmetica.cc/get/cloak?username=StellarFox1&uuid=ba0f0db5-7f7a-4608-88b0-bdbeb9bea1de&nothirdparty  , Expiry: 1790635197)
[2026-09-29 08:39:45] [StellarFox1 <ba0f0db5-7f7a-4608-88b0-bdbeb9bea1de>/INFO] [CustomSkinLoader Core]: Loading StellarFox1's profile.
[2026-09-29 08:39:45] [StellarFox1 <ba0f0db5-7f7a-4608-88b0-bdbeb9bea1de>/INFO] [CustomSkinLoader Core]: 1/12 Try to load profile from 'LocalSkin'.
[2026-09-29 08:39:45] [StellarFox1 <ba0f0db5-7f7a-4608-88b0-bdbeb9bea1de>/INFO] [CustomSkinLoader Core]: 2/12 Try to load profile from 'GameProfile'.
[2026-09-29 08:39:45] [StellarFox1 <ba0f0db5-7f7a-4608-88b0-bdbeb9bea1de>/INFO] [CustomSkinLoader Core]: 3/12 Try to load profile from 'Mojang'.
[2026-09-29 08:39:45] [StellarFox1 <ba0f0db5-7f7a-4608-88b0-bdbeb9bea1de>/INFO] [CustomSkinLoader Core]: 4/12 Try to load profile from 'LittleSkin'.
[2026-09-29 08:39:45] [StellarFox1 <ba0f0db5-7f7a-4608-88b0-bdbeb9bea1de>/INFO] [CustomSkinLoader Core]: 5/12 Try to load profile from 'BlessingSkin'.
[2026-09-29 08:39:45] [StellarFox1 <ba0f0db5-7f7a-4608-88b0-bdbeb9bea1de> (Mojang)/DEBUG] [CustomSkinLoader Core]: Try to request 'https://sessionserver.mojang.com/session/minecraft/profile/ba0f0db57f7a460888b0bdbeb9bea1de'.
[2026-09-29 08:39:45] [StellarFox1 <ba0f0db5-7f7a-4608-88b0-bdbeb9bea1de> (GameProfile)/INFO] [CustomSkinLoader Core]: Default profile will be used.
[2026-09-29 08:39:45] [StellarFox1 <ba0f0db5-7f7a-4608-88b0-bdbeb9bea1de>/INFO] [CustomSkinLoader Core]: 6/12 Try to load profile from 'ElyBy'.
[2026-09-29 08:39:45] [StellarFox1 <ba0f0db5-7f7a-4608-88b0-bdbeb9bea1de> (LittleSkin)/DEBUG] [CustomSkinLoader Core]: Try to request 'https://littleskin.cn/csl/StellarFox1.json'.
[2026-09-29 08:39:45] [StellarFox1 <ba0f0db5-7f7a-4608-88b0-bdbeb9bea1de> (BlessingSkin)/DEBUG] [CustomSkinLoader Core]: Try to request 'https://skin.prinzeugen.net/StellarFox1.json'.
[2026-09-29 08:39:45] [StellarFox1 <ba0f0db5-7f7a-4608-88b0-bdbeb9bea1de>/INFO] [CustomSkinLoader Core]: 7/12 Try to load profile from 'TLauncher'.
[2026-09-29 08:39:45] [StellarFox1 <ba0f0db5-7f7a-4608-88b0-bdbeb9bea1de> (ElyBy)/DEBUG] [CustomSkinLoader Core]: Try to request 'http://skinsystem.ely.by/textures/StellarFox1'.
[2026-09-29 08:39:45] [StellarFox1 <ba0f0db5-7f7a-4608-88b0-bdbeb9bea1de>/INFO] [CustomSkinLoader Core]: 8/12 Try to load profile from 'GlitchlessGames'.
[2026-09-29 08:39:45] [StellarFox1 <ba0f0db5-7f7a-4608-88b0-bdbeb9bea1de>/INFO] [CustomSkinLoader Core]: 9/12 Try to load profile from 'MinecraftCapes'.
[2026-09-29 08:39:45] [StellarFox1 <ba0f0db5-7f7a-4608-88b0-bdbeb9bea1de>/INFO] [CustomSkinLoader Core]: 10/12 Try to load profile from 'OptiFine'.
[2026-09-29 08:39:45] [StellarFox1 <ba0f0db5-7f7a-4608-88b0-bdbeb9bea1de>/INFO] [CustomSkinLoader Core]: 11/12 Try to load profile from 'CloakPlus'.
[2026-09-29 08:39:45] [StellarFox1 <ba0f0db5-7f7a-4608-88b0-bdbeb9bea1de> (ElyBy)/DEBUG] [CustomSkinLoader Core]: Cache file found (Length: 0 , Path: 'C:\Users\whosh\AppData\Roaming\ModrinthApp\profiles\Create_ Remastered\CustomSkinLoader\caches\3b3cce223716de55b9a17b46caa02a7b87781554' , Expire: 1790635566)
[2026-09-29 08:39:45] [StellarFox1 <ba0f0db5-7f7a-4608-88b0-bdbeb9bea1de> (ElyBy)/INFO] [CustomSkinLoader Core]: Try to load from cache 'C:\Users\whosh\AppData\Roaming\ModrinthApp\profiles\Create_ Remastered\CustomSkinLoader\caches\3b3cce223716de55b9a17b46caa02a7b87781554'.
[2026-09-29 08:39:45] [StellarFox1 <ba0f0db5-7f7a-4608-88b0-bdbeb9bea1de> (ElyBy)/DEBUG] [CustomSkinLoader Core]: Successfully load from cache
[2026-09-29 08:39:45] [StellarFox1 <ba0f0db5-7f7a-4608-88b0-bdbeb9bea1de> (ElyBy)/DEBUG] [CustomSkinLoader Core]: Content: 
[2026-09-29 08:39:45] [StellarFox1 <ba0f0db5-7f7a-4608-88b0-bdbeb9bea1de> (ElyBy)/INFO] [CustomSkinLoader Core]: Profile not found.
[2026-09-29 08:39:45] [StellarFox1 <ba0f0db5-7f7a-4608-88b0-bdbeb9bea1de>/INFO] [CustomSkinLoader Core]: 12/12 Try to load profile from 'Cosmetica'.
[2026-09-29 08:39:45] [StellarFox1 <ba0f0db5-7f7a-4608-88b0-bdbeb9bea1de> (GlitchlessGames)/DEBUG] [CustomSkinLoader Core]: Try to request 'https://games.glitchless.ru/api/minecraft/users/profiles/textures/?nickname=StellarFox1'.
[2026-09-29 08:39:45] [StellarFox1 <ba0f0db5-7f7a-4608-88b0-bdbeb9bea1de> (CloakPlus)/DEBUG] [CustomSkinLoader Core]: Try to request 'http://161.35.130.99/capes/StellarFox1.png'.
[2026-09-29 08:39:45] [StellarFox1 <ba0f0db5-7f7a-4608-88b0-bdbeb9bea1de> (OptiFine)/DEBUG] [CustomSkinLoader Core]: Try to request 'https://optifine.net/capes/StellarFox1.png'.
[2026-09-29 08:39:45] [StellarFox1 <ba0f0db5-7f7a-4608-88b0-bdbeb9bea1de> (MinecraftCapes)/DEBUG] [CustomSkinLoader Core]: Try to request 'https://api.minecraftcapes.net/profile/ba0f0db57f7a460888b0bdbeb9bea1de'.
[2026-09-29 08:39:45] [StellarFox1 <ba0f0db5-7f7a-4608-88b0-bdbeb9bea1de> (Cosmetica)/DEBUG] [CustomSkinLoader Core]: Try to request 'https://api.cosmetica.cc/get/cloak?username=StellarFox1&uuid=ba0f0db5-7f7a-4608-88b0-bdbeb9bea1de&nothirdparty'.
[2026-09-29 08:39:45] [StellarFox1 <ba0f0db5-7f7a-4608-88b0-bdbeb9bea1de> (Cosmetica)/DEBUG] [CustomSkinLoader Core]: Cache file found (Length: 8227 , Path: 'C:\Users\whosh\AppData\Roaming\ModrinthApp\profiles\Create_ Remastered\CustomSkinLoader\caches\09b251b1aa7f6f0a8f7025667d3d754114034bdc' , Expire: 1790908400)
[2026-09-29 08:39:45] [StellarFox1 <ba0f0db5-7f7a-4608-88b0-bdbeb9bea1de> (TLauncher)/DEBUG] [CustomSkinLoader Core]: Try to request 'https://auth.tlauncher.org/skin/profile/texture/login/StellarFox1'.
[2026-09-29 08:39:45] [StellarFox1 <ba0f0db5-7f7a-4608-88b0-bdbeb9bea1de> (Mojang)/DEBUG] [CustomSkinLoader Core]: Cache file found (Length: 545 , Path: 'C:\Users\whosh\AppData\Roaming\ModrinthApp\profiles\Create_ Remastered\CustomSkinLoader\caches\0d240c790d6b973e6f93d13d4fb7cc13d197a32b' , Expire: 1790635187)
[2026-09-29 08:39:45] [StellarFox1 <ba0f0db5-7f7a-4608-88b0-bdbeb9bea1de> (Mojang)/INFO] [CustomSkinLoader Core]: Try to load from cache 'C:\Users\whosh\AppData\Roaming\ModrinthApp\profiles\Create_ Remastered\CustomSkinLoader\caches\0d240c790d6b973e6f93d13d4fb7cc13d197a32b'.
[2026-09-29 08:39:45] [StellarFox1 <ba0f0db5-7f7a-4608-88b0-bdbeb9bea1de> (LittleSkin)/DEBUG] [CustomSkinLoader Core]: Cache file found (Length: 2 , Path: 'C:\Users\whosh\AppData\Roaming\ModrinthApp\profiles\Create_ Remastered\CustomSkinLoader\caches\04a8213060de2342b7b98afd04be478dc22027ee' , Expire: 1790635257)
[2026-09-29 08:39:45] [StellarFox1 <ba0f0db5-7f7a-4608-88b0-bdbeb9bea1de> (LittleSkin)/INFO] [CustomSkinLoader Core]: Try to load from cache 'C:\Users\whosh\AppData\Roaming\ModrinthApp\profiles\Create_ Remastered\CustomSkinLoader\caches\04a8213060de2342b7b98afd04be478dc22027ee'.
[2026-09-29 08:39:45] [StellarFox1 <ba0f0db5-7f7a-4608-88b0-bdbeb9bea1de> (LittleSkin)/DEBUG] [CustomSkinLoader Core]: Successfully load from cache
[2026-09-29 08:39:45] [StellarFox1 <ba0f0db5-7f7a-4608-88b0-bdbeb9bea1de> (LittleSkin)/DEBUG] [CustomSkinLoader Core]: Content: {}
[2026-09-29 08:39:45] [StellarFox1 <ba0f0db5-7f7a-4608-88b0-bdbeb9bea1de> (LittleSkin)/INFO] [CustomSkinLoader Core]: Both skin and cape not found.
[2026-09-29 08:39:45] [StellarFox1 <ba0f0db5-7f7a-4608-88b0-bdbeb9bea1de> (BlessingSkin)/DEBUG] [CustomSkinLoader Core]: Failed to request (Response Code: 404)
[2026-09-29 08:39:45] [StellarFox1 <ba0f0db5-7f7a-4608-88b0-bdbeb9bea1de> (BlessingSkin)/INFO] [CustomSkinLoader Core]: Profile not found.
[2026-09-29 08:39:45] [StellarFox1 <ba0f0db5-7f7a-4608-88b0-bdbeb9bea1de> (TLauncher)/DEBUG] [CustomSkinLoader Core]: Cache file found (Length: 2 , Path: 'C:\Users\whosh\AppData\Roaming\ModrinthApp\profiles\Create_ Remastered\CustomSkinLoader\caches\dfd943c58c4b794225ac649fbf576e9285c8abee' , Expire: 1790635256)
[2026-09-29 08:39:45] [StellarFox1 <ba0f0db5-7f7a-4608-88b0-bdbeb9bea1de> (TLauncher)/INFO] [CustomSkinLoader Core]: Try to load from cache 'C:\Users\whosh\AppData\Roaming\ModrinthApp\profiles\Create_ Remastered\CustomSkinLoader\caches\dfd943c58c4b794225ac649fbf576e9285c8abee'.
[2026-09-29 08:39:45] [StellarFox1 <ba0f0db5-7f7a-4608-88b0-bdbeb9bea1de> (TLauncher)/DEBUG] [CustomSkinLoader Core]: Successfully load from cache
[2026-09-29 08:39:45] [StellarFox1 <ba0f0db5-7f7a-4608-88b0-bdbeb9bea1de> (TLauncher)/DEBUG] [CustomSkinLoader Core]: Content: {}
[2026-09-29 08:39:45] [StellarFox1 <ba0f0db5-7f7a-4608-88b0-bdbeb9bea1de> (TLauncher)/INFO] [CustomSkinLoader Core]: Both skin and cape not found.
[2026-09-29 08:39:45] [StellarFox1 <ba0f0db5-7f7a-4608-88b0-bdbeb9bea1de> (MinecraftCapes)/DEBUG] [CustomSkinLoader Core]: Successfully request (Response Code: 304 , Content Length: -1)
[2026-09-29 08:39:45] [StellarFox1 <ba0f0db5-7f7a-4608-88b0-bdbeb9bea1de> (MinecraftCapes)/DEBUG] [CustomSkinLoader Core]: Cache file found (Length: 241 , Path: 'C:\Users\whosh\AppData\Roaming\ModrinthApp\profiles\Create_ Remastered\CustomSkinLoader\caches\5d3b73e86a212e93c58c98620eab9beba796f59d' , Expire: 0)
[2026-09-29 08:39:45] [StellarFox1 <ba0f0db5-7f7a-4608-88b0-bdbeb9bea1de> (MinecraftCapes)/INFO] [CustomSkinLoader Core]: Try to load from cache 'C:\Users\whosh\AppData\Roaming\ModrinthApp\profiles\Create_ Remastered\CustomSkinLoader\caches\5d3b73e86a212e93c58c98620eab9beba796f59d'.
[2026-09-29 08:39:45] [StellarFox1 <ba0f0db5-7f7a-4608-88b0-bdbeb9bea1de> (MinecraftCapes)/DEBUG] [CustomSkinLoader Core]: Successfully load from cache
[2026-09-29 08:39:45] [StellarFox1 <ba0f0db5-7f7a-4608-88b0-bdbeb9bea1de> (MinecraftCapes)/DEBUG] [CustomSkinLoader Core]: Content: {"animatedCape":false,"capeGlint":false,"upsideDown":false,"animated_cape_url":null,"cape_url":null,"ear_url":null,"textures":{"_IMPORTANT":"We are removing base64 textures, please use the above parameters instead.","cape":null,"ears":null}}
[2026-09-29 08:39:45] [StellarFox1 <ba0f0db5-7f7a-4608-88b0-bdbeb9bea1de> (MinecraftCapes)/INFO] [CustomSkinLoader Core]: Both skin and cape not found.
[2026-09-29 08:39:45] [StellarFox1 <ba0f0db5-7f7a-4608-88b0-bdbeb9bea1de> (Mojang)/DEBUG] [CustomSkinLoader Core]: Successfully load from cache
[2026-09-29 08:39:45] [StellarFox1 <ba0f0db5-7f7a-4608-88b0-bdbeb9bea1de> (Mojang)/DEBUG] [CustomSkinLoader Core]: Content: {
  "id" : "ba0f0db57f7a460888b0bdbeb9bea1de",
  "name" : "StellarFox1",
  "properties" : [ {
    "name" : "textures",
    "value" : "ewogICJ0aW1lc3RhbXAiIDogMTc5MDYzNTE2NzgyNiwKICAicHJvZmlsZUlkIiA6ICJiYTBmMGRiNTdmN2E0NjA4ODhiMGJkYmViOWJlYTFkZSIsCiAgInByb2ZpbGVOYW1lIiA6ICJTdGVsbGFyRm94MSIsCiAgInRleHR1cmVzIiA6IHsKICAgICJTS0lOIiA6IHsKICAgICAgInVybCIgOiAiaHR0cDovL3RleHR1cmVzLm1pbmVjcmFmdC5uZXQvdGV4dHVyZS9lYmRmZjBlZjM5NmE1YmJjNWRlOTQyYWJlNWM1NzE4MTU1Y2MzNTBkZDlmNjIyYWExNGIxZGQyM2U1YWM4MmVlIgogICAgfQogIH0KfQ=="
  } ],
  "profileActions" : [ ]
}
[2026-09-29 08:39:46] [StellarFox1 <ba0f0db5-7f7a-4608-88b0-bdbeb9bea1de> (CloakPlus)/DEBUG] [CustomSkinLoader Core]: Failed to request (Response Code: 502)
[2026-09-29 08:39:46] [StellarFox1 <ba0f0db5-7f7a-4608-88b0-bdbeb9bea1de> (CloakPlus)/INFO] [CustomSkinLoader Core]: No texture could be found.
[2026-09-29 08:39:46] [StellarFox1 <ba0f0db5-7f7a-4608-88b0-bdbeb9bea1de> (OptiFine)/DEBUG] [CustomSkinLoader Core]: Failed to request (Response Code: 404)
[2026-09-29 08:39:46] [StellarFox1 <ba0f0db5-7f7a-4608-88b0-bdbeb9bea1de> (OptiFine)/INFO] [CustomSkinLoader Core]: No texture could be found.
[2026-09-29 08:39:46] [StellarFox1 <ba0f0db5-7f7a-4608-88b0-bdbeb9bea1de> (GlitchlessGames)/DEBUG] [CustomSkinLoader Core]: Failed to request (Response Code: 404)
[2026-09-29 08:39:46] [StellarFox1 <ba0f0db5-7f7a-4608-88b0-bdbeb9bea1de> (GlitchlessGames)/INFO] [CustomSkinLoader Core]: Profile not found.
[2026-09-29 08:39:46] [StellarFox1 <ba0f0db5-7f7a-4608-88b0-bdbeb9bea1de>/INFO] [CustomSkinLoader Core]: StellarFox1's profile loaded. (1052ms)
[2026-09-29 08:39:46] [StellarFox1 <ba0f0db5-7f7a-4608-88b0-bdbeb9bea1de>/INFO] [CustomSkinLoader Core]: (SkinUrl: (LOCAL_LEGACY)a4b327b6000da5c89b6ada28a472d9731dfd7499,LocalSkin/skins/StellarFox1.png , Model: auto , CapeUrl: (LEGACY)https://api.cosmetica.cc/get/cloak?username=StellarFox1&uuid=ba0f0db5-7f7a-4608-88b0-bdbeb9bea1de&nothirdparty  , Expiry: 1790635216)
[2026-09-29 08:41:47] [StellarFox1 <ba0f0db5-7f7a-4608-88b0-bdbeb9bea1de>/INFO] [CustomSkinLoader Core]: Loading StellarFox1's profile.
[2026-09-29 08:41:47] [StellarFox1 <ba0f0db5-7f7a-4608-88b0-bdbeb9bea1de>/INFO] [CustomSkinLoader Core]: 1/12 Try to load profile from 'LocalSkin'.
[2026-09-29 08:41:47] [StellarFox1 <ba0f0db5-7f7a-4608-88b0-bdbeb9bea1de>/INFO] [CustomSkinLoader Core]: 2/12 Try to load profile from 'GameProfile'.
[2026-09-29 08:41:47] [StellarFox1 <ba0f0db5-7f7a-4608-88b0-bdbeb9bea1de>/INFO] [CustomSkinLoader Core]: 3/12 Try to load profile from 'Mojang'.
[2026-09-29 08:41:47] [StellarFox1 <ba0f0db5-7f7a-4608-88b0-bdbeb9bea1de>/INFO] [CustomSkinLoader Core]: 4/12 Try to load profile from 'LittleSkin'.
[2026-09-29 08:41:47] [StellarFox1 <ba0f0db5-7f7a-4608-88b0-bdbeb9bea1de>/INFO] [CustomSkinLoader Core]: 5/12 Try to load profile from 'BlessingSkin'.
[2026-09-29 08:41:47] [StellarFox1 <ba0f0db5-7f7a-4608-88b0-bdbeb9bea1de> (Mojang)/DEBUG] [CustomSkinLoader Core]: Try to request 'https://sessionserver.mojang.com/session/minecraft/profile/ba0f0db57f7a460888b0bdbeb9bea1de'.
[2026-09-29 08:41:47] [StellarFox1 <ba0f0db5-7f7a-4608-88b0-bdbeb9bea1de>/INFO] [CustomSkinLoader Core]: 6/12 Try to load profile from 'ElyBy'.
[2026-09-29 08:41:47] [StellarFox1 <ba0f0db5-7f7a-4608-88b0-bdbeb9bea1de> (GameProfile)/INFO] [CustomSkinLoader Core]: Default profile will be used.
[2026-09-29 08:41:47] [StellarFox1 <ba0f0db5-7f7a-4608-88b0-bdbeb9bea1de> (BlessingSkin)/DEBUG] [CustomSkinLoader Core]: Try to request 'https://skin.prinzeugen.net/StellarFox1.json'.
[2026-09-29 08:41:47] [StellarFox1 <ba0f0db5-7f7a-4608-88b0-bdbeb9bea1de>/INFO] [CustomSkinLoader Core]: 7/12 Try to load profile from 'TLauncher'.
[2026-09-29 08:41:47] [StellarFox1 <ba0f0db5-7f7a-4608-88b0-bdbeb9bea1de> (LittleSkin)/DEBUG] [CustomSkinLoader Core]: Try to request 'https://littleskin.cn/csl/StellarFox1.json'.
[2026-09-29 08:41:47] [StellarFox1 <ba0f0db5-7f7a-4608-88b0-bdbeb9bea1de> (ElyBy)/DEBUG] [CustomSkinLoader Core]: Try to request 'http://skinsystem.ely.by/textures/StellarFox1'.
[2026-09-29 08:41:47] [StellarFox1 <ba0f0db5-7f7a-4608-88b0-bdbeb9bea1de>/INFO] [CustomSkinLoader Core]: 8/12 Try to load profile from 'GlitchlessGames'.
[2026-09-29 08:41:47] [StellarFox1 <ba0f0db5-7f7a-4608-88b0-bdbeb9bea1de>/INFO] [CustomSkinLoader Core]: 9/12 Try to load profile from 'MinecraftCapes'.
[2026-09-29 08:41:47] [StellarFox1 <ba0f0db5-7f7a-4608-88b0-bdbeb9bea1de>/INFO] [CustomSkinLoader Core]: 10/12 Try to load profile from 'OptiFine'.
[2026-09-29 08:41:47] [StellarFox1 <ba0f0db5-7f7a-4608-88b0-bdbeb9bea1de> (ElyBy)/DEBUG] [CustomSkinLoader Core]: Cache file found (Length: 0 , Path: 'C:\Users\whosh\AppData\Roaming\ModrinthApp\profiles\Create_ Remastered\CustomSkinLoader\caches\3b3cce223716de55b9a17b46caa02a7b87781554' , Expire: 1790635566)
[2026-09-29 08:41:47] [StellarFox1 <ba0f0db5-7f7a-4608-88b0-bdbeb9bea1de> (ElyBy)/INFO] [CustomSkinLoader Core]: Try to load from cache 'C:\Users\whosh\AppData\Roaming\ModrinthApp\profiles\Create_ Remastered\CustomSkinLoader\caches\3b3cce223716de55b9a17b46caa02a7b87781554'.
[2026-09-29 08:41:47] [StellarFox1 <ba0f0db5-7f7a-4608-88b0-bdbeb9bea1de>/INFO] [CustomSkinLoader Core]: 11/12 Try to load profile from 'CloakPlus'.
[2026-09-29 08:41:47] [StellarFox1 <ba0f0db5-7f7a-4608-88b0-bdbeb9bea1de> (ElyBy)/DEBUG] [CustomSkinLoader Core]: Successfully load from cache
[2026-09-29 08:41:47] [StellarFox1 <ba0f0db5-7f7a-4608-88b0-bdbeb9bea1de> (ElyBy)/DEBUG] [CustomSkinLoader Core]: Content: 
[2026-09-29 08:41:47] [StellarFox1 <ba0f0db5-7f7a-4608-88b0-bdbeb9bea1de> (ElyBy)/INFO] [CustomSkinLoader Core]: Profile not found.
[2026-09-29 08:41:47] [StellarFox1 <ba0f0db5-7f7a-4608-88b0-bdbeb9bea1de>/INFO] [CustomSkinLoader Core]: 12/12 Try to load profile from 'Cosmetica'.
[2026-09-29 08:41:47] [StellarFox1 <ba0f0db5-7f7a-4608-88b0-bdbeb9bea1de> (OptiFine)/DEBUG] [CustomSkinLoader Core]: Try to request 'https://optifine.net/capes/StellarFox1.png'.
[2026-09-29 08:41:47] [StellarFox1 <ba0f0db5-7f7a-4608-88b0-bdbeb9bea1de> (GlitchlessGames)/DEBUG] [CustomSkinLoader Core]: Try to request 'https://games.glitchless.ru/api/minecraft/users/profiles/textures/?nickname=StellarFox1'.
[2026-09-29 08:41:47] [StellarFox1 <ba0f0db5-7f7a-4608-88b0-bdbeb9bea1de> (CloakPlus)/DEBUG] [CustomSkinLoader Core]: Try to request 'http://161.35.130.99/capes/StellarFox1.png'.
[2026-09-29 08:41:47] [StellarFox1 <ba0f0db5-7f7a-4608-88b0-bdbeb9bea1de> (TLauncher)/DEBUG] [CustomSkinLoader Core]: Try to request 'https://auth.tlauncher.org/skin/profile/texture/login/StellarFox1'.
[2026-09-29 08:41:47] [StellarFox1 <ba0f0db5-7f7a-4608-88b0-bdbeb9bea1de> (MinecraftCapes)/DEBUG] [CustomSkinLoader Core]: Try to request 'https://api.minecraftcapes.net/profile/ba0f0db57f7a460888b0bdbeb9bea1de'.
[2026-09-29 08:41:47] [StellarFox1 <ba0f0db5-7f7a-4608-88b0-bdbeb9bea1de> (Cosmetica)/DEBUG] [CustomSkinLoader Core]: Try to request 'https://api.cosmetica.cc/get/cloak?username=StellarFox1&uuid=ba0f0db5-7f7a-4608-88b0-bdbeb9bea1de&nothirdparty'.
[2026-09-29 08:41:47] [StellarFox1 <ba0f0db5-7f7a-4608-88b0-bdbeb9bea1de> (Cosmetica)/DEBUG] [CustomSkinLoader Core]: Cache file found (Length: 8227 , Path: 'C:\Users\whosh\AppData\Roaming\ModrinthApp\profiles\Create_ Remastered\CustomSkinLoader\caches\09b251b1aa7f6f0a8f7025667d3d754114034bdc' , Expire: 1790908400)
[2026-09-29 08:41:47] [StellarFox1 <ba0f0db5-7f7a-4608-88b0-bdbeb9bea1de> (BlessingSkin)/DEBUG] [CustomSkinLoader Core]: Failed to request (Response Code: 404)
[2026-09-29 08:41:47] [StellarFox1 <ba0f0db5-7f7a-4608-88b0-bdbeb9bea1de> (BlessingSkin)/INFO] [CustomSkinLoader Core]: Profile not found.
[2026-09-29 08:41:47] [StellarFox1 <ba0f0db5-7f7a-4608-88b0-bdbeb9bea1de> (MinecraftCapes)/DEBUG] [CustomSkinLoader Core]: Successfully request (Response Code: 304 , Content Length: -1)
[2026-09-29 08:41:47] [StellarFox1 <ba0f0db5-7f7a-4608-88b0-bdbeb9bea1de> (MinecraftCapes)/DEBUG] [CustomSkinLoader Core]: Cache file found (Length: 241 , Path: 'C:\Users\whosh\AppData\Roaming\ModrinthApp\profiles\Create_ Remastered\CustomSkinLoader\caches\5d3b73e86a212e93c58c98620eab9beba796f59d' , Expire: 0)
[2026-09-29 08:41:47] [StellarFox1 <ba0f0db5-7f7a-4608-88b0-bdbeb9bea1de> (MinecraftCapes)/INFO] [CustomSkinLoader Core]: Try to load from cache 'C:\Users\whosh\AppData\Roaming\ModrinthApp\profiles\Create_ Remastered\CustomSkinLoader\caches\5d3b73e86a212e93c58c98620eab9beba796f59d'.
[2026-09-29 08:41:47] [StellarFox1 <ba0f0db5-7f7a-4608-88b0-bdbeb9bea1de> (MinecraftCapes)/DEBUG] [CustomSkinLoader Core]: Successfully load from cache
[2026-09-29 08:41:47] [StellarFox1 <ba0f0db5-7f7a-4608-88b0-bdbeb9bea1de> (MinecraftCapes)/DEBUG] [CustomSkinLoader Core]: Content: {"animatedCape":false,"capeGlint":false,"upsideDown":false,"animated_cape_url":null,"cape_url":null,"ear_url":null,"textures":{"_IMPORTANT":"We are removing base64 textures, please use the above parameters instead.","cape":null,"ears":null}}
[2026-09-29 08:41:47] [StellarFox1 <ba0f0db5-7f7a-4608-88b0-bdbeb9bea1de> (MinecraftCapes)/INFO] [CustomSkinLoader Core]: Both skin and cape not found.
[2026-09-29 08:41:48] [StellarFox1 <ba0f0db5-7f7a-4608-88b0-bdbeb9bea1de> (Mojang)/DEBUG] [CustomSkinLoader Core]: Successfully request (Response Code: 200 , Content Length: 545)
[2026-09-29 08:41:48] [StellarFox1 <ba0f0db5-7f7a-4608-88b0-bdbeb9bea1de> (Mojang)/DEBUG] [CustomSkinLoader Core]: Saved to cache (Length: 545 , Path: 'C:\Users\whosh\AppData\Roaming\ModrinthApp\profiles\Create_ Remastered\CustomSkinLoader\caches\0d240c790d6b973e6f93d13d4fb7cc13d197a32b' , Expire: 1790635328)
[2026-09-29 08:41:48] [StellarFox1 <ba0f0db5-7f7a-4608-88b0-bdbeb9bea1de> (Mojang)/DEBUG] [CustomSkinLoader Core]: Content: {
  "id" : "ba0f0db57f7a460888b0bdbeb9bea1de",
  "name" : "StellarFox1",
  "properties" : [ {
    "name" : "textures",
    "value" : "ewogICJ0aW1lc3RhbXAiIDogMTc5MDYzNTMwODg3MCwKICAicHJvZmlsZUlkIiA6ICJiYTBmMGRiNTdmN2E0NjA4ODhiMGJkYmViOWJlYTFkZSIsCiAgInByb2ZpbGVOYW1lIiA6ICJTdGVsbGFyRm94MSIsCiAgInRleHR1cmVzIiA6IHsKICAgICJTS0lOIiA6IHsKICAgICAgInVybCIgOiAiaHR0cDovL3RleHR1cmVzLm1pbmVjcmFmdC5uZXQvdGV4dHVyZS9lYmRmZjBlZjM5NmE1YmJjNWRlOTQyYWJlNWM1NzE4MTU1Y2MzNTBkZDlmNjIyYWExNGIxZGQyM2U1YWM4MmVlIgogICAgfQogIH0KfQ=="
  } ],
  "profileActions" : [ ]
}
[2026-09-29 08:41:48] [StellarFox1 <ba0f0db5-7f7a-4608-88b0-bdbeb9bea1de> (LittleSkin)/DEBUG] [CustomSkinLoader Core]: Successfully request (Response Code: 200 , Content Length: 2)
[2026-09-29 08:41:48] [StellarFox1 <ba0f0db5-7f7a-4608-88b0-bdbeb9bea1de> (LittleSkin)/DEBUG] [CustomSkinLoader Core]: Saved to cache (Length: 2 , Path: 'C:\Users\whosh\AppData\Roaming\ModrinthApp\profiles\Create_ Remastered\CustomSkinLoader\caches\04a8213060de2342b7b98afd04be478dc22027ee' , Expire: 1790635399)
[2026-09-29 08:41:48] [StellarFox1 <ba0f0db5-7f7a-4608-88b0-bdbeb9bea1de> (LittleSkin)/DEBUG] [CustomSkinLoader Core]: Content: {}
[2026-09-29 08:41:48] [StellarFox1 <ba0f0db5-7f7a-4608-88b0-bdbeb9bea1de> (LittleSkin)/INFO] [CustomSkinLoader Core]: Both skin and cape not found.
[2026-09-29 08:41:48] [StellarFox1 <ba0f0db5-7f7a-4608-88b0-bdbeb9bea1de> (TLauncher)/DEBUG] [CustomSkinLoader Core]: Successfully request (Response Code: 200 , Content Length: -1)
[2026-09-29 08:41:48] [StellarFox1 <ba0f0db5-7f7a-4608-88b0-bdbeb9bea1de> (TLauncher)/DEBUG] [CustomSkinLoader Core]: Saved to cache (Length: 2 , Path: 'C:\Users\whosh\AppData\Roaming\ModrinthApp\profiles\Create_ Remastered\CustomSkinLoader\caches\dfd943c58c4b794225ac649fbf576e9285c8abee' , Expire: 1790635401)
[2026-09-29 08:41:48] [StellarFox1 <ba0f0db5-7f7a-4608-88b0-bdbeb9bea1de> (TLauncher)/DEBUG] [CustomSkinLoader Core]: Content: {}
[2026-09-29 08:41:48] [StellarFox1 <ba0f0db5-7f7a-4608-88b0-bdbeb9bea1de> (TLauncher)/INFO] [CustomSkinLoader Core]: Both skin and cape not found.
[2026-09-29 08:41:48] [StellarFox1 <ba0f0db5-7f7a-4608-88b0-bdbeb9bea1de> (CloakPlus)/DEBUG] [CustomSkinLoader Core]: Failed to request (Response Code: 502)
[2026-09-29 08:41:48] [StellarFox1 <ba0f0db5-7f7a-4608-88b0-bdbeb9bea1de> (CloakPlus)/INFO] [CustomSkinLoader Core]: No texture could be found.
[2026-09-29 08:41:48] [StellarFox1 <ba0f0db5-7f7a-4608-88b0-bdbeb9bea1de> (OptiFine)/DEBUG] [CustomSkinLoader Core]: Failed to request (Response Code: 404)
[2026-09-29 08:41:48] [StellarFox1 <ba0f0db5-7f7a-4608-88b0-bdbeb9bea1de> (OptiFine)/INFO] [CustomSkinLoader Core]: No texture could be found.
[2026-09-29 08:41:48] [StellarFox1 <ba0f0db5-7f7a-4608-88b0-bdbeb9bea1de> (GlitchlessGames)/DEBUG] [CustomSkinLoader Core]: Failed to request (Response Code: 404)
[2026-09-29 08:41:48] [StellarFox1 <ba0f0db5-7f7a-4608-88b0-bdbeb9bea1de> (GlitchlessGames)/INFO] [CustomSkinLoader Core]: Profile not found.
[2026-09-29 08:41:48] [StellarFox1 <ba0f0db5-7f7a-4608-88b0-bdbeb9bea1de>/INFO] [CustomSkinLoader Core]: StellarFox1's profile loaded. (1059ms)
[2026-09-29 08:41:48] [StellarFox1 <ba0f0db5-7f7a-4608-88b0-bdbeb9bea1de>/INFO] [CustomSkinLoader Core]: (SkinUrl: (LOCAL_LEGACY)a4b327b6000da5c89b6ada28a472d9731dfd7499,LocalSkin/skins/StellarFox1.png , Model: auto , CapeUrl: (LEGACY)https://api.cosmetica.cc/get/cloak?username=StellarFox1&uuid=ba0f0db5-7f7a-4608-88b0-bdbeb9bea1de&nothirdparty  , Expiry: 1790635338)
[2026-09-29 08:41:54] [StellarFox1 <ba0f0db5-7f7a-4608-88b0-bdbeb9bea1de>/INFO] [CustomSkinLoader Core]: Loading StellarFox1's profile.
[2026-09-29 08:41:54] [StellarFox1 <ba0f0db5-7f7a-4608-88b0-bdbeb9bea1de>/INFO] [CustomSkinLoader Core]: 1/12 Try to load profile from 'LocalSkin'.
[2026-09-29 08:41:54] [StellarFox1 <ba0f0db5-7f7a-4608-88b0-bdbeb9bea1de>/INFO] [CustomSkinLoader Core]: 2/12 Try to load profile from 'GameProfile'.
[2026-09-29 08:41:54] [StellarFox1 <ba0f0db5-7f7a-4608-88b0-bdbeb9bea1de>/INFO] [CustomSkinLoader Core]: 3/12 Try to load profile from 'Mojang'.
[2026-09-29 08:41:54] [StellarFox1 <ba0f0db5-7f7a-4608-88b0-bdbeb9bea1de>/INFO] [CustomSkinLoader Core]: 4/12 Try to load profile from 'LittleSkin'.
[2026-09-29 08:41:54] [StellarFox1 <ba0f0db5-7f7a-4608-88b0-bdbeb9bea1de>/INFO] [CustomSkinLoader Core]: 5/12 Try to load profile from 'BlessingSkin'.
[2026-09-29 08:41:54] [StellarFox1 <ba0f0db5-7f7a-4608-88b0-bdbeb9bea1de> (Mojang)/DEBUG] [CustomSkinLoader Core]: Try to request 'https://sessionserver.mojang.com/session/minecraft/profile/ba0f0db57f7a460888b0bdbeb9bea1de'.
[2026-09-29 08:41:54] [StellarFox1 <ba0f0db5-7f7a-4608-88b0-bdbeb9bea1de>/INFO] [CustomSkinLoader Core]: 6/12 Try to load profile from 'ElyBy'.
[2026-09-29 08:41:54] [StellarFox1 <ba0f0db5-7f7a-4608-88b0-bdbeb9bea1de> (GameProfile)/INFO] [CustomSkinLoader Core]: Default profile will be used.
[2026-09-29 08:41:54] [StellarFox1 <ba0f0db5-7f7a-4608-88b0-bdbeb9bea1de>/INFO] [CustomSkinLoader Core]: 7/12 Try to load profile from 'TLauncher'.
[2026-09-29 08:41:54] [StellarFox1 <ba0f0db5-7f7a-4608-88b0-bdbeb9bea1de> (BlessingSkin)/DEBUG] [CustomSkinLoader Core]: Try to request 'https://skin.prinzeugen.net/StellarFox1.json'.
[2026-09-29 08:41:54] [StellarFox1 <ba0f0db5-7f7a-4608-88b0-bdbeb9bea1de> (LittleSkin)/DEBUG] [CustomSkinLoader Core]: Try to request 'https://littleskin.cn/csl/StellarFox1.json'.
[2026-09-29 08:41:54] [StellarFox1 <ba0f0db5-7f7a-4608-88b0-bdbeb9bea1de>/INFO] [CustomSkinLoader Core]: 8/12 Try to load profile from 'GlitchlessGames'.
[2026-09-29 08:41:54] [StellarFox1 <ba0f0db5-7f7a-4608-88b0-bdbeb9bea1de> (ElyBy)/DEBUG] [CustomSkinLoader Core]: Try to request 'http://skinsystem.ely.by/textures/StellarFox1'.
[2026-09-29 08:41:54] [StellarFox1 <ba0f0db5-7f7a-4608-88b0-bdbeb9bea1de> (TLauncher)/DEBUG] [CustomSkinLoader Core]: Try to request 'https://auth.tlauncher.org/skin/profile/texture/login/StellarFox1'.
[2026-09-29 08:41:54] [StellarFox1 <ba0f0db5-7f7a-4608-88b0-bdbeb9bea1de>/INFO] [CustomSkinLoader Core]: 9/12 Try to load profile from 'MinecraftCapes'.
[2026-09-29 08:41:54] [StellarFox1 <ba0f0db5-7f7a-4608-88b0-bdbeb9bea1de>/INFO] [CustomSkinLoader Core]: 10/12 Try to load profile from 'OptiFine'.
[2026-09-29 08:41:54] [StellarFox1 <ba0f0db5-7f7a-4608-88b0-bdbeb9bea1de> (ElyBy)/DEBUG] [CustomSkinLoader Core]: Cache file found (Length: 0 , Path: 'C:\Users\whosh\AppData\Roaming\ModrinthApp\profiles\Create_ Remastered\CustomSkinLoader\caches\3b3cce223716de55b9a17b46caa02a7b87781554' , Expire: 1790635566)
[2026-09-29 08:41:54] [StellarFox1 <ba0f0db5-7f7a-4608-88b0-bdbeb9bea1de>/INFO] [CustomSkinLoader Core]: 11/12 Try to load profile from 'CloakPlus'.
[2026-09-29 08:41:54] [StellarFox1 <ba0f0db5-7f7a-4608-88b0-bdbeb9bea1de> (ElyBy)/INFO] [CustomSkinLoader Core]: Try to load from cache 'C:\Users\whosh\AppData\Roaming\ModrinthApp\profiles\Create_ Remastered\CustomSkinLoader\caches\3b3cce223716de55b9a17b46caa02a7b87781554'.
[2026-09-29 08:41:54] [StellarFox1 <ba0f0db5-7f7a-4608-88b0-bdbeb9bea1de>/INFO] [CustomSkinLoader Core]: 12/12 Try to load profile from 'Cosmetica'.
[2026-09-29 08:41:54] [StellarFox1 <ba0f0db5-7f7a-4608-88b0-bdbeb9bea1de> (ElyBy)/DEBUG] [CustomSkinLoader Core]: Successfully load from cache
[2026-09-29 08:41:54] [StellarFox1 <ba0f0db5-7f7a-4608-88b0-bdbeb9bea1de> (ElyBy)/DEBUG] [CustomSkinLoader Core]: Content: 
[2026-09-29 08:41:54] [StellarFox1 <ba0f0db5-7f7a-4608-88b0-bdbeb9bea1de> (ElyBy)/INFO] [CustomSkinLoader Core]: Profile not found.
[2026-09-29 08:41:54] [StellarFox1 <ba0f0db5-7f7a-4608-88b0-bdbeb9bea1de> (MinecraftCapes)/DEBUG] [CustomSkinLoader Core]: Try to request 'https://api.minecraftcapes.net/profile/ba0f0db57f7a460888b0bdbeb9bea1de'.
[2026-09-29 08:41:54] [StellarFox1 <ba0f0db5-7f7a-4608-88b0-bdbeb9bea1de> (GlitchlessGames)/DEBUG] [CustomSkinLoader Core]: Try to request 'https://games.glitchless.ru/api/minecraft/users/profiles/textures/?nickname=StellarFox1'.
[2026-09-29 08:41:54] [StellarFox1 <ba0f0db5-7f7a-4608-88b0-bdbeb9bea1de> (OptiFine)/DEBUG] [CustomSkinLoader Core]: Try to request 'https://optifine.net/capes/StellarFox1.png'.
[2026-09-29 08:41:54] [StellarFox1 <ba0f0db5-7f7a-4608-88b0-bdbeb9bea1de> (Cosmetica)/DEBUG] [CustomSkinLoader Core]: Try to request 'https://api.cosmetica.cc/get/cloak?username=StellarFox1&uuid=ba0f0db5-7f7a-4608-88b0-bdbeb9bea1de&nothirdparty'.
[2026-09-29 08:41:54] [StellarFox1 <ba0f0db5-7f7a-4608-88b0-bdbeb9bea1de> (CloakPlus)/DEBUG] [CustomSkinLoader Core]: Try to request 'http://161.35.130.99/capes/StellarFox1.png'.
[2026-09-29 08:41:54] [StellarFox1 <ba0f0db5-7f7a-4608-88b0-bdbeb9bea1de> (Cosmetica)/DEBUG] [CustomSkinLoader Core]: Cache file found (Length: 8227 , Path: 'C:\Users\whosh\AppData\Roaming\ModrinthApp\profiles\Create_ Remastered\CustomSkinLoader\caches\09b251b1aa7f6f0a8f7025667d3d754114034bdc' , Expire: 1790908400)
[2026-09-29 08:41:54] [StellarFox1 <ba0f0db5-7f7a-4608-88b0-bdbeb9bea1de> (Mojang)/DEBUG] [CustomSkinLoader Core]: Cache file found (Length: 545 , Path: 'C:\Users\whosh\AppData\Roaming\ModrinthApp\profiles\Create_ Remastered\CustomSkinLoader\caches\0d240c790d6b973e6f93d13d4fb7cc13d197a32b' , Expire: 1790635328)
[2026-09-29 08:41:54] [StellarFox1 <ba0f0db5-7f7a-4608-88b0-bdbeb9bea1de> (Mojang)/INFO] [CustomSkinLoader Core]: Try to load from cache 'C:\Users\whosh\AppData\Roaming\ModrinthApp\profiles\Create_ Remastered\CustomSkinLoader\caches\0d240c790d6b973e6f93d13d4fb7cc13d197a32b'.
[2026-09-29 08:41:54] [StellarFox1 <ba0f0db5-7f7a-4608-88b0-bdbeb9bea1de> (LittleSkin)/DEBUG] [CustomSkinLoader Core]: Cache file found (Length: 2 , Path: 'C:\Users\whosh\AppData\Roaming\ModrinthApp\profiles\Create_ Remastered\CustomSkinLoader\caches\04a8213060de2342b7b98afd04be478dc22027ee' , Expire: 1790635399)
[2026-09-29 08:41:54] [StellarFox1 <ba0f0db5-7f7a-4608-88b0-bdbeb9bea1de> (LittleSkin)/INFO] [CustomSkinLoader Core]: Try to load from cache 'C:\Users\whosh\AppData\Roaming\ModrinthApp\profiles\Create_ Remastered\CustomSkinLoader\caches\04a8213060de2342b7b98afd04be478dc22027ee'.
[2026-09-29 08:41:54] [StellarFox1 <ba0f0db5-7f7a-4608-88b0-bdbeb9bea1de> (LittleSkin)/DEBUG] [CustomSkinLoader Core]: Successfully load from cache
[2026-09-29 08:41:54] [StellarFox1 <ba0f0db5-7f7a-4608-88b0-bdbeb9bea1de> (LittleSkin)/DEBUG] [CustomSkinLoader Core]: Content: {}
[2026-09-29 08:41:54] [StellarFox1 <ba0f0db5-7f7a-4608-88b0-bdbeb9bea1de> (LittleSkin)/INFO] [CustomSkinLoader Core]: Both skin and cape not found.
[2026-09-29 08:41:54] [StellarFox1 <ba0f0db5-7f7a-4608-88b0-bdbeb9bea1de> (BlessingSkin)/DEBUG] [CustomSkinLoader Core]: Failed to request (Response Code: 404)
[2026-09-29 08:41:54] [StellarFox1 <ba0f0db5-7f7a-4608-88b0-bdbeb9bea1de> (BlessingSkin)/INFO] [CustomSkinLoader Core]: Profile not found.
[2026-09-29 08:41:54] [StellarFox1 <ba0f0db5-7f7a-4608-88b0-bdbeb9bea1de> (TLauncher)/DEBUG] [CustomSkinLoader Core]: Cache file found (Length: 2 , Path: 'C:\Users\whosh\AppData\Roaming\ModrinthApp\profiles\Create_ Remastered\CustomSkinLoader\caches\dfd943c58c4b794225ac649fbf576e9285c8abee' , Expire: 1790635401)
[2026-09-29 08:41:54] [StellarFox1 <ba0f0db5-7f7a-4608-88b0-bdbeb9bea1de> (TLauncher)/INFO] [CustomSkinLoader Core]: Try to load from cache 'C:\Users\whosh\AppData\Roaming\ModrinthApp\profiles\Create_ Remastered\CustomSkinLoader\caches\dfd943c58c4b794225ac649fbf576e9285c8abee'.
[2026-09-29 08:41:54] [StellarFox1 <ba0f0db5-7f7a-4608-88b0-bdbeb9bea1de> (TLauncher)/DEBUG] [CustomSkinLoader Core]: Successfully load from cache
[2026-09-29 08:41:54] [StellarFox1 <ba0f0db5-7f7a-4608-88b0-bdbeb9bea1de> (TLauncher)/DEBUG] [CustomSkinLoader Core]: Content: {}
[2026-09-29 08:41:54] [StellarFox1 <ba0f0db5-7f7a-4608-88b0-bdbeb9bea1de> (TLauncher)/INFO] [CustomSkinLoader Core]: Both skin and cape not found.
[2026-09-29 08:41:54] [StellarFox1 <ba0f0db5-7f7a-4608-88b0-bdbeb9bea1de> (MinecraftCapes)/DEBUG] [CustomSkinLoader Core]: Successfully request (Response Code: 304 , Content Length: -1)
[2026-09-29 08:41:54] [StellarFox1 <ba0f0db5-7f7a-4608-88b0-bdbeb9bea1de> (MinecraftCapes)/DEBUG] [CustomSkinLoader Core]: Cache file found (Length: 241 , Path: 'C:\Users\whosh\AppData\Roaming\ModrinthApp\profiles\Create_ Remastered\CustomSkinLoader\caches\5d3b73e86a212e93c58c98620eab9beba796f59d' , Expire: 0)
[2026-09-29 08:41:54] [StellarFox1 <ba0f0db5-7f7a-4608-88b0-bdbeb9bea1de> (MinecraftCapes)/INFO] [CustomSkinLoader Core]: Try to load from cache 'C:\Users\whosh\AppData\Roaming\ModrinthApp\profiles\Create_ Remastered\CustomSkinLoader\caches\5d3b73e86a212e93c58c98620eab9beba796f59d'.
[2026-09-29 08:41:54] [StellarFox1 <ba0f0db5-7f7a-4608-88b0-bdbeb9bea1de> (MinecraftCapes)/DEBUG] [CustomSkinLoader Core]: Successfully load from cache
[2026-09-29 08:41:54] [StellarFox1 <ba0f0db5-7f7a-4608-88b0-bdbeb9bea1de> (MinecraftCapes)/DEBUG] [CustomSkinLoader Core]: Content: {"animatedCape":false,"capeGlint":false,"upsideDown":false,"animated_cape_url":null,"cape_url":null,"ear_url":null,"textures":{"_IMPORTANT":"We are removing base64 textures, please use the above parameters instead.","cape":null,"ears":null}}
[2026-09-29 08:41:54] [StellarFox1 <ba0f0db5-7f7a-4608-88b0-bdbeb9bea1de> (MinecraftCapes)/INFO] [CustomSkinLoader Core]: Both skin and cape not found.
[2026-09-29 08:41:54] [StellarFox1 <ba0f0db5-7f7a-4608-88b0-bdbeb9bea1de> (Mojang)/DEBUG] [CustomSkinLoader Core]: Successfully load from cache
[2026-09-29 08:41:54] [StellarFox1 <ba0f0db5-7f7a-4608-88b0-bdbeb9bea1de> (Mojang)/DEBUG] [CustomSkinLoader Core]: Content: {
  "id" : "ba0f0db57f7a460888b0bdbeb9bea1de",
  "name" : "StellarFox1",
  "properties" : [ {
    "name" : "textures",
    "value" : "ewogICJ0aW1lc3RhbXAiIDogMTc5MDYzNTMwODg3MCwKICAicHJvZmlsZUlkIiA6ICJiYTBmMGRiNTdmN2E0NjA4ODhiMGJkYmViOWJlYTFkZSIsCiAgInByb2ZpbGVOYW1lIiA6ICJTdGVsbGFyRm94MSIsCiAgInRleHR1cmVzIiA6IHsKICAgICJTS0lOIiA6IHsKICAgICAgInVybCIgOiAiaHR0cDovL3RleHR1cmVzLm1pbmVjcmFmdC5uZXQvdGV4dHVyZS9lYmRmZjBlZjM5NmE1YmJjNWRlOTQyYWJlNWM1NzE4MTU1Y2MzNTBkZDlmNjIyYWExNGIxZGQyM2U1YWM4MmVlIgogICAgfQogIH0KfQ=="
  } ],
  "profileActions" : [ ]
}
[2026-09-29 08:41:54] [StellarFox1 <ba0f0db5-7f7a-4608-88b0-bdbeb9bea1de> (CloakPlus)/DEBUG] [CustomSkinLoader Core]: Failed to request (Response Code: 502)
[2026-09-29 08:41:54] [StellarFox1 <ba0f0db5-7f7a-4608-88b0-bdbeb9bea1de> (CloakPlus)/INFO] [CustomSkinLoader Core]: No texture could be found.
[2026-09-29 08:41:55] [StellarFox1 <ba0f0db5-7f7a-4608-88b0-bdbeb9bea1de> (OptiFine)/DEBUG] [CustomSkinLoader Core]: Failed to request (Response Code: 404)
[2026-09-29 08:41:55] [StellarFox1 <ba0f0db5-7f7a-4608-88b0-bdbeb9bea1de> (OptiFine)/INFO] [CustomSkinLoader Core]: No texture could be found.
[2026-09-29 08:41:55] [StellarFox1 <ba0f0db5-7f7a-4608-88b0-bdbeb9bea1de> (GlitchlessGames)/DEBUG] [CustomSkinLoader Core]: Failed to request (Response Code: 404)
[2026-09-29 08:41:55] [StellarFox1 <ba0f0db5-7f7a-4608-88b0-bdbeb9bea1de> (GlitchlessGames)/INFO] [CustomSkinLoader Core]: Profile not found.
[2026-09-29 08:41:55] [StellarFox1 <ba0f0db5-7f7a-4608-88b0-bdbeb9bea1de>/INFO] [CustomSkinLoader Core]: StellarFox1's profile loaded. (1029ms)
[2026-09-29 08:41:55] [StellarFox1 <ba0f0db5-7f7a-4608-88b0-bdbeb9bea1de>/INFO] [CustomSkinLoader Core]: (SkinUrl: (LOCAL_LEGACY)a4b327b6000da5c89b6ada28a472d9731dfd7499,LocalSkin/skins/StellarFox1.png , Model: auto , CapeUrl: (LEGACY)https://api.cosmetica.cc/get/cloak?username=StellarFox1&uuid=ba0f0db5-7f7a-4608-88b0-bdbeb9bea1de&nothirdparty  , Expiry: 1790635345)
[2026-09-29 08:42:35] [StellarFox1 <ba0f0db5-7f7a-4608-88b0-bdbeb9bea1de>/INFO] [CustomSkinLoader Core]: Loading StellarFox1's profile.
[2026-09-29 08:42:35] [StellarFox1 <ba0f0db5-7f7a-4608-88b0-bdbeb9bea1de>/INFO] [CustomSkinLoader Core]: 1/12 Try to load profile from 'LocalSkin'.
[2026-09-29 08:42:35] [StellarFox1 <ba0f0db5-7f7a-4608-88b0-bdbeb9bea1de>/INFO] [CustomSkinLoader Core]: 2/12 Try to load profile from 'GameProfile'.
[2026-09-29 08:42:35] [StellarFox1 <ba0f0db5-7f7a-4608-88b0-bdbeb9bea1de>/INFO] [CustomSkinLoader Core]: 3/12 Try to load profile from 'Mojang'.
[2026-09-29 08:42:35] [StellarFox1 <ba0f0db5-7f7a-4608-88b0-bdbeb9bea1de>/INFO] [CustomSkinLoader Core]: 4/12 Try to load profile from 'LittleSkin'.
[2026-09-29 08:42:35] [StellarFox1 <ba0f0db5-7f7a-4608-88b0-bdbeb9bea1de>/INFO] [CustomSkinLoader Core]: 5/12 Try to load profile from 'BlessingSkin'.
[2026-09-29 08:42:35] [StellarFox1 <ba0f0db5-7f7a-4608-88b0-bdbeb9bea1de>/INFO] [CustomSkinLoader Core]: 6/12 Try to load profile from 'ElyBy'.
[2026-09-29 08:42:35] [StellarFox1 <ba0f0db5-7f7a-4608-88b0-bdbeb9bea1de> (GameProfile)/INFO] [CustomSkinLoader Core]: Default profile will be used.
[2026-09-29 08:42:35] [StellarFox1 <ba0f0db5-7f7a-4608-88b0-bdbeb9bea1de>/INFO] [CustomSkinLoader Core]: 7/12 Try to load profile from 'TLauncher'.
[2026-09-29 08:42:35] [StellarFox1 <ba0f0db5-7f7a-4608-88b0-bdbeb9bea1de>/INFO] [CustomSkinLoader Core]: 8/12 Try to load profile from 'GlitchlessGames'.
[2026-09-29 08:42:35] [StellarFox1 <ba0f0db5-7f7a-4608-88b0-bdbeb9bea1de>/INFO] [CustomSkinLoader Core]: 9/12 Try to load profile from 'MinecraftCapes'.
[2026-09-29 08:42:35] [StellarFox1 <ba0f0db5-7f7a-4608-88b0-bdbeb9bea1de>/INFO] [CustomSkinLoader Core]: 10/12 Try to load profile from 'OptiFine'.
[2026-09-29 08:42:35] [StellarFox1 <ba0f0db5-7f7a-4608-88b0-bdbeb9bea1de> (Mojang)/DEBUG] [CustomSkinLoader Core]: Try to request 'https://sessionserver.mojang.com/session/minecraft/profile/ba0f0db57f7a460888b0bdbeb9bea1de'.
[2026-09-29 08:42:35] [StellarFox1 <ba0f0db5-7f7a-4608-88b0-bdbeb9bea1de>/INFO] [CustomSkinLoader Core]: 11/12 Try to load profile from 'CloakPlus'.
[2026-09-29 08:42:35] [StellarFox1 <ba0f0db5-7f7a-4608-88b0-bdbeb9bea1de> (GlitchlessGames)/DEBUG] [CustomSkinLoader Core]: Try to request 'https://games.glitchless.ru/api/minecraft/users/profiles/textures/?nickname=StellarFox1'.
[2026-09-29 08:42:35] [StellarFox1 <ba0f0db5-7f7a-4608-88b0-bdbeb9bea1de>/INFO] [CustomSkinLoader Core]: 12/12 Try to load profile from 'Cosmetica'.
[2026-09-29 08:42:35] [StellarFox1 <ba0f0db5-7f7a-4608-88b0-bdbeb9bea1de> (BlessingSkin)/DEBUG] [CustomSkinLoader Core]: Try to request 'https://skin.prinzeugen.net/StellarFox1.json'.
[2026-09-29 08:42:35] [StellarFox1 <ba0f0db5-7f7a-4608-88b0-bdbeb9bea1de> (ElyBy)/DEBUG] [CustomSkinLoader Core]: Try to request 'http://skinsystem.ely.by/textures/StellarFox1'.
[2026-09-29 08:42:35] [StellarFox1 <ba0f0db5-7f7a-4608-88b0-bdbeb9bea1de> (TLauncher)/DEBUG] [CustomSkinLoader Core]: Try to request 'https://auth.tlauncher.org/skin/profile/texture/login/StellarFox1'.
[2026-09-29 08:42:35] [StellarFox1 <ba0f0db5-7f7a-4608-88b0-bdbeb9bea1de> (LittleSkin)/DEBUG] [CustomSkinLoader Core]: Try to request 'https://littleskin.cn/csl/StellarFox1.json'.
[2026-09-29 08:42:35] [StellarFox1 <ba0f0db5-7f7a-4608-88b0-bdbeb9bea1de> (ElyBy)/DEBUG] [CustomSkinLoader Core]: Cache file found (Length: 0 , Path: 'C:\Users\whosh\AppData\Roaming\ModrinthApp\profiles\Create_ Remastered\CustomSkinLoader\caches\3b3cce223716de55b9a17b46caa02a7b87781554' , Expire: 1790635566)
[2026-09-29 08:42:35] [StellarFox1 <ba0f0db5-7f7a-4608-88b0-bdbeb9bea1de> (ElyBy)/INFO] [CustomSkinLoader Core]: Try to load from cache 'C:\Users\whosh\AppData\Roaming\ModrinthApp\profiles\Create_ Remastered\CustomSkinLoader\caches\3b3cce223716de55b9a17b46caa02a7b87781554'.
[2026-09-29 08:42:35] [StellarFox1 <ba0f0db5-7f7a-4608-88b0-bdbeb9bea1de> (ElyBy)/DEBUG] [CustomSkinLoader Core]: Successfully load from cache
[2026-09-29 08:42:35] [StellarFox1 <ba0f0db5-7f7a-4608-88b0-bdbeb9bea1de> (ElyBy)/DEBUG] [CustomSkinLoader Core]: Content: 
[2026-09-29 08:42:35] [StellarFox1 <ba0f0db5-7f7a-4608-88b0-bdbeb9bea1de> (ElyBy)/INFO] [CustomSkinLoader Core]: Profile not found.
[2026-09-29 08:42:35] [StellarFox1 <ba0f0db5-7f7a-4608-88b0-bdbeb9bea1de> (TLauncher)/DEBUG] [CustomSkinLoader Core]: Cache file found (Length: 2 , Path: 'C:\Users\whosh\AppData\Roaming\ModrinthApp\profiles\Create_ Remastered\CustomSkinLoader\caches\dfd943c58c4b794225ac649fbf576e9285c8abee' , Expire: 1790635401)
[2026-09-29 08:42:35] [StellarFox1 <ba0f0db5-7f7a-4608-88b0-bdbeb9bea1de> (TLauncher)/INFO] [CustomSkinLoader Core]: Try to load from cache 'C:\Users\whosh\AppData\Roaming\ModrinthApp\profiles\Create_ Remastered\CustomSkinLoader\caches\dfd943c58c4b794225ac649fbf576e9285c8abee'.
[2026-09-29 08:42:35] [StellarFox1 <ba0f0db5-7f7a-4608-88b0-bdbeb9bea1de> (TLauncher)/DEBUG] [CustomSkinLoader Core]: Successfully load from cache
[2026-09-29 08:42:35] [StellarFox1 <ba0f0db5-7f7a-4608-88b0-bdbeb9bea1de> (TLauncher)/DEBUG] [CustomSkinLoader Core]: Content: {}
[2026-09-29 08:42:35] [StellarFox1 <ba0f0db5-7f7a-4608-88b0-bdbeb9bea1de> (MinecraftCapes)/DEBUG] [CustomSkinLoader Core]: Try to request 'https://api.minecraftcapes.net/profile/ba0f0db57f7a460888b0bdbeb9bea1de'.
[2026-09-29 08:42:35] [StellarFox1 <ba0f0db5-7f7a-4608-88b0-bdbeb9bea1de> (TLauncher)/INFO] [CustomSkinLoader Core]: Both skin and cape not found.
[2026-09-29 08:42:35] [StellarFox1 <ba0f0db5-7f7a-4608-88b0-bdbeb9bea1de> (LittleSkin)/DEBUG] [CustomSkinLoader Core]: Cache file found (Length: 2 , Path: 'C:\Users\whosh\AppData\Roaming\ModrinthApp\profiles\Create_ Remastered\CustomSkinLoader\caches\04a8213060de2342b7b98afd04be478dc22027ee' , Expire: 1790635399)
[2026-09-29 08:42:35] [StellarFox1 <ba0f0db5-7f7a-4608-88b0-bdbeb9bea1de> (LittleSkin)/INFO] [CustomSkinLoader Core]: Try to load from cache 'C:\Users\whosh\AppData\Roaming\ModrinthApp\profiles\Create_ Remastered\CustomSkinLoader\caches\04a8213060de2342b7b98afd04be478dc22027ee'.
[2026-09-29 08:42:35] [StellarFox1 <ba0f0db5-7f7a-4608-88b0-bdbeb9bea1de> (LittleSkin)/DEBUG] [CustomSkinLoader Core]: Successfully load from cache
[2026-09-29 08:42:35] [StellarFox1 <ba0f0db5-7f7a-4608-88b0-bdbeb9bea1de> (LittleSkin)/DEBUG] [CustomSkinLoader Core]: Content: {}
[2026-09-29 08:42:35] [StellarFox1 <ba0f0db5-7f7a-4608-88b0-bdbeb9bea1de> (LittleSkin)/INFO] [CustomSkinLoader Core]: Both skin and cape not found.
[2026-09-29 08:42:35] [StellarFox1 <ba0f0db5-7f7a-4608-88b0-bdbeb9bea1de> (CloakPlus)/DEBUG] [CustomSkinLoader Core]: Try to request 'http://161.35.130.99/capes/StellarFox1.png'.
[2026-09-29 08:42:35] [StellarFox1 <ba0f0db5-7f7a-4608-88b0-bdbeb9bea1de> (OptiFine)/DEBUG] [CustomSkinLoader Core]: Try to request 'https://optifine.net/capes/StellarFox1.png'.
[2026-09-29 08:42:35] [StellarFox1 <ba0f0db5-7f7a-4608-88b0-bdbeb9bea1de> (Cosmetica)/DEBUG] [CustomSkinLoader Core]: Try to request 'https://api.cosmetica.cc/get/cloak?username=StellarFox1&uuid=ba0f0db5-7f7a-4608-88b0-bdbeb9bea1de&nothirdparty'.
[2026-09-29 08:42:35] [StellarFox1 <ba0f0db5-7f7a-4608-88b0-bdbeb9bea1de> (Cosmetica)/DEBUG] [CustomSkinLoader Core]: Cache file found (Length: 8227 , Path: 'C:\Users\whosh\AppData\Roaming\ModrinthApp\profiles\Create_ Remastered\CustomSkinLoader\caches\09b251b1aa7f6f0a8f7025667d3d754114034bdc' , Expire: 1790908400)
[2026-09-29 08:42:35] [StellarFox1 <ba0f0db5-7f7a-4608-88b0-bdbeb9bea1de> (BlessingSkin)/DEBUG] [CustomSkinLoader Core]: Failed to request (Response Code: 404)
[2026-09-29 08:42:35] [StellarFox1 <ba0f0db5-7f7a-4608-88b0-bdbeb9bea1de> (BlessingSkin)/INFO] [CustomSkinLoader Core]: Profile not found.
[2026-09-29 08:42:35] [StellarFox1 <ba0f0db5-7f7a-4608-88b0-bdbeb9bea1de> (MinecraftCapes)/DEBUG] [CustomSkinLoader Core]: Successfully request (Response Code: 304 , Content Length: -1)
[2026-09-29 08:42:35] [StellarFox1 <ba0f0db5-7f7a-4608-88b0-bdbeb9bea1de> (MinecraftCapes)/DEBUG] [CustomSkinLoader Core]: Cache file found (Length: 241 , Path: 'C:\Users\whosh\AppData\Roaming\ModrinthApp\profiles\Create_ Remastered\CustomSkinLoader\caches\5d3b73e86a212e93c58c98620eab9beba796f59d' , Expire: 0)
[2026-09-29 08:42:35] [StellarFox1 <ba0f0db5-7f7a-4608-88b0-bdbeb9bea1de> (MinecraftCapes)/INFO] [CustomSkinLoader Core]: Try to load from cache 'C:\Users\whosh\AppData\Roaming\ModrinthApp\profiles\Create_ Remastered\CustomSkinLoader\caches\5d3b73e86a212e93c58c98620eab9beba796f59d'.
[2026-09-29 08:42:35] [StellarFox1 <ba0f0db5-7f7a-4608-88b0-bdbeb9bea1de> (MinecraftCapes)/DEBUG] [CustomSkinLoader Core]: Successfully load from cache
[2026-09-29 08:42:35] [StellarFox1 <ba0f0db5-7f7a-4608-88b0-bdbeb9bea1de> (MinecraftCapes)/DEBUG] [CustomSkinLoader Core]: Content: {"animatedCape":false,"capeGlint":false,"upsideDown":false,"animated_cape_url":null,"cape_url":null,"ear_url":null,"textures":{"_IMPORTANT":"We are removing base64 textures, please use the above parameters instead.","cape":null,"ears":null}}
[2026-09-29 08:42:35] [StellarFox1 <ba0f0db5-7f7a-4608-88b0-bdbeb9bea1de> (MinecraftCapes)/INFO] [CustomSkinLoader Core]: Both skin and cape not found.
[2026-09-29 08:42:35] [StellarFox1 <ba0f0db5-7f7a-4608-88b0-bdbeb9bea1de> (CloakPlus)/DEBUG] [CustomSkinLoader Core]: Failed to request (Response Code: 502)
[2026-09-29 08:42:35] [StellarFox1 <ba0f0db5-7f7a-4608-88b0-bdbeb9bea1de> (CloakPlus)/INFO] [CustomSkinLoader Core]: No texture could be found.
[2026-09-29 08:42:35] [StellarFox1 <ba0f0db5-7f7a-4608-88b0-bdbeb9bea1de> (OptiFine)/DEBUG] [CustomSkinLoader Core]: Failed to request (Response Code: 404)
[2026-09-29 08:42:35] [StellarFox1 <ba0f0db5-7f7a-4608-88b0-bdbeb9bea1de> (OptiFine)/INFO] [CustomSkinLoader Core]: No texture could be found.
[2026-09-29 08:42:35] [StellarFox1 <ba0f0db5-7f7a-4608-88b0-bdbeb9bea1de> (Mojang)/DEBUG] [CustomSkinLoader Core]: Successfully request (Response Code: 200 , Content Length: 545)
[2026-09-29 08:42:35] [StellarFox1 <ba0f0db5-7f7a-4608-88b0-bdbeb9bea1de> (Mojang)/DEBUG] [CustomSkinLoader Core]: Saved to cache (Length: 545 , Path: 'C:\Users\whosh\AppData\Roaming\ModrinthApp\profiles\Create_ Remastered\CustomSkinLoader\caches\0d240c790d6b973e6f93d13d4fb7cc13d197a32b' , Expire: 1790635375)
[2026-09-29 08:42:35] [StellarFox1 <ba0f0db5-7f7a-4608-88b0-bdbeb9bea1de> (Mojang)/DEBUG] [CustomSkinLoader Core]: Content: {
  "id" : "ba0f0db57f7a460888b0bdbeb9bea1de",
  "name" : "StellarFox1",
  "properties" : [ {
    "name" : "textures",
    "value" : "ewogICJ0aW1lc3RhbXAiIDogMTc5MDYzNTM1NjgwMSwKICAicHJvZmlsZUlkIiA6ICJiYTBmMGRiNTdmN2E0NjA4ODhiMGJkYmViOWJlYTFkZSIsCiAgInByb2ZpbGVOYW1lIiA6ICJTdGVsbGFyRm94MSIsCiAgInRleHR1cmVzIiA6IHsKICAgICJTS0lOIiA6IHsKICAgICAgInVybCIgOiAiaHR0cDovL3RleHR1cmVzLm1pbmVjcmFmdC5uZXQvdGV4dHVyZS9lYmRmZjBlZjM5NmE1YmJjNWRlOTQyYWJlNWM1NzE4MTU1Y2MzNTBkZDlmNjIyYWExNGIxZGQyM2U1YWM4MmVlIgogICAgfQogIH0KfQ=="
  } ],
  "profileActions" : [ ]
}
[2026-09-29 08:42:36] [StellarFox1 <ba0f0db5-7f7a-4608-88b0-bdbeb9bea1de> (GlitchlessGames)/DEBUG] [CustomSkinLoader Core]: Failed to request (Response Code: 404)
[2026-09-29 08:42:36] [StellarFox1 <ba0f0db5-7f7a-4608-88b0-bdbeb9bea1de> (GlitchlessGames)/INFO] [CustomSkinLoader Core]: Profile not found.
[2026-09-29 08:42:36] [StellarFox1 <ba0f0db5-7f7a-4608-88b0-bdbeb9bea1de>/INFO] [CustomSkinLoader Core]: StellarFox1's profile loaded. (1020ms)
[2026-09-29 08:42:36] [StellarFox1 <ba0f0db5-7f7a-4608-88b0-bdbeb9bea1de>/INFO] [CustomSkinLoader Core]: (SkinUrl: (LOCAL_LEGACY)a4b327b6000da5c89b6ada28a472d9731dfd7499,LocalSkin/skins/StellarFox1.png , Model: auto , CapeUrl: (LEGACY)https://api.cosmetica.cc/get/cloak?username=StellarFox1&uuid=ba0f0db5-7f7a-4608-88b0-bdbeb9bea1de&nothirdparty  , Expiry: 1790635386)
[2026-09-29 08:43:32] [StellarFox1 <ba0f0db5-7f7a-4608-88b0-bdbeb9bea1de>/INFO] [CustomSkinLoader Core]: Loading StellarFox1's profile.
[2026-09-29 08:43:32] [StellarFox1 <ba0f0db5-7f7a-4608-88b0-bdbeb9bea1de>/INFO] [CustomSkinLoader Core]: 1/12 Try to load profile from 'LocalSkin'.
[2026-09-29 08:43:32] [StellarFox1 <ba0f0db5-7f7a-4608-88b0-bdbeb9bea1de>/INFO] [CustomSkinLoader Core]: 2/12 Try to load profile from 'GameProfile'.
[2026-09-29 08:43:32] [StellarFox1 <ba0f0db5-7f7a-4608-88b0-bdbeb9bea1de>/INFO] [CustomSkinLoader Core]: 3/12 Try to load profile from 'Mojang'.
[2026-09-29 08:43:32] [StellarFox1 <ba0f0db5-7f7a-4608-88b0-bdbeb9bea1de>/INFO] [CustomSkinLoader Core]: 4/12 Try to load profile from 'LittleSkin'.
[2026-09-29 08:43:32] [StellarFox1 <ba0f0db5-7f7a-4608-88b0-bdbeb9bea1de>/INFO] [CustomSkinLoader Core]: 5/12 Try to load profile from 'BlessingSkin'.
[2026-09-29 08:43:32] [StellarFox1 <ba0f0db5-7f7a-4608-88b0-bdbeb9bea1de>/INFO] [CustomSkinLoader Core]: 6/12 Try to load profile from 'ElyBy'.
[2026-09-29 08:43:32] [StellarFox1 <ba0f0db5-7f7a-4608-88b0-bdbeb9bea1de> (GameProfile)/INFO] [CustomSkinLoader Core]: Default profile will be used.
[2026-09-29 08:43:32] [StellarFox1 <ba0f0db5-7f7a-4608-88b0-bdbeb9bea1de>/INFO] [CustomSkinLoader Core]: 7/12 Try to load profile from 'TLauncher'.
[2026-09-29 08:43:32] [StellarFox1 <ba0f0db5-7f7a-4608-88b0-bdbeb9bea1de> (LittleSkin)/DEBUG] [CustomSkinLoader Core]: Try to request 'https://littleskin.cn/csl/StellarFox1.json'.
[2026-09-29 08:43:32] [StellarFox1 <ba0f0db5-7f7a-4608-88b0-bdbeb9bea1de> (Mojang)/DEBUG] [CustomSkinLoader Core]: Try to request 'https://sessionserver.mojang.com/session/minecraft/profile/ba0f0db57f7a460888b0bdbeb9bea1de'.
[2026-09-29 08:43:32] [StellarFox1 <ba0f0db5-7f7a-4608-88b0-bdbeb9bea1de> (BlessingSkin)/DEBUG] [CustomSkinLoader Core]: Try to request 'https://skin.prinzeugen.net/StellarFox1.json'.
[2026-09-29 08:43:32] [StellarFox1 <ba0f0db5-7f7a-4608-88b0-bdbeb9bea1de> (ElyBy)/DEBUG] [CustomSkinLoader Core]: Try to request 'http://skinsystem.ely.by/textures/StellarFox1'.
[2026-09-29 08:43:32] [StellarFox1 <ba0f0db5-7f7a-4608-88b0-bdbeb9bea1de> (TLauncher)/DEBUG] [CustomSkinLoader Core]: Try to request 'https://auth.tlauncher.org/skin/profile/texture/login/StellarFox1'.
[2026-09-29 08:43:32] [StellarFox1 <ba0f0db5-7f7a-4608-88b0-bdbeb9bea1de>/INFO] [CustomSkinLoader Core]: 8/12 Try to load profile from 'GlitchlessGames'.
[2026-09-29 08:43:32] [StellarFox1 <ba0f0db5-7f7a-4608-88b0-bdbeb9bea1de> (ElyBy)/DEBUG] [CustomSkinLoader Core]: Cache file found (Length: 0 , Path: 'C:\Users\whosh\AppData\Roaming\ModrinthApp\profiles\Create_ Remastered\CustomSkinLoader\caches\3b3cce223716de55b9a17b46caa02a7b87781554' , Expire: 1790635566)
[2026-09-29 08:43:32] [StellarFox1 <ba0f0db5-7f7a-4608-88b0-bdbeb9bea1de> (ElyBy)/INFO] [CustomSkinLoader Core]: Try to load from cache 'C:\Users\whosh\AppData\Roaming\ModrinthApp\profiles\Create_ Remastered\CustomSkinLoader\caches\3b3cce223716de55b9a17b46caa02a7b87781554'.
[2026-09-29 08:43:32] [StellarFox1 <ba0f0db5-7f7a-4608-88b0-bdbeb9bea1de>/INFO] [CustomSkinLoader Core]: 9/12 Try to load profile from 'MinecraftCapes'.
[2026-09-29 08:43:32] [StellarFox1 <ba0f0db5-7f7a-4608-88b0-bdbeb9bea1de> (ElyBy)/DEBUG] [CustomSkinLoader Core]: Successfully load from cache
[2026-09-29 08:43:32] [StellarFox1 <ba0f0db5-7f7a-4608-88b0-bdbeb9bea1de> (ElyBy)/DEBUG] [CustomSkinLoader Core]: Content: 
[2026-09-29 08:43:32] [StellarFox1 <ba0f0db5-7f7a-4608-88b0-bdbeb9bea1de> (ElyBy)/INFO] [CustomSkinLoader Core]: Profile not found.
[2026-09-29 08:43:32] [StellarFox1 <ba0f0db5-7f7a-4608-88b0-bdbeb9bea1de>/INFO] [CustomSkinLoader Core]: 10/12 Try to load profile from 'OptiFine'.
[2026-09-29 08:43:32] [StellarFox1 <ba0f0db5-7f7a-4608-88b0-bdbeb9bea1de>/INFO] [CustomSkinLoader Core]: 11/12 Try to load profile from 'CloakPlus'.
[2026-09-29 08:43:32] [StellarFox1 <ba0f0db5-7f7a-4608-88b0-bdbeb9bea1de> (GlitchlessGames)/DEBUG] [CustomSkinLoader Core]: Try to request 'https://games.glitchless.ru/api/minecraft/users/profiles/textures/?nickname=StellarFox1'.
[2026-09-29 08:43:32] [StellarFox1 <ba0f0db5-7f7a-4608-88b0-bdbeb9bea1de> (MinecraftCapes)/DEBUG] [CustomSkinLoader Core]: Try to request 'https://api.minecraftcapes.net/profile/ba0f0db57f7a460888b0bdbeb9bea1de'.
[2026-09-29 08:43:32] [StellarFox1 <ba0f0db5-7f7a-4608-88b0-bdbeb9bea1de>/INFO] [CustomSkinLoader Core]: 12/12 Try to load profile from 'Cosmetica'.
[2026-09-29 08:43:32] [StellarFox1 <ba0f0db5-7f7a-4608-88b0-bdbeb9bea1de> (OptiFine)/DEBUG] [CustomSkinLoader Core]: Try to request 'https://optifine.net/capes/StellarFox1.png'.
[2026-09-29 08:43:32] [StellarFox1 <ba0f0db5-7f7a-4608-88b0-bdbeb9bea1de> (CloakPlus)/DEBUG] [CustomSkinLoader Core]: Try to request 'http://161.35.130.99/capes/StellarFox1.png'.
[2026-09-29 08:43:32] [StellarFox1 <ba0f0db5-7f7a-4608-88b0-bdbeb9bea1de> (Cosmetica)/DEBUG] [CustomSkinLoader Core]: Try to request 'https://api.cosmetica.cc/get/cloak?username=StellarFox1&uuid=ba0f0db5-7f7a-4608-88b0-bdbeb9bea1de&nothirdparty'.
[2026-09-29 08:43:32] [StellarFox1 <ba0f0db5-7f7a-4608-88b0-bdbeb9bea1de> (Cosmetica)/DEBUG] [CustomSkinLoader Core]: Cache file found (Length: 8227 , Path: 'C:\Users\whosh\AppData\Roaming\ModrinthApp\profiles\Create_ Remastered\CustomSkinLoader\caches\09b251b1aa7f6f0a8f7025667d3d754114034bdc' , Expire: 1790908400)
[2026-09-29 08:43:32] [StellarFox1 <ba0f0db5-7f7a-4608-88b0-bdbeb9bea1de> (MinecraftCapes)/DEBUG] [CustomSkinLoader Core]: Successfully request (Response Code: 304 , Content Length: -1)
[2026-09-29 08:43:32] [StellarFox1 <ba0f0db5-7f7a-4608-88b0-bdbeb9bea1de> (MinecraftCapes)/DEBUG] [CustomSkinLoader Core]: Cache file found (Length: 241 , Path: 'C:\Users\whosh\AppData\Roaming\ModrinthApp\profiles\Create_ Remastered\CustomSkinLoader\caches\5d3b73e86a212e93c58c98620eab9beba796f59d' , Expire: 0)
[2026-09-29 08:43:32] [StellarFox1 <ba0f0db5-7f7a-4608-88b0-bdbeb9bea1de> (MinecraftCapes)/INFO] [CustomSkinLoader Core]: Try to load from cache 'C:\Users\whosh\AppData\Roaming\ModrinthApp\profiles\Create_ Remastered\CustomSkinLoader\caches\5d3b73e86a212e93c58c98620eab9beba796f59d'.
[2026-09-29 08:43:32] [StellarFox1 <ba0f0db5-7f7a-4608-88b0-bdbeb9bea1de> (MinecraftCapes)/DEBUG] [CustomSkinLoader Core]: Successfully load from cache
[2026-09-29 08:43:32] [StellarFox1 <ba0f0db5-7f7a-4608-88b0-bdbeb9bea1de> (MinecraftCapes)/DEBUG] [CustomSkinLoader Core]: Content: {"animatedCape":false,"capeGlint":false,"upsideDown":false,"animated_cape_url":null,"cape_url":null,"ear_url":null,"textures":{"_IMPORTANT":"We are removing base64 textures, please use the above parameters instead.","cape":null,"ears":null}}
[2026-09-29 08:43:32] [StellarFox1 <ba0f0db5-7f7a-4608-88b0-bdbeb9bea1de> (MinecraftCapes)/INFO] [CustomSkinLoader Core]: Both skin and cape not found.
[2026-09-29 08:43:32] [StellarFox1 <ba0f0db5-7f7a-4608-88b0-bdbeb9bea1de> (BlessingSkin)/DEBUG] [CustomSkinLoader Core]: Failed to request (Response Code: 404)
[2026-09-29 08:43:32] [StellarFox1 <ba0f0db5-7f7a-4608-88b0-bdbeb9bea1de> (BlessingSkin)/INFO] [CustomSkinLoader Core]: Profile not found.
[2026-09-29 08:43:32] [StellarFox1 <ba0f0db5-7f7a-4608-88b0-bdbeb9bea1de> (LittleSkin)/DEBUG] [CustomSkinLoader Core]: Successfully request (Response Code: 200 , Content Length: 2)
[2026-09-29 08:43:32] [StellarFox1 <ba0f0db5-7f7a-4608-88b0-bdbeb9bea1de> (LittleSkin)/DEBUG] [CustomSkinLoader Core]: Saved to cache (Length: 2 , Path: 'C:\Users\whosh\AppData\Roaming\ModrinthApp\profiles\Create_ Remastered\CustomSkinLoader\caches\04a8213060de2342b7b98afd04be478dc22027ee' , Expire: 1790635503)
[2026-09-29 08:43:32] [StellarFox1 <ba0f0db5-7f7a-4608-88b0-bdbeb9bea1de> (LittleSkin)/DEBUG] [CustomSkinLoader Core]: Content: {}
[2026-09-29 08:43:32] [StellarFox1 <ba0f0db5-7f7a-4608-88b0-bdbeb9bea1de> (LittleSkin)/INFO] [CustomSkinLoader Core]: Both skin and cape not found.
[2026-09-29 08:43:32] [StellarFox1 <ba0f0db5-7f7a-4608-88b0-bdbeb9bea1de> (CloakPlus)/DEBUG] [CustomSkinLoader Core]: Failed to request (Response Code: 502)
[2026-09-29 08:43:32] [StellarFox1 <ba0f0db5-7f7a-4608-88b0-bdbeb9bea1de> (CloakPlus)/INFO] [CustomSkinLoader Core]: No texture could be found.
[2026-09-29 08:43:32] [StellarFox1 <ba0f0db5-7f7a-4608-88b0-bdbeb9bea1de> (OptiFine)/DEBUG] [CustomSkinLoader Core]: Failed to request (Response Code: 404)
[2026-09-29 08:43:32] [StellarFox1 <ba0f0db5-7f7a-4608-88b0-bdbeb9bea1de> (OptiFine)/INFO] [CustomSkinLoader Core]: No texture could be found.
[2026-09-29 08:43:33] [StellarFox1 <ba0f0db5-7f7a-4608-88b0-bdbeb9bea1de> (Mojang)/DEBUG] [CustomSkinLoader Core]: Successfully request (Response Code: 200 , Content Length: 545)
[2026-09-29 08:43:33] [StellarFox1 <ba0f0db5-7f7a-4608-88b0-bdbeb9bea1de> (Mojang)/DEBUG] [CustomSkinLoader Core]: Saved to cache (Length: 545 , Path: 'C:\Users\whosh\AppData\Roaming\ModrinthApp\profiles\Create_ Remastered\CustomSkinLoader\caches\0d240c790d6b973e6f93d13d4fb7cc13d197a32b' , Expire: 1790635433)
[2026-09-29 08:43:33] [StellarFox1 <ba0f0db5-7f7a-4608-88b0-bdbeb9bea1de> (Mojang)/DEBUG] [CustomSkinLoader Core]: Content: {
  "id" : "ba0f0db57f7a460888b0bdbeb9bea1de",
  "name" : "StellarFox1",
  "properties" : [ {
    "name" : "textures",
    "value" : "ewogICJ0aW1lc3RhbXAiIDogMTc5MDYzNTQxMzkyMSwKICAicHJvZmlsZUlkIiA6ICJiYTBmMGRiNTdmN2E0NjA4ODhiMGJkYmViOWJlYTFkZSIsCiAgInByb2ZpbGVOYW1lIiA6ICJTdGVsbGFyRm94MSIsCiAgInRleHR1cmVzIiA6IHsKICAgICJTS0lOIiA6IHsKICAgICAgInVybCIgOiAiaHR0cDovL3RleHR1cmVzLm1pbmVjcmFmdC5uZXQvdGV4dHVyZS9lYmRmZjBlZjM5NmE1YmJjNWRlOTQyYWJlNWM1NzE4MTU1Y2MzNTBkZDlmNjIyYWExNGIxZGQyM2U1YWM4MmVlIgogICAgfQogIH0KfQ=="
  } ],
  "profileActions" : [ ]
}
[2026-09-29 08:43:33] [StellarFox1 <ba0f0db5-7f7a-4608-88b0-bdbeb9bea1de> (GlitchlessGames)/DEBUG] [CustomSkinLoader Core]: Failed to request (Response Code: 404)
[2026-09-29 08:43:33] [StellarFox1 <ba0f0db5-7f7a-4608-88b0-bdbeb9bea1de> (GlitchlessGames)/INFO] [CustomSkinLoader Core]: Profile not found.
[2026-09-29 08:43:33] [StellarFox1 <ba0f0db5-7f7a-4608-88b0-bdbeb9bea1de> (TLauncher)/DEBUG] [CustomSkinLoader Core]: Successfully request (Response Code: 200 , Content Length: -1)
[2026-09-29 08:43:33] [StellarFox1 <ba0f0db5-7f7a-4608-88b0-bdbeb9bea1de> (TLauncher)/DEBUG] [CustomSkinLoader Core]: Saved to cache (Length: 2 , Path: 'C:\Users\whosh\AppData\Roaming\ModrinthApp\profiles\Create_ Remastered\CustomSkinLoader\caches\dfd943c58c4b794225ac649fbf576e9285c8abee' , Expire: 1790635505)
[2026-09-29 08:43:33] [StellarFox1 <ba0f0db5-7f7a-4608-88b0-bdbeb9bea1de> (TLauncher)/DEBUG] [CustomSkinLoader Core]: Content: {}
[2026-09-29 08:43:33] [StellarFox1 <ba0f0db5-7f7a-4608-88b0-bdbeb9bea1de> (TLauncher)/INFO] [CustomSkinLoader Core]: Both skin and cape not found.
[2026-09-29 08:43:33] [StellarFox1 <ba0f0db5-7f7a-4608-88b0-bdbeb9bea1de>/INFO] [CustomSkinLoader Core]: StellarFox1's profile loaded. (1503ms)
[2026-09-29 08:43:33] [StellarFox1 <ba0f0db5-7f7a-4608-88b0-bdbeb9bea1de>/INFO] [CustomSkinLoader Core]: (SkinUrl: (LOCAL_LEGACY)a4b327b6000da5c89b6ada28a472d9731dfd7499,LocalSkin/skins/StellarFox1.png , Model: auto , CapeUrl: (LEGACY)https://api.cosmetica.cc/get/cloak?username=StellarFox1&uuid=ba0f0db5-7f7a-4608-88b0-bdbeb9bea1de&nothirdparty  , Expiry: 1790635443)
[2026-09-29 08:44:48] [StellarFox1 <ba0f0db5-7f7a-4608-88b0-bdbeb9bea1de>/INFO] [CustomSkinLoader Core]: Loading StellarFox1's profile.
[2026-09-29 08:44:48] [StellarFox1 <ba0f0db5-7f7a-4608-88b0-bdbeb9bea1de>/INFO] [CustomSkinLoader Core]: 1/12 Try to load profile from 'LocalSkin'.
[2026-09-29 08:44:48] [StellarFox1 <ba0f0db5-7f7a-4608-88b0-bdbeb9bea1de>/INFO] [CustomSkinLoader Core]: 2/12 Try to load profile from 'GameProfile'.
[2026-09-29 08:44:48] [StellarFox1 <ba0f0db5-7f7a-4608-88b0-bdbeb9bea1de>/INFO] [CustomSkinLoader Core]: 3/12 Try to load profile from 'Mojang'.
[2026-09-29 08:44:48] [StellarFox1 <ba0f0db5-7f7a-4608-88b0-bdbeb9bea1de>/INFO] [CustomSkinLoader Core]: 4/12 Try to load profile from 'LittleSkin'.
[2026-09-29 08:44:48] [StellarFox1 <ba0f0db5-7f7a-4608-88b0-bdbeb9bea1de>/INFO] [CustomSkinLoader Core]: 5/12 Try to load profile from 'BlessingSkin'.
[2026-09-29 08:44:48] [StellarFox1 <ba0f0db5-7f7a-4608-88b0-bdbeb9bea1de>/INFO] [CustomSkinLoader Core]: 6/12 Try to load profile from 'ElyBy'.
[2026-09-29 08:44:48] [StellarFox1 <ba0f0db5-7f7a-4608-88b0-bdbeb9bea1de>/INFO] [CustomSkinLoader Core]: 7/12 Try to load profile from 'TLauncher'.
[2026-09-29 08:44:48] [StellarFox1 <ba0f0db5-7f7a-4608-88b0-bdbeb9bea1de> (GameProfile)/INFO] [CustomSkinLoader Core]: Default profile will be used.
[2026-09-29 08:44:48] [StellarFox1 <ba0f0db5-7f7a-4608-88b0-bdbeb9bea1de> (Mojang)/DEBUG] [CustomSkinLoader Core]: Try to request 'https://sessionserver.mojang.com/session/minecraft/profile/ba0f0db57f7a460888b0bdbeb9bea1de'.
[2026-09-29 08:44:48] [StellarFox1 <ba0f0db5-7f7a-4608-88b0-bdbeb9bea1de>/INFO] [CustomSkinLoader Core]: 8/12 Try to load profile from 'GlitchlessGames'.
[2026-09-29 08:44:48] [StellarFox1 <ba0f0db5-7f7a-4608-88b0-bdbeb9bea1de> (LittleSkin)/DEBUG] [CustomSkinLoader Core]: Try to request 'https://littleskin.cn/csl/StellarFox1.json'.
[2026-09-29 08:44:48] [StellarFox1 <ba0f0db5-7f7a-4608-88b0-bdbeb9bea1de>/INFO] [CustomSkinLoader Core]: 9/12 Try to load profile from 'MinecraftCapes'.
[2026-09-29 08:44:48] [StellarFox1 <ba0f0db5-7f7a-4608-88b0-bdbeb9bea1de>/INFO] [CustomSkinLoader Core]: 10/12 Try to load profile from 'OptiFine'.
[2026-09-29 08:44:48] [StellarFox1 <ba0f0db5-7f7a-4608-88b0-bdbeb9bea1de> (BlessingSkin)/DEBUG] [CustomSkinLoader Core]: Try to request 'https://skin.prinzeugen.net/StellarFox1.json'.
[2026-09-29 08:44:48] [StellarFox1 <ba0f0db5-7f7a-4608-88b0-bdbeb9bea1de> (ElyBy)/DEBUG] [CustomSkinLoader Core]: Try to request 'http://skinsystem.ely.by/textures/StellarFox1'.
[2026-09-29 08:44:48] [StellarFox1 <ba0f0db5-7f7a-4608-88b0-bdbeb9bea1de> (TLauncher)/DEBUG] [CustomSkinLoader Core]: Try to request 'https://auth.tlauncher.org/skin/profile/texture/login/StellarFox1'.
[2026-09-29 08:44:48] [StellarFox1 <ba0f0db5-7f7a-4608-88b0-bdbeb9bea1de> (GlitchlessGames)/DEBUG] [CustomSkinLoader Core]: Try to request 'https://games.glitchless.ru/api/minecraft/users/profiles/textures/?nickname=StellarFox1'.
[2026-09-29 08:44:48] [StellarFox1 <ba0f0db5-7f7a-4608-88b0-bdbeb9bea1de> (ElyBy)/DEBUG] [CustomSkinLoader Core]: Cache file found (Length: 0 , Path: 'C:\Users\whosh\AppData\Roaming\ModrinthApp\profiles\Create_ Remastered\CustomSkinLoader\caches\3b3cce223716de55b9a17b46caa02a7b87781554' , Expire: 1790635566)
[2026-09-29 08:44:48] [StellarFox1 <ba0f0db5-7f7a-4608-88b0-bdbeb9bea1de> (ElyBy)/INFO] [CustomSkinLoader Core]: Try to load from cache 'C:\Users\whosh\AppData\Roaming\ModrinthApp\profiles\Create_ Remastered\CustomSkinLoader\caches\3b3cce223716de55b9a17b46caa02a7b87781554'.
[2026-09-29 08:44:48] [StellarFox1 <ba0f0db5-7f7a-4608-88b0-bdbeb9bea1de> (ElyBy)/DEBUG] [CustomSkinLoader Core]: Successfully load from cache
[2026-09-29 08:44:48] [StellarFox1 <ba0f0db5-7f7a-4608-88b0-bdbeb9bea1de> (ElyBy)/DEBUG] [CustomSkinLoader Core]: Content: 
[2026-09-29 08:44:48] [StellarFox1 <ba0f0db5-7f7a-4608-88b0-bdbeb9bea1de> (ElyBy)/INFO] [CustomSkinLoader Core]: Profile not found.
[2026-09-29 08:44:48] [StellarFox1 <ba0f0db5-7f7a-4608-88b0-bdbeb9bea1de>/INFO] [CustomSkinLoader Core]: 11/12 Try to load profile from 'CloakPlus'.
[2026-09-29 08:44:48] [StellarFox1 <ba0f0db5-7f7a-4608-88b0-bdbeb9bea1de>/INFO] [CustomSkinLoader Core]: 12/12 Try to load profile from 'Cosmetica'.
[2026-09-29 08:44:48] [StellarFox1 <ba0f0db5-7f7a-4608-88b0-bdbeb9bea1de> (Cosmetica)/DEBUG] [CustomSkinLoader Core]: Try to request 'https://api.cosmetica.cc/get/cloak?username=StellarFox1&uuid=ba0f0db5-7f7a-4608-88b0-bdbeb9bea1de&nothirdparty'.
[2026-09-29 08:44:48] [StellarFox1 <ba0f0db5-7f7a-4608-88b0-bdbeb9bea1de> (Cosmetica)/DEBUG] [CustomSkinLoader Core]: Cache file found (Length: 8227 , Path: 'C:\Users\whosh\AppData\Roaming\ModrinthApp\profiles\Create_ Remastered\CustomSkinLoader\caches\09b251b1aa7f6f0a8f7025667d3d754114034bdc' , Expire: 1790908400)
[2026-09-29 08:44:48] [StellarFox1 <ba0f0db5-7f7a-4608-88b0-bdbeb9bea1de> (OptiFine)/DEBUG] [CustomSkinLoader Core]: Try to request 'https://optifine.net/capes/StellarFox1.png'.
[2026-09-29 08:44:48] [StellarFox1 <ba0f0db5-7f7a-4608-88b0-bdbeb9bea1de> (MinecraftCapes)/DEBUG] [CustomSkinLoader Core]: Try to request 'https://api.minecraftcapes.net/profile/ba0f0db57f7a460888b0bdbeb9bea1de'.
[2026-09-29 08:44:48] [StellarFox1 <ba0f0db5-7f7a-4608-88b0-bdbeb9bea1de> (CloakPlus)/DEBUG] [CustomSkinLoader Core]: Try to request 'http://161.35.130.99/capes/StellarFox1.png'.
[2026-09-29 08:44:48] [StellarFox1 <ba0f0db5-7f7a-4608-88b0-bdbeb9bea1de> (LittleSkin)/DEBUG] [CustomSkinLoader Core]: Cache file found (Length: 2 , Path: 'C:\Users\whosh\AppData\Roaming\ModrinthApp\profiles\Create_ Remastered\CustomSkinLoader\caches\04a8213060de2342b7b98afd04be478dc22027ee' , Expire: 1790635503)
[2026-09-29 08:44:48] [StellarFox1 <ba0f0db5-7f7a-4608-88b0-bdbeb9bea1de> (LittleSkin)/INFO] [CustomSkinLoader Core]: Try to load from cache 'C:\Users\whosh\AppData\Roaming\ModrinthApp\profiles\Create_ Remastered\CustomSkinLoader\caches\04a8213060de2342b7b98afd04be478dc22027ee'.
[2026-09-29 08:44:48] [StellarFox1 <ba0f0db5-7f7a-4608-88b0-bdbeb9bea1de> (TLauncher)/DEBUG] [CustomSkinLoader Core]: Cache file found (Length: 2 , Path: 'C:\Users\whosh\AppData\Roaming\ModrinthApp\profiles\Create_ Remastered\CustomSkinLoader\caches\dfd943c58c4b794225ac649fbf576e9285c8abee' , Expire: 1790635505)
[2026-09-29 08:44:48] [StellarFox1 <ba0f0db5-7f7a-4608-88b0-bdbeb9bea1de> (TLauncher)/INFO] [CustomSkinLoader Core]: Try to load from cache 'C:\Users\whosh\AppData\Roaming\ModrinthApp\profiles\Create_ Remastered\CustomSkinLoader\caches\dfd943c58c4b794225ac649fbf576e9285c8abee'.
[2026-09-29 08:44:48] [StellarFox1 <ba0f0db5-7f7a-4608-88b0-bdbeb9bea1de> (LittleSkin)/DEBUG] [CustomSkinLoader Core]: Successfully load from cache
[2026-09-29 08:44:48] [StellarFox1 <ba0f0db5-7f7a-4608-88b0-bdbeb9bea1de> (LittleSkin)/DEBUG] [CustomSkinLoader Core]: Content: {}
[2026-09-29 08:44:48] [StellarFox1 <ba0f0db5-7f7a-4608-88b0-bdbeb9bea1de> (LittleSkin)/INFO] [CustomSkinLoader Core]: Both skin and cape not found.
[2026-09-29 08:44:48] [StellarFox1 <ba0f0db5-7f7a-4608-88b0-bdbeb9bea1de> (TLauncher)/DEBUG] [CustomSkinLoader Core]: Successfully load from cache
[2026-09-29 08:44:48] [StellarFox1 <ba0f0db5-7f7a-4608-88b0-bdbeb9bea1de> (TLauncher)/DEBUG] [CustomSkinLoader Core]: Content: {}
[2026-09-29 08:44:48] [StellarFox1 <ba0f0db5-7f7a-4608-88b0-bdbeb9bea1de> (TLauncher)/INFO] [CustomSkinLoader Core]: Both skin and cape not found.
[2026-09-29 08:44:48] [StellarFox1 <ba0f0db5-7f7a-4608-88b0-bdbeb9bea1de> (BlessingSkin)/DEBUG] [CustomSkinLoader Core]: Failed to request (Response Code: 404)
[2026-09-29 08:44:48] [StellarFox1 <ba0f0db5-7f7a-4608-88b0-bdbeb9bea1de> (BlessingSkin)/INFO] [CustomSkinLoader Core]: Profile not found.
[2026-09-29 08:44:48] [StellarFox1 <ba0f0db5-7f7a-4608-88b0-bdbeb9bea1de> (MinecraftCapes)/DEBUG] [CustomSkinLoader Core]: Successfully request (Response Code: 304 , Content Length: -1)
[2026-09-29 08:44:48] [StellarFox1 <ba0f0db5-7f7a-4608-88b0-bdbeb9bea1de> (MinecraftCapes)/DEBUG] [CustomSkinLoader Core]: Cache file found (Length: 241 , Path: 'C:\Users\whosh\AppData\Roaming\ModrinthApp\profiles\Create_ Remastered\CustomSkinLoader\caches\5d3b73e86a212e93c58c98620eab9beba796f59d' , Expire: 0)
[2026-09-29 08:44:48] [StellarFox1 <ba0f0db5-7f7a-4608-88b0-bdbeb9bea1de> (MinecraftCapes)/INFO] [CustomSkinLoader Core]: Try to load from cache 'C:\Users\whosh\AppData\Roaming\ModrinthApp\profiles\Create_ Remastered\CustomSkinLoader\caches\5d3b73e86a212e93c58c98620eab9beba796f59d'.
[2026-09-29 08:44:48] [StellarFox1 <ba0f0db5-7f7a-4608-88b0-bdbeb9bea1de> (MinecraftCapes)/DEBUG] [CustomSkinLoader Core]: Successfully load from cache
[2026-09-29 08:44:48] [StellarFox1 <ba0f0db5-7f7a-4608-88b0-bdbeb9bea1de> (MinecraftCapes)/DEBUG] [CustomSkinLoader Core]: Content: {"animatedCape":false,"capeGlint":false,"upsideDown":false,"animated_cape_url":null,"cape_url":null,"ear_url":null,"textures":{"_IMPORTANT":"We are removing base64 textures, please use the above parameters instead.","cape":null,"ears":null}}
[2026-09-29 08:44:48] [StellarFox1 <ba0f0db5-7f7a-4608-88b0-bdbeb9bea1de> (MinecraftCapes)/INFO] [CustomSkinLoader Core]: Both skin and cape not found.
[2026-09-29 08:44:49] [StellarFox1 <ba0f0db5-7f7a-4608-88b0-bdbeb9bea1de> (CloakPlus)/DEBUG] [CustomSkinLoader Core]: Failed to request (Response Code: 502)
[2026-09-29 08:44:49] [StellarFox1 <ba0f0db5-7f7a-4608-88b0-bdbeb9bea1de> (CloakPlus)/INFO] [CustomSkinLoader Core]: No texture could be found.
[2026-09-29 08:44:49] [StellarFox1 <ba0f0db5-7f7a-4608-88b0-bdbeb9bea1de> (OptiFine)/DEBUG] [CustomSkinLoader Core]: Failed to request (Response Code: 404)
[2026-09-29 08:44:49] [StellarFox1 <ba0f0db5-7f7a-4608-88b0-bdbeb9bea1de> (OptiFine)/INFO] [CustomSkinLoader Core]: No texture could be found.
[2026-09-29 08:44:49] [StellarFox1 <ba0f0db5-7f7a-4608-88b0-bdbeb9bea1de> (Mojang)/DEBUG] [CustomSkinLoader Core]: Successfully request (Response Code: 200 , Content Length: 545)
[2026-09-29 08:44:49] [StellarFox1 <ba0f0db5-7f7a-4608-88b0-bdbeb9bea1de> (Mojang)/DEBUG] [CustomSkinLoader Core]: Saved to cache (Length: 545 , Path: 'C:\Users\whosh\AppData\Roaming\ModrinthApp\profiles\Create_ Remastered\CustomSkinLoader\caches\0d240c790d6b973e6f93d13d4fb7cc13d197a32b' , Expire: 1790635509)
[2026-09-29 08:44:49] [StellarFox1 <ba0f0db5-7f7a-4608-88b0-bdbeb9bea1de> (Mojang)/DEBUG] [CustomSkinLoader Core]: Content: {
  "id" : "ba0f0db57f7a460888b0bdbeb9bea1de",
  "name" : "StellarFox1",
  "properties" : [ {
    "name" : "textures",
    "value" : "ewogICJ0aW1lc3RhbXAiIDogMTc5MDYzNTQ5MDU0NCwKICAicHJvZmlsZUlkIiA6ICJiYTBmMGRiNTdmN2E0NjA4ODhiMGJkYmViOWJlYTFkZSIsCiAgInByb2ZpbGVOYW1lIiA6ICJTdGVsbGFyRm94MSIsCiAgInRleHR1cmVzIiA6IHsKICAgICJTS0lOIiA6IHsKICAgICAgInVybCIgOiAiaHR0cDovL3RleHR1cmVzLm1pbmVjcmFmdC5uZXQvdGV4dHVyZS9lYmRmZjBlZjM5NmE1YmJjNWRlOTQyYWJlNWM1NzE4MTU1Y2MzNTBkZDlmNjIyYWExNGIxZGQyM2U1YWM4MmVlIgogICAgfQogIH0KfQ=="
  } ],
  "profileActions" : [ ]
}
[2026-09-29 08:44:49] [StellarFox1 <ba0f0db5-7f7a-4608-88b0-bdbeb9bea1de> (GlitchlessGames)/DEBUG] [CustomSkinLoader Core]: Failed to request (Response Code: 404)
[2026-09-29 08:44:49] [StellarFox1 <ba0f0db5-7f7a-4608-88b0-bdbeb9bea1de> (GlitchlessGames)/INFO] [CustomSkinLoader Core]: Profile not found.
[2026-09-29 08:44:49] [StellarFox1 <ba0f0db5-7f7a-4608-88b0-bdbeb9bea1de>/INFO] [CustomSkinLoader Core]: StellarFox1's profile loaded. (1040ms)
[2026-09-29 08:44:49] [StellarFox1 <ba0f0db5-7f7a-4608-88b0-bdbeb9bea1de>/INFO] [CustomSkinLoader Core]: (SkinUrl: (LOCAL_LEGACY)a4b327b6000da5c89b6ada28a472d9731dfd7499,LocalSkin/skins/StellarFox1.png , Model: auto , CapeUrl: (LEGACY)https://api.cosmetica.cc/get/cloak?username=StellarFox1&uuid=ba0f0db5-7f7a-4608-88b0-bdbeb9bea1de&nothirdparty  , Expiry: 1790635519)
[2026-09-29 08:46:31] [StellarFox1 <ba0f0db5-7f7a-4608-88b0-bdbeb9bea1de>/INFO] [CustomSkinLoader Core]: Loading StellarFox1's profile.
[2026-09-29 08:46:31] [StellarFox1 <ba0f0db5-7f7a-4608-88b0-bdbeb9bea1de>/INFO] [CustomSkinLoader Core]: 1/12 Try to load profile from 'LocalSkin'.
[2026-09-29 08:46:31] [StellarFox1 <ba0f0db5-7f7a-4608-88b0-bdbeb9bea1de>/INFO] [CustomSkinLoader Core]: 2/12 Try to load profile from 'GameProfile'.
[2026-09-29 08:46:31] [StellarFox1 <ba0f0db5-7f7a-4608-88b0-bdbeb9bea1de>/INFO] [CustomSkinLoader Core]: 3/12 Try to load profile from 'Mojang'.
[2026-09-29 08:46:31] [StellarFox1 <ba0f0db5-7f7a-4608-88b0-bdbeb9bea1de>/INFO] [CustomSkinLoader Core]: 4/12 Try to load profile from 'LittleSkin'.
[2026-09-29 08:46:31] [StellarFox1 <ba0f0db5-7f7a-4608-88b0-bdbeb9bea1de>/INFO] [CustomSkinLoader Core]: 5/12 Try to load profile from 'BlessingSkin'.
[2026-09-29 08:46:31] [StellarFox1 <ba0f0db5-7f7a-4608-88b0-bdbeb9bea1de>/INFO] [CustomSkinLoader Core]: 6/12 Try to load profile from 'ElyBy'.
[2026-09-29 08:46:31] [StellarFox1 <ba0f0db5-7f7a-4608-88b0-bdbeb9bea1de>/INFO] [CustomSkinLoader Core]: 7/12 Try to load profile from 'TLauncher'.
[2026-09-29 08:46:31] [StellarFox1 <ba0f0db5-7f7a-4608-88b0-bdbeb9bea1de>/INFO] [CustomSkinLoader Core]: 8/12 Try to load profile from 'GlitchlessGames'.
[2026-09-29 08:46:31] [StellarFox1 <ba0f0db5-7f7a-4608-88b0-bdbeb9bea1de>/INFO] [CustomSkinLoader Core]: 9/12 Try to load profile from 'MinecraftCapes'.
[2026-09-29 08:46:31] [StellarFox1 <ba0f0db5-7f7a-4608-88b0-bdbeb9bea1de>/INFO] [CustomSkinLoader Core]: 10/12 Try to load profile from 'OptiFine'.
[2026-09-29 08:46:31] [StellarFox1 <ba0f0db5-7f7a-4608-88b0-bdbeb9bea1de>/INFO] [CustomSkinLoader Core]: 11/12 Try to load profile from 'CloakPlus'.
[2026-09-29 08:46:31] [StellarFox1 <ba0f0db5-7f7a-4608-88b0-bdbeb9bea1de>/INFO] [CustomSkinLoader Core]: 12/12 Try to load profile from 'Cosmetica'.
[2026-09-29 08:46:31] [StellarFox1 <ba0f0db5-7f7a-4608-88b0-bdbeb9bea1de> (Mojang)/DEBUG] [CustomSkinLoader Core]: Try to request 'https://sessionserver.mojang.com/session/minecraft/profile/ba0f0db57f7a460888b0bdbeb9bea1de'.
[2026-09-29 08:46:31] [StellarFox1 <ba0f0db5-7f7a-4608-88b0-bdbeb9bea1de> (ElyBy)/DEBUG] [CustomSkinLoader Core]: Try to request 'http://skinsystem.ely.by/textures/StellarFox1'.
[2026-09-29 08:46:31] [StellarFox1 <ba0f0db5-7f7a-4608-88b0-bdbeb9bea1de> (BlessingSkin)/DEBUG] [CustomSkinLoader Core]: Try to request 'https://skin.prinzeugen.net/StellarFox1.json'.
[2026-09-29 08:46:31] [StellarFox1 <ba0f0db5-7f7a-4608-88b0-bdbeb9bea1de> (LittleSkin)/DEBUG] [CustomSkinLoader Core]: Try to request 'https://littleskin.cn/csl/StellarFox1.json'.
[2026-09-29 08:46:31] [StellarFox1 <ba0f0db5-7f7a-4608-88b0-bdbeb9bea1de> (GameProfile)/INFO] [CustomSkinLoader Core]: Default profile will be used.
[2026-09-29 08:46:31] [StellarFox1 <ba0f0db5-7f7a-4608-88b0-bdbeb9bea1de> (TLauncher)/DEBUG] [CustomSkinLoader Core]: Try to request 'https://auth.tlauncher.org/skin/profile/texture/login/StellarFox1'.
[2026-09-29 08:46:31] [StellarFox1 <ba0f0db5-7f7a-4608-88b0-bdbeb9bea1de> (GlitchlessGames)/DEBUG] [CustomSkinLoader Core]: Try to request 'https://games.glitchless.ru/api/minecraft/users/profiles/textures/?nickname=StellarFox1'.
[2026-09-29 08:46:31] [StellarFox1 <ba0f0db5-7f7a-4608-88b0-bdbeb9bea1de> (MinecraftCapes)/DEBUG] [CustomSkinLoader Core]: Try to request 'https://api.minecraftcapes.net/profile/ba0f0db57f7a460888b0bdbeb9bea1de'.
[2026-09-29 08:46:31] [StellarFox1 <ba0f0db5-7f7a-4608-88b0-bdbeb9bea1de> (OptiFine)/DEBUG] [CustomSkinLoader Core]: Try to request 'https://optifine.net/capes/StellarFox1.png'.
[2026-09-29 08:46:31] [StellarFox1 <ba0f0db5-7f7a-4608-88b0-bdbeb9bea1de> (CloakPlus)/DEBUG] [CustomSkinLoader Core]: Try to request 'http://161.35.130.99/capes/StellarFox1.png'.
[2026-09-29 08:46:31] [StellarFox1 <ba0f0db5-7f7a-4608-88b0-bdbeb9bea1de> (Cosmetica)/DEBUG] [CustomSkinLoader Core]: Try to request 'https://api.cosmetica.cc/get/cloak?username=StellarFox1&uuid=ba0f0db5-7f7a-4608-88b0-bdbeb9bea1de&nothirdparty'.
[2026-09-29 08:46:31] [StellarFox1 <ba0f0db5-7f7a-4608-88b0-bdbeb9bea1de> (Cosmetica)/DEBUG] [CustomSkinLoader Core]: Cache file found (Length: 8227 , Path: 'C:\Users\whosh\AppData\Roaming\ModrinthApp\profiles\Create_ Remastered\CustomSkinLoader\caches\09b251b1aa7f6f0a8f7025667d3d754114034bdc' , Expire: 1790908400)
[2026-09-29 08:46:31] [StellarFox1 <ba0f0db5-7f7a-4608-88b0-bdbeb9bea1de> (MinecraftCapes)/DEBUG] [CustomSkinLoader Core]: Successfully request (Response Code: 304 , Content Length: -1)
[2026-09-29 08:46:31] [StellarFox1 <ba0f0db5-7f7a-4608-88b0-bdbeb9bea1de> (MinecraftCapes)/DEBUG] [CustomSkinLoader Core]: Cache file found (Length: 241 , Path: 'C:\Users\whosh\AppData\Roaming\ModrinthApp\profiles\Create_ Remastered\CustomSkinLoader\caches\5d3b73e86a212e93c58c98620eab9beba796f59d' , Expire: 0)
[2026-09-29 08:46:31] [StellarFox1 <ba0f0db5-7f7a-4608-88b0-bdbeb9bea1de> (MinecraftCapes)/INFO] [CustomSkinLoader Core]: Try to load from cache 'C:\Users\whosh\AppData\Roaming\ModrinthApp\profiles\Create_ Remastered\CustomSkinLoader\caches\5d3b73e86a212e93c58c98620eab9beba796f59d'.
[2026-09-29 08:46:31] [StellarFox1 <ba0f0db5-7f7a-4608-88b0-bdbeb9bea1de> (MinecraftCapes)/DEBUG] [CustomSkinLoader Core]: Successfully load from cache
[2026-09-29 08:46:31] [StellarFox1 <ba0f0db5-7f7a-4608-88b0-bdbeb9bea1de> (MinecraftCapes)/DEBUG] [CustomSkinLoader Core]: Content: {"animatedCape":false,"capeGlint":false,"upsideDown":false,"animated_cape_url":null,"cape_url":null,"ear_url":null,"textures":{"_IMPORTANT":"We are removing base64 textures, please use the above parameters instead.","cape":null,"ears":null}}
[2026-09-29 08:46:31] [StellarFox1 <ba0f0db5-7f7a-4608-88b0-bdbeb9bea1de> (MinecraftCapes)/INFO] [CustomSkinLoader Core]: Both skin and cape not found.
[2026-09-29 08:46:31] [StellarFox1 <ba0f0db5-7f7a-4608-88b0-bdbeb9bea1de> (BlessingSkin)/DEBUG] [CustomSkinLoader Core]: Failed to request (Response Code: 404)
[2026-09-29 08:46:31] [StellarFox1 <ba0f0db5-7f7a-4608-88b0-bdbeb9bea1de> (BlessingSkin)/INFO] [CustomSkinLoader Core]: Profile not found.
[2026-09-29 08:46:31] [StellarFox1 <ba0f0db5-7f7a-4608-88b0-bdbeb9bea1de> (CloakPlus)/DEBUG] [CustomSkinLoader Core]: Failed to request (Response Code: 502)
[2026-09-29 08:46:31] [StellarFox1 <ba0f0db5-7f7a-4608-88b0-bdbeb9bea1de> (CloakPlus)/INFO] [CustomSkinLoader Core]: No texture could be found.
[2026-09-29 08:46:32] [StellarFox1 <ba0f0db5-7f7a-4608-88b0-bdbeb9bea1de> (OptiFine)/DEBUG] [CustomSkinLoader Core]: Failed to request (Response Code: 404)
[2026-09-29 08:46:32] [StellarFox1 <ba0f0db5-7f7a-4608-88b0-bdbeb9bea1de> (OptiFine)/INFO] [CustomSkinLoader Core]: No texture could be found.
[2026-09-29 08:46:32] [StellarFox1 <ba0f0db5-7f7a-4608-88b0-bdbeb9bea1de> (ElyBy)/DEBUG] [CustomSkinLoader Core]: Successfully request (Response Code: 204 , Content Length: -1)
[2026-09-29 08:46:32] [StellarFox1 <ba0f0db5-7f7a-4608-88b0-bdbeb9bea1de> (ElyBy)/DEBUG] [CustomSkinLoader Core]: Saved to cache (Length: 0 , Path: 'C:\Users\whosh\AppData\Roaming\ModrinthApp\profiles\Create_ Remastered\CustomSkinLoader\caches\3b3cce223716de55b9a17b46caa02a7b87781554' , Expire: 1790639195)
[2026-09-29 08:46:32] [StellarFox1 <ba0f0db5-7f7a-4608-88b0-bdbeb9bea1de> (ElyBy)/DEBUG] [CustomSkinLoader Core]: Content: 
[2026-09-29 08:46:32] [StellarFox1 <ba0f0db5-7f7a-4608-88b0-bdbeb9bea1de> (ElyBy)/INFO] [CustomSkinLoader Core]: Profile not found.
[2026-09-29 08:46:32] [StellarFox1 <ba0f0db5-7f7a-4608-88b0-bdbeb9bea1de> (Mojang)/DEBUG] [CustomSkinLoader Core]: Successfully request (Response Code: 200 , Content Length: 545)
[2026-09-29 08:46:32] [StellarFox1 <ba0f0db5-7f7a-4608-88b0-bdbeb9bea1de> (Mojang)/DEBUG] [CustomSkinLoader Core]: Saved to cache (Length: 545 , Path: 'C:\Users\whosh\AppData\Roaming\ModrinthApp\profiles\Create_ Remastered\CustomSkinLoader\caches\0d240c790d6b973e6f93d13d4fb7cc13d197a32b' , Expire: 1790635612)
[2026-09-29 08:46:32] [StellarFox1 <ba0f0db5-7f7a-4608-88b0-bdbeb9bea1de> (Mojang)/DEBUG] [CustomSkinLoader Core]: Content: {
  "id" : "ba0f0db57f7a460888b0bdbeb9bea1de",
  "name" : "StellarFox1",
  "properties" : [ {
    "name" : "textures",
    "value" : "ewogICJ0aW1lc3RhbXAiIDogMTc5MDYzNTU5MzAwMSwKICAicHJvZmlsZUlkIiA6ICJiYTBmMGRiNTdmN2E0NjA4ODhiMGJkYmViOWJlYTFkZSIsCiAgInByb2ZpbGVOYW1lIiA6ICJTdGVsbGFyRm94MSIsCiAgInRleHR1cmVzIiA6IHsKICAgICJTS0lOIiA6IHsKICAgICAgInVybCIgOiAiaHR0cDovL3RleHR1cmVzLm1pbmVjcmFmdC5uZXQvdGV4dHVyZS9lYmRmZjBlZjM5NmE1YmJjNWRlOTQyYWJlNWM1NzE4MTU1Y2MzNTBkZDlmNjIyYWExNGIxZGQyM2U1YWM4MmVlIgogICAgfQogIH0KfQ=="
  } ],
  "profileActions" : [ ]
}
[2026-09-29 08:46:32] [StellarFox1 <ba0f0db5-7f7a-4608-88b0-bdbeb9bea1de> (LittleSkin)/DEBUG] [CustomSkinLoader Core]: Successfully request (Response Code: 200 , Content Length: 2)
[2026-09-29 08:46:32] [StellarFox1 <ba0f0db5-7f7a-4608-88b0-bdbeb9bea1de> (LittleSkin)/DEBUG] [CustomSkinLoader Core]: Saved to cache (Length: 2 , Path: 'C:\Users\whosh\AppData\Roaming\ModrinthApp\profiles\Create_ Remastered\CustomSkinLoader\caches\04a8213060de2342b7b98afd04be478dc22027ee' , Expire: 1790635685)
[2026-09-29 08:46:32] [StellarFox1 <ba0f0db5-7f7a-4608-88b0-bdbeb9bea1de> (LittleSkin)/DEBUG] [CustomSkinLoader Core]: Content: {}
[2026-09-29 08:46:32] [StellarFox1 <ba0f0db5-7f7a-4608-88b0-bdbeb9bea1de> (LittleSkin)/INFO] [CustomSkinLoader Core]: Both skin and cape not found.
[2026-09-29 08:46:32] [StellarFox1 <ba0f0db5-7f7a-4608-88b0-bdbeb9bea1de> (GlitchlessGames)/DEBUG] [CustomSkinLoader Core]: Failed to request (Response Code: 404)
[2026-09-29 08:46:32] [StellarFox1 <ba0f0db5-7f7a-4608-88b0-bdbeb9bea1de> (GlitchlessGames)/INFO] [CustomSkinLoader Core]: Profile not found.
[2026-09-29 08:46:32] [StellarFox1 <ba0f0db5-7f7a-4608-88b0-bdbeb9bea1de> (TLauncher)/DEBUG] [CustomSkinLoader Core]: Successfully request (Response Code: 200 , Content Length: -1)
[2026-09-29 08:46:32] [StellarFox1 <ba0f0db5-7f7a-4608-88b0-bdbeb9bea1de> (TLauncher)/DEBUG] [CustomSkinLoader Core]: Saved to cache (Length: 2 , Path: 'C:\Users\whosh\AppData\Roaming\ModrinthApp\profiles\Create_ Remastered\CustomSkinLoader\caches\dfd943c58c4b794225ac649fbf576e9285c8abee' , Expire: 1790635686)
[2026-09-29 08:46:32] [StellarFox1 <ba0f0db5-7f7a-4608-88b0-bdbeb9bea1de> (TLauncher)/DEBUG] [CustomSkinLoader Core]: Content: {}
[2026-09-29 08:46:32] [StellarFox1 <ba0f0db5-7f7a-4608-88b0-bdbeb9bea1de> (TLauncher)/INFO] [CustomSkinLoader Core]: Both skin and cape not found.
[2026-09-29 08:46:32] [StellarFox1 <ba0f0db5-7f7a-4608-88b0-bdbeb9bea1de>/INFO] [CustomSkinLoader Core]: StellarFox1's profile loaded. (1499ms)
[2026-09-29 08:46:32] [StellarFox1 <ba0f0db5-7f7a-4608-88b0-bdbeb9bea1de>/INFO] [CustomSkinLoader Core]: (SkinUrl: (LOCAL_LEGACY)a4b327b6000da5c89b6ada28a472d9731dfd7499,LocalSkin/skins/StellarFox1.png , Model: auto , CapeUrl: (LEGACY)https://api.cosmetica.cc/get/cloak?username=StellarFox1&uuid=ba0f0db5-7f7a-4608-88b0-bdbeb9bea1de&nothirdparty  , Expiry: 1790635622)
[2026-09-29 08:47:58] [StellarFox1 <ba0f0db5-7f7a-4608-88b0-bdbeb9bea1de>/INFO] [CustomSkinLoader Core]: Loading StellarFox1's profile.
[2026-09-29 08:47:58] [StellarFox1 <ba0f0db5-7f7a-4608-88b0-bdbeb9bea1de>/INFO] [CustomSkinLoader Core]: 1/12 Try to load profile from 'LocalSkin'.
[2026-09-29 08:47:58] [StellarFox1 <ba0f0db5-7f7a-4608-88b0-bdbeb9bea1de>/INFO] [CustomSkinLoader Core]: 2/12 Try to load profile from 'GameProfile'.
[2026-09-29 08:47:58] [StellarFox1 <ba0f0db5-7f7a-4608-88b0-bdbeb9bea1de>/INFO] [CustomSkinLoader Core]: 3/12 Try to load profile from 'Mojang'.
[2026-09-29 08:47:58] [StellarFox1 <ba0f0db5-7f7a-4608-88b0-bdbeb9bea1de>/INFO] [CustomSkinLoader Core]: 4/12 Try to load profile from 'LittleSkin'.
[2026-09-29 08:47:58] [StellarFox1 <ba0f0db5-7f7a-4608-88b0-bdbeb9bea1de>/INFO] [CustomSkinLoader Core]: 5/12 Try to load profile from 'BlessingSkin'.
[2026-09-29 08:47:58] [StellarFox1 <ba0f0db5-7f7a-4608-88b0-bdbeb9bea1de> (Mojang)/DEBUG] [CustomSkinLoader Core]: Try to request 'https://sessionserver.mojang.com/session/minecraft/profile/ba0f0db57f7a460888b0bdbeb9bea1de'.
[2026-09-29 08:47:58] [StellarFox1 <ba0f0db5-7f7a-4608-88b0-bdbeb9bea1de>/INFO] [CustomSkinLoader Core]: 6/12 Try to load profile from 'ElyBy'.
[2026-09-29 08:47:58] [StellarFox1 <ba0f0db5-7f7a-4608-88b0-bdbeb9bea1de> (LittleSkin)/DEBUG] [CustomSkinLoader Core]: Try to request 'https://littleskin.cn/csl/StellarFox1.json'.
[2026-09-29 08:47:58] [StellarFox1 <ba0f0db5-7f7a-4608-88b0-bdbeb9bea1de>/INFO] [CustomSkinLoader Core]: 7/12 Try to load profile from 'TLauncher'.
[2026-09-29 08:47:58] [StellarFox1 <ba0f0db5-7f7a-4608-88b0-bdbeb9bea1de> (BlessingSkin)/DEBUG] [CustomSkinLoader Core]: Try to request 'https://skin.prinzeugen.net/StellarFox1.json'.
[2026-09-29 08:47:58] [StellarFox1 <ba0f0db5-7f7a-4608-88b0-bdbeb9bea1de>/INFO] [CustomSkinLoader Core]: 8/12 Try to load profile from 'GlitchlessGames'.
[2026-09-29 08:47:58] [StellarFox1 <ba0f0db5-7f7a-4608-88b0-bdbeb9bea1de>/INFO] [CustomSkinLoader Core]: 9/12 Try to load profile from 'MinecraftCapes'.
[2026-09-29 08:47:58] [StellarFox1 <ba0f0db5-7f7a-4608-88b0-bdbeb9bea1de> (ElyBy)/DEBUG] [CustomSkinLoader Core]: Try to request 'http://skinsystem.ely.by/textures/StellarFox1'.
[2026-09-29 08:47:58] [StellarFox1 <ba0f0db5-7f7a-4608-88b0-bdbeb9bea1de>/INFO] [CustomSkinLoader Core]: 10/12 Try to load profile from 'OptiFine'.
[2026-09-29 08:47:58] [StellarFox1 <ba0f0db5-7f7a-4608-88b0-bdbeb9bea1de> (GameProfile)/INFO] [CustomSkinLoader Core]: Default profile will be used.
[2026-09-29 08:47:58] [StellarFox1 <ba0f0db5-7f7a-4608-88b0-bdbeb9bea1de>/INFO] [CustomSkinLoader Core]: 11/12 Try to load profile from 'CloakPlus'.
[2026-09-29 08:47:58] [StellarFox1 <ba0f0db5-7f7a-4608-88b0-bdbeb9bea1de>/INFO] [CustomSkinLoader Core]: 12/12 Try to load profile from 'Cosmetica'.
[2026-09-29 08:47:58] [StellarFox1 <ba0f0db5-7f7a-4608-88b0-bdbeb9bea1de> (TLauncher)/DEBUG] [CustomSkinLoader Core]: Try to request 'https://auth.tlauncher.org/skin/profile/texture/login/StellarFox1'.
[2026-09-29 08:47:58] [StellarFox1 <ba0f0db5-7f7a-4608-88b0-bdbeb9bea1de> (OptiFine)/DEBUG] [CustomSkinLoader Core]: Try to request 'https://optifine.net/capes/StellarFox1.png'.
[2026-09-29 08:47:58] [StellarFox1 <ba0f0db5-7f7a-4608-88b0-bdbeb9bea1de> (GlitchlessGames)/DEBUG] [CustomSkinLoader Core]: Try to request 'https://games.glitchless.ru/api/minecraft/users/profiles/textures/?nickname=StellarFox1'.
[2026-09-29 08:47:58] [StellarFox1 <ba0f0db5-7f7a-4608-88b0-bdbeb9bea1de> (MinecraftCapes)/DEBUG] [CustomSkinLoader Core]: Try to request 'https://api.minecraftcapes.net/profile/ba0f0db57f7a460888b0bdbeb9bea1de'.
[2026-09-29 08:47:58] [StellarFox1 <ba0f0db5-7f7a-4608-88b0-bdbeb9bea1de> (CloakPlus)/DEBUG] [CustomSkinLoader Core]: Try to request 'http://161.35.130.99/capes/StellarFox1.png'.
[2026-09-29 08:47:58] [StellarFox1 <ba0f0db5-7f7a-4608-88b0-bdbeb9bea1de> (Cosmetica)/DEBUG] [CustomSkinLoader Core]: Try to request 'https://api.cosmetica.cc/get/cloak?username=StellarFox1&uuid=ba0f0db5-7f7a-4608-88b0-bdbeb9bea1de&nothirdparty'.
[2026-09-29 08:47:58] [StellarFox1 <ba0f0db5-7f7a-4608-88b0-bdbeb9bea1de> (Cosmetica)/DEBUG] [CustomSkinLoader Core]: Cache file found (Length: 8227 , Path: 'C:\Users\whosh\AppData\Roaming\ModrinthApp\profiles\Create_ Remastered\CustomSkinLoader\caches\09b251b1aa7f6f0a8f7025667d3d754114034bdc' , Expire: 1790908400)
[2026-09-29 08:47:58] [StellarFox1 <ba0f0db5-7f7a-4608-88b0-bdbeb9bea1de> (LittleSkin)/DEBUG] [CustomSkinLoader Core]: Cache file found (Length: 2 , Path: 'C:\Users\whosh\AppData\Roaming\ModrinthApp\profiles\Create_ Remastered\CustomSkinLoader\caches\04a8213060de2342b7b98afd04be478dc22027ee' , Expire: 1790635685)
[2026-09-29 08:47:58] [StellarFox1 <ba0f0db5-7f7a-4608-88b0-bdbeb9bea1de> (LittleSkin)/INFO] [CustomSkinLoader Core]: Try to load from cache 'C:\Users\whosh\AppData\Roaming\ModrinthApp\profiles\Create_ Remastered\CustomSkinLoader\caches\04a8213060de2342b7b98afd04be478dc22027ee'.
[2026-09-29 08:47:58] [StellarFox1 <ba0f0db5-7f7a-4608-88b0-bdbeb9bea1de> (LittleSkin)/DEBUG] [CustomSkinLoader Core]: Successfully load from cache
[2026-09-29 08:47:58] [StellarFox1 <ba0f0db5-7f7a-4608-88b0-bdbeb9bea1de> (LittleSkin)/DEBUG] [CustomSkinLoader Core]: Content: {}
[2026-09-29 08:47:58] [StellarFox1 <ba0f0db5-7f7a-4608-88b0-bdbeb9bea1de> (LittleSkin)/INFO] [CustomSkinLoader Core]: Both skin and cape not found.
[2026-09-29 08:47:58] [StellarFox1 <ba0f0db5-7f7a-4608-88b0-bdbeb9bea1de> (ElyBy)/DEBUG] [CustomSkinLoader Core]: Cache file found (Length: 0 , Path: 'C:\Users\whosh\AppData\Roaming\ModrinthApp\profiles\Create_ Remastered\CustomSkinLoader\caches\3b3cce223716de55b9a17b46caa02a7b87781554' , Expire: 1790639195)
[2026-09-29 08:47:58] [StellarFox1 <ba0f0db5-7f7a-4608-88b0-bdbeb9bea1de> (ElyBy)/INFO] [CustomSkinLoader Core]: Try to load from cache 'C:\Users\whosh\AppData\Roaming\ModrinthApp\profiles\Create_ Remastered\CustomSkinLoader\caches\3b3cce223716de55b9a17b46caa02a7b87781554'.
[2026-09-29 08:47:58] [StellarFox1 <ba0f0db5-7f7a-4608-88b0-bdbeb9bea1de> (ElyBy)/DEBUG] [CustomSkinLoader Core]: Successfully load from cache
[2026-09-29 08:47:58] [StellarFox1 <ba0f0db5-7f7a-4608-88b0-bdbeb9bea1de> (ElyBy)/DEBUG] [CustomSkinLoader Core]: Content: 
[2026-09-29 08:47:58] [StellarFox1 <ba0f0db5-7f7a-4608-88b0-bdbeb9bea1de> (ElyBy)/INFO] [CustomSkinLoader Core]: Profile not found.
[2026-09-29 08:47:58] [StellarFox1 <ba0f0db5-7f7a-4608-88b0-bdbeb9bea1de> (TLauncher)/DEBUG] [CustomSkinLoader Core]: Cache file found (Length: 2 , Path: 'C:\Users\whosh\AppData\Roaming\ModrinthApp\profiles\Create_ Remastered\CustomSkinLoader\caches\dfd943c58c4b794225ac649fbf576e9285c8abee' , Expire: 1790635686)
[2026-09-29 08:47:58] [StellarFox1 <ba0f0db5-7f7a-4608-88b0-bdbeb9bea1de> (TLauncher)/INFO] [CustomSkinLoader Core]: Try to load from cache 'C:\Users\whosh\AppData\Roaming\ModrinthApp\profiles\Create_ Remastered\CustomSkinLoader\caches\dfd943c58c4b794225ac649fbf576e9285c8abee'.
[2026-09-29 08:47:58] [StellarFox1 <ba0f0db5-7f7a-4608-88b0-bdbeb9bea1de> (TLauncher)/DEBUG] [CustomSkinLoader Core]: Successfully load from cache
[2026-09-29 08:47:58] [StellarFox1 <ba0f0db5-7f7a-4608-88b0-bdbeb9bea1de> (TLauncher)/DEBUG] [CustomSkinLoader Core]: Content: {}
[2026-09-29 08:47:58] [StellarFox1 <ba0f0db5-7f7a-4608-88b0-bdbeb9bea1de> (TLauncher)/INFO] [CustomSkinLoader Core]: Both skin and cape not found.
[2026-09-29 08:47:58] [StellarFox1 <ba0f0db5-7f7a-4608-88b0-bdbeb9bea1de> (BlessingSkin)/DEBUG] [CustomSkinLoader Core]: Failed to request (Response Code: 404)
[2026-09-29 08:47:58] [StellarFox1 <ba0f0db5-7f7a-4608-88b0-bdbeb9bea1de> (BlessingSkin)/INFO] [CustomSkinLoader Core]: Profile not found.
[2026-09-29 08:47:58] [StellarFox1 <ba0f0db5-7f7a-4608-88b0-bdbeb9bea1de> (MinecraftCapes)/DEBUG] [CustomSkinLoader Core]: Successfully request (Response Code: 304 , Content Length: -1)
[2026-09-29 08:47:58] [StellarFox1 <ba0f0db5-7f7a-4608-88b0-bdbeb9bea1de> (MinecraftCapes)/DEBUG] [CustomSkinLoader Core]: Cache file found (Length: 241 , Path: 'C:\Users\whosh\AppData\Roaming\ModrinthApp\profiles\Create_ Remastered\CustomSkinLoader\caches\5d3b73e86a212e93c58c98620eab9beba796f59d' , Expire: 0)
[2026-09-29 08:47:58] [StellarFox1 <ba0f0db5-7f7a-4608-88b0-bdbeb9bea1de> (MinecraftCapes)/INFO] [CustomSkinLoader Core]: Try to load from cache 'C:\Users\whosh\AppData\Roaming\ModrinthApp\profiles\Create_ Remastered\CustomSkinLoader\caches\5d3b73e86a212e93c58c98620eab9beba796f59d'.
[2026-09-29 08:47:58] [StellarFox1 <ba0f0db5-7f7a-4608-88b0-bdbeb9bea1de> (MinecraftCapes)/DEBUG] [CustomSkinLoader Core]: Successfully load from cache
[2026-09-29 08:47:58] [StellarFox1 <ba0f0db5-7f7a-4608-88b0-bdbeb9bea1de> (MinecraftCapes)/DEBUG] [CustomSkinLoader Core]: Content: {"animatedCape":false,"capeGlint":false,"upsideDown":false,"animated_cape_url":null,"cape_url":null,"ear_url":null,"textures":{"_IMPORTANT":"We are removing base64 textures, please use the above parameters instead.","cape":null,"ears":null}}
[2026-09-29 08:47:58] [StellarFox1 <ba0f0db5-7f7a-4608-88b0-bdbeb9bea1de> (MinecraftCapes)/INFO] [CustomSkinLoader Core]: Both skin and cape not found.
[2026-09-29 08:47:58] [StellarFox1 <ba0f0db5-7f7a-4608-88b0-bdbeb9bea1de> (CloakPlus)/DEBUG] [CustomSkinLoader Core]: Failed to request (Response Code: 502)
[2026-09-29 08:47:58] [StellarFox1 <ba0f0db5-7f7a-4608-88b0-bdbeb9bea1de> (CloakPlus)/INFO] [CustomSkinLoader Core]: No texture could be found.
[2026-09-29 08:47:58] [StellarFox1 <ba0f0db5-7f7a-4608-88b0-bdbeb9bea1de> (OptiFine)/DEBUG] [CustomSkinLoader Core]: Failed to request (Response Code: 404)
[2026-09-29 08:47:58] [StellarFox1 <ba0f0db5-7f7a-4608-88b0-bdbeb9bea1de> (OptiFine)/INFO] [CustomSkinLoader Core]: No texture could be found.
[2026-09-29 08:47:59] [StellarFox1 <ba0f0db5-7f7a-4608-88b0-bdbeb9bea1de> (Mojang)/DEBUG] [CustomSkinLoader Core]: Successfully request (Response Code: 200 , Content Length: 545)
[2026-09-29 08:47:59] [StellarFox1 <ba0f0db5-7f7a-4608-88b0-bdbeb9bea1de> (Mojang)/DEBUG] [CustomSkinLoader Core]: Saved to cache (Length: 545 , Path: 'C:\Users\whosh\AppData\Roaming\ModrinthApp\profiles\Create_ Remastered\CustomSkinLoader\caches\0d240c790d6b973e6f93d13d4fb7cc13d197a32b' , Expire: 1790635699)
[2026-09-29 08:47:59] [StellarFox1 <ba0f0db5-7f7a-4608-88b0-bdbeb9bea1de> (Mojang)/DEBUG] [CustomSkinLoader Core]: Content: {
  "id" : "ba0f0db57f7a460888b0bdbeb9bea1de",
  "name" : "StellarFox1",
  "properties" : [ {
    "name" : "textures",
    "value" : "ewogICJ0aW1lc3RhbXAiIDogMTc5MDYzNTY3OTg1NSwKICAicHJvZmlsZUlkIiA6ICJiYTBmMGRiNTdmN2E0NjA4ODhiMGJkYmViOWJlYTFkZSIsCiAgInByb2ZpbGVOYW1lIiA6ICJTdGVsbGFyRm94MSIsCiAgInRleHR1cmVzIiA6IHsKICAgICJTS0lOIiA6IHsKICAgICAgInVybCIgOiAiaHR0cDovL3RleHR1cmVzLm1pbmVjcmFmdC5uZXQvdGV4dHVyZS9lYmRmZjBlZjM5NmE1YmJjNWRlOTQyYWJlNWM1NzE4MTU1Y2MzNTBkZDlmNjIyYWExNGIxZGQyM2U1YWM4MmVlIgogICAgfQogIH0KfQ=="
  } ],
  "profileActions" : [ ]
}
[2026-09-29 08:47:59] [StellarFox1 <ba0f0db5-7f7a-4608-88b0-bdbeb9bea1de> (GlitchlessGames)/DEBUG] [CustomSkinLoader Core]: Failed to request (Response Code: 404)
[2026-09-29 08:47:59] [StellarFox1 <ba0f0db5-7f7a-4608-88b0-bdbeb9bea1de> (GlitchlessGames)/INFO] [CustomSkinLoader Core]: Profile not found.
[2026-09-29 08:47:59] [StellarFox1 <ba0f0db5-7f7a-4608-88b0-bdbeb9bea1de>/INFO] [CustomSkinLoader Core]: StellarFox1's profile loaded. (1022ms)
[2026-09-29 08:47:59] [StellarFox1 <ba0f0db5-7f7a-4608-88b0-bdbeb9bea1de>/INFO] [CustomSkinLoader Core]: (SkinUrl: (LOCAL_LEGACY)a4b327b6000da5c89b6ada28a472d9731dfd7499,LocalSkin/skins/StellarFox1.png , Model: auto , CapeUrl: (LEGACY)https://api.cosmetica.cc/get/cloak?username=StellarFox1&uuid=ba0f0db5-7f7a-4608-88b0-bdbeb9bea1de&nothirdparty  , Expiry: 1790635709)
[2026-09-29 08:48:04] [StellarFox1 <ba0f0db5-7f7a-4608-88b0-bdbeb9bea1de>/INFO] [CustomSkinLoader Core]: Loading StellarFox1's profile.
[2026-09-29 08:48:04] [StellarFox1 <ba0f0db5-7f7a-4608-88b0-bdbeb9bea1de>/INFO] [CustomSkinLoader Core]: 1/12 Try to load profile from 'LocalSkin'.
[2026-09-29 08:48:04] [StellarFox1 <ba0f0db5-7f7a-4608-88b0-bdbeb9bea1de>/INFO] [CustomSkinLoader Core]: 2/12 Try to load profile from 'GameProfile'.
[2026-09-29 08:48:04] [StellarFox1 <ba0f0db5-7f7a-4608-88b0-bdbeb9bea1de>/INFO] [CustomSkinLoader Core]: 3/12 Try to load profile from 'Mojang'.
[2026-09-29 08:48:04] [StellarFox1 <ba0f0db5-7f7a-4608-88b0-bdbeb9bea1de>/INFO] [CustomSkinLoader Core]: 4/12 Try to load profile from 'LittleSkin'.
[2026-09-29 08:48:04] [StellarFox1 <ba0f0db5-7f7a-4608-88b0-bdbeb9bea1de>/INFO] [CustomSkinLoader Core]: 5/12 Try to load profile from 'BlessingSkin'.
[2026-09-29 08:48:04] [StellarFox1 <ba0f0db5-7f7a-4608-88b0-bdbeb9bea1de>/INFO] [CustomSkinLoader Core]: 6/12 Try to load profile from 'ElyBy'.
[2026-09-29 08:48:04] [StellarFox1 <ba0f0db5-7f7a-4608-88b0-bdbeb9bea1de>/INFO] [CustomSkinLoader Core]: 7/12 Try to load profile from 'TLauncher'.
[2026-09-29 08:48:04] [StellarFox1 <ba0f0db5-7f7a-4608-88b0-bdbeb9bea1de>/INFO] [CustomSkinLoader Core]: 8/12 Try to load profile from 'GlitchlessGames'.
[2026-09-29 08:48:04] [StellarFox1 <ba0f0db5-7f7a-4608-88b0-bdbeb9bea1de>/INFO] [CustomSkinLoader Core]: 9/12 Try to load profile from 'MinecraftCapes'.
[2026-09-29 08:48:04] [StellarFox1 <ba0f0db5-7f7a-4608-88b0-bdbeb9bea1de>/INFO] [CustomSkinLoader Core]: 10/12 Try to load profile from 'OptiFine'.
[2026-09-29 08:48:04] [StellarFox1 <ba0f0db5-7f7a-4608-88b0-bdbeb9bea1de> (GameProfile)/INFO] [CustomSkinLoader Core]: Default profile will be used.
[2026-09-29 08:48:04] [StellarFox1 <ba0f0db5-7f7a-4608-88b0-bdbeb9bea1de> (LittleSkin)/DEBUG] [CustomSkinLoader Core]: Try to request 'https://littleskin.cn/csl/StellarFox1.json'.
[2026-09-29 08:48:04] [StellarFox1 <ba0f0db5-7f7a-4608-88b0-bdbeb9bea1de>/INFO] [CustomSkinLoader Core]: 11/12 Try to load profile from 'CloakPlus'.
[2026-09-29 08:48:04] [StellarFox1 <ba0f0db5-7f7a-4608-88b0-bdbeb9bea1de> (BlessingSkin)/DEBUG] [CustomSkinLoader Core]: Try to request 'https://skin.prinzeugen.net/StellarFox1.json'.
[2026-09-29 08:48:04] [StellarFox1 <ba0f0db5-7f7a-4608-88b0-bdbeb9bea1de>/INFO] [CustomSkinLoader Core]: 12/12 Try to load profile from 'Cosmetica'.
[2026-09-29 08:48:04] [StellarFox1 <ba0f0db5-7f7a-4608-88b0-bdbeb9bea1de> (Mojang)/DEBUG] [CustomSkinLoader Core]: Try to request 'https://sessionserver.mojang.com/session/minecraft/profile/ba0f0db57f7a460888b0bdbeb9bea1de'.
[2026-09-29 08:48:04] [StellarFox1 <ba0f0db5-7f7a-4608-88b0-bdbeb9bea1de> (ElyBy)/DEBUG] [CustomSkinLoader Core]: Try to request 'http://skinsystem.ely.by/textures/StellarFox1'.
[2026-09-29 08:48:04] [StellarFox1 <ba0f0db5-7f7a-4608-88b0-bdbeb9bea1de> (TLauncher)/DEBUG] [CustomSkinLoader Core]: Try to request 'https://auth.tlauncher.org/skin/profile/texture/login/StellarFox1'.
[2026-09-29 08:48:04] [StellarFox1 <ba0f0db5-7f7a-4608-88b0-bdbeb9bea1de> (TLauncher)/DEBUG] [CustomSkinLoader Core]: Cache file found (Length: 2 , Path: 'C:\Users\whosh\AppData\Roaming\ModrinthApp\profiles\Create_ Remastered\CustomSkinLoader\caches\dfd943c58c4b794225ac649fbf576e9285c8abee' , Expire: 1790635686)
[2026-09-29 08:48:04] [StellarFox1 <ba0f0db5-7f7a-4608-88b0-bdbeb9bea1de> (TLauncher)/INFO] [CustomSkinLoader Core]: Try to load from cache 'C:\Users\whosh\AppData\Roaming\ModrinthApp\profiles\Create_ Remastered\CustomSkinLoader\caches\dfd943c58c4b794225ac649fbf576e9285c8abee'.
[2026-09-29 08:48:04] [StellarFox1 <ba0f0db5-7f7a-4608-88b0-bdbeb9bea1de> (TLauncher)/DEBUG] [CustomSkinLoader Core]: Successfully load from cache
[2026-09-29 08:48:04] [StellarFox1 <ba0f0db5-7f7a-4608-88b0-bdbeb9bea1de> (TLauncher)/DEBUG] [CustomSkinLoader Core]: Content: {}
[2026-09-29 08:48:04] [StellarFox1 <ba0f0db5-7f7a-4608-88b0-bdbeb9bea1de> (ElyBy)/DEBUG] [CustomSkinLoader Core]: Cache file found (Length: 0 , Path: 'C:\Users\whosh\AppData\Roaming\ModrinthApp\profiles\Create_ Remastered\CustomSkinLoader\caches\3b3cce223716de55b9a17b46caa02a7b87781554' , Expire: 1790639195)
[2026-09-29 08:48:04] [StellarFox1 <ba0f0db5-7f7a-4608-88b0-bdbeb9bea1de> (TLauncher)/INFO] [CustomSkinLoader Core]: Both skin and cape not found.
[2026-09-29 08:48:04] [StellarFox1 <ba0f0db5-7f7a-4608-88b0-bdbeb9bea1de> (ElyBy)/INFO] [CustomSkinLoader Core]: Try to load from cache 'C:\Users\whosh\AppData\Roaming\ModrinthApp\profiles\Create_ Remastered\CustomSkinLoader\caches\3b3cce223716de55b9a17b46caa02a7b87781554'.
[2026-09-29 08:48:04] [StellarFox1 <ba0f0db5-7f7a-4608-88b0-bdbeb9bea1de> (ElyBy)/DEBUG] [CustomSkinLoader Core]: Successfully load from cache
[2026-09-29 08:48:04] [StellarFox1 <ba0f0db5-7f7a-4608-88b0-bdbeb9bea1de> (ElyBy)/DEBUG] [CustomSkinLoader Core]: Content: 
[2026-09-29 08:48:04] [StellarFox1 <ba0f0db5-7f7a-4608-88b0-bdbeb9bea1de> (ElyBy)/INFO] [CustomSkinLoader Core]: Profile not found.
[2026-09-29 08:48:04] [StellarFox1 <ba0f0db5-7f7a-4608-88b0-bdbeb9bea1de> (LittleSkin)/DEBUG] [CustomSkinLoader Core]: Cache file found (Length: 2 , Path: 'C:\Users\whosh\AppData\Roaming\ModrinthApp\profiles\Create_ Remastered\CustomSkinLoader\caches\04a8213060de2342b7b98afd04be478dc22027ee' , Expire: 1790635685)
[2026-09-29 08:48:04] [StellarFox1 <ba0f0db5-7f7a-4608-88b0-bdbeb9bea1de> (LittleSkin)/INFO] [CustomSkinLoader Core]: Try to load from cache 'C:\Users\whosh\AppData\Roaming\ModrinthApp\profiles\Create_ Remastered\CustomSkinLoader\caches\04a8213060de2342b7b98afd04be478dc22027ee'.
[2026-09-29 08:48:04] [StellarFox1 <ba0f0db5-7f7a-4608-88b0-bdbeb9bea1de> (LittleSkin)/DEBUG] [CustomSkinLoader Core]: Successfully load from cache
[2026-09-29 08:48:04] [StellarFox1 <ba0f0db5-7f7a-4608-88b0-bdbeb9bea1de> (LittleSkin)/DEBUG] [CustomSkinLoader Core]: Content: {}
[2026-09-29 08:48:04] [StellarFox1 <ba0f0db5-7f7a-4608-88b0-bdbeb9bea1de> (LittleSkin)/INFO] [CustomSkinLoader Core]: Both skin and cape not found.
[2026-09-29 08:48:04] [StellarFox1 <ba0f0db5-7f7a-4608-88b0-bdbeb9bea1de> (GlitchlessGames)/DEBUG] [CustomSkinLoader Core]: Try to request 'https://games.glitchless.ru/api/minecraft/users/profiles/textures/?nickname=StellarFox1'.
[2026-09-29 08:48:04] [StellarFox1 <ba0f0db5-7f7a-4608-88b0-bdbeb9bea1de> (MinecraftCapes)/DEBUG] [CustomSkinLoader Core]: Try to request 'https://api.minecraftcapes.net/profile/ba0f0db57f7a460888b0bdbeb9bea1de'.
[2026-09-29 08:48:04] [StellarFox1 <ba0f0db5-7f7a-4608-88b0-bdbeb9bea1de> (OptiFine)/DEBUG] [CustomSkinLoader Core]: Try to request 'https://optifine.net/capes/StellarFox1.png'.
[2026-09-29 08:48:04] [StellarFox1 <ba0f0db5-7f7a-4608-88b0-bdbeb9bea1de> (CloakPlus)/DEBUG] [CustomSkinLoader Core]: Try to request 'http://161.35.130.99/capes/StellarFox1.png'.
[2026-09-29 08:48:04] [StellarFox1 <ba0f0db5-7f7a-4608-88b0-bdbeb9bea1de> (Cosmetica)/DEBUG] [CustomSkinLoader Core]: Try to request 'https://api.cosmetica.cc/get/cloak?username=StellarFox1&uuid=ba0f0db5-7f7a-4608-88b0-bdbeb9bea1de&nothirdparty'.
[2026-09-29 08:48:04] [StellarFox1 <ba0f0db5-7f7a-4608-88b0-bdbeb9bea1de> (Cosmetica)/DEBUG] [CustomSkinLoader Core]: Cache file found (Length: 8227 , Path: 'C:\Users\whosh\AppData\Roaming\ModrinthApp\profiles\Create_ Remastered\CustomSkinLoader\caches\09b251b1aa7f6f0a8f7025667d3d754114034bdc' , Expire: 1790908400)
[2026-09-29 08:48:04] [StellarFox1 <ba0f0db5-7f7a-4608-88b0-bdbeb9bea1de> (Mojang)/DEBUG] [CustomSkinLoader Core]: Cache file found (Length: 545 , Path: 'C:\Users\whosh\AppData\Roaming\ModrinthApp\profiles\Create_ Remastered\CustomSkinLoader\caches\0d240c790d6b973e6f93d13d4fb7cc13d197a32b' , Expire: 1790635699)
[2026-09-29 08:48:04] [StellarFox1 <ba0f0db5-7f7a-4608-88b0-bdbeb9bea1de> (Mojang)/INFO] [CustomSkinLoader Core]: Try to load from cache 'C:\Users\whosh\AppData\Roaming\ModrinthApp\profiles\Create_ Remastered\CustomSkinLoader\caches\0d240c790d6b973e6f93d13d4fb7cc13d197a32b'.
[2026-09-29 08:48:04] [StellarFox1 <ba0f0db5-7f7a-4608-88b0-bdbeb9bea1de> (Mojang)/DEBUG] [CustomSkinLoader Core]: Successfully load from cache
[2026-09-29 08:48:04] [StellarFox1 <ba0f0db5-7f7a-4608-88b0-bdbeb9bea1de> (Mojang)/DEBUG] [CustomSkinLoader Core]: Content: {
  "id" : "ba0f0db57f7a460888b0bdbeb9bea1de",
  "name" : "StellarFox1",
  "properties" : [ {
    "name" : "textures",
    "value" : "ewogICJ0aW1lc3RhbXAiIDogMTc5MDYzNTY3OTg1NSwKICAicHJvZmlsZUlkIiA6ICJiYTBmMGRiNTdmN2E0NjA4ODhiMGJkYmViOWJlYTFkZSIsCiAgInByb2ZpbGVOYW1lIiA6ICJTdGVsbGFyRm94MSIsCiAgInRleHR1cmVzIiA6IHsKICAgICJTS0lOIiA6IHsKICAgICAgInVybCIgOiAiaHR0cDovL3RleHR1cmVzLm1pbmVjcmFmdC5uZXQvdGV4dHVyZS9lYmRmZjBlZjM5NmE1YmJjNWRlOTQyYWJlNWM1NzE4MTU1Y2MzNTBkZDlmNjIyYWExNGIxZGQyM2U1YWM4MmVlIgogICAgfQogIH0KfQ=="
  } ],
  "profileActions" : [ ]
}
[2026-09-29 08:48:04] [StellarFox1 <ba0f0db5-7f7a-4608-88b0-bdbeb9bea1de> (BlessingSkin)/DEBUG] [CustomSkinLoader Core]: Failed to request (Response Code: 404)
[2026-09-29 08:48:04] [StellarFox1 <ba0f0db5-7f7a-4608-88b0-bdbeb9bea1de> (BlessingSkin)/INFO] [CustomSkinLoader Core]: Profile not found.
[2026-09-29 08:48:04] [StellarFox1 <ba0f0db5-7f7a-4608-88b0-bdbeb9bea1de> (MinecraftCapes)/DEBUG] [CustomSkinLoader Core]: Successfully request (Response Code: 304 , Content Length: -1)
[2026-09-29 08:48:04] [StellarFox1 <ba0f0db5-7f7a-4608-88b0-bdbeb9bea1de> (MinecraftCapes)/DEBUG] [CustomSkinLoader Core]: Cache file found (Length: 241 , Path: 'C:\Users\whosh\AppData\Roaming\ModrinthApp\profiles\Create_ Remastered\CustomSkinLoader\caches\5d3b73e86a212e93c58c98620eab9beba796f59d' , Expire: 0)
[2026-09-29 08:48:04] [StellarFox1 <ba0f0db5-7f7a-4608-88b0-bdbeb9bea1de> (MinecraftCapes)/INFO] [CustomSkinLoader Core]: Try to load from cache 'C:\Users\whosh\AppData\Roaming\ModrinthApp\profiles\Create_ Remastered\CustomSkinLoader\caches\5d3b73e86a212e93c58c98620eab9beba796f59d'.
[2026-09-29 08:48:04] [StellarFox1 <ba0f0db5-7f7a-4608-88b0-bdbeb9bea1de> (MinecraftCapes)/DEBUG] [CustomSkinLoader Core]: Successfully load from cache
[2026-09-29 08:48:04] [StellarFox1 <ba0f0db5-7f7a-4608-88b0-bdbeb9bea1de> (MinecraftCapes)/DEBUG] [CustomSkinLoader Core]: Content: {"animatedCape":false,"capeGlint":false,"upsideDown":false,"animated_cape_url":null,"cape_url":null,"ear_url":null,"textures":{"_IMPORTANT":"We are removing base64 textures, please use the above parameters instead.","cape":null,"ears":null}}
[2026-09-29 08:48:04] [StellarFox1 <ba0f0db5-7f7a-4608-88b0-bdbeb9bea1de> (MinecraftCapes)/INFO] [CustomSkinLoader Core]: Both skin and cape not found.
[2026-09-29 08:48:04] [StellarFox1 <ba0f0db5-7f7a-4608-88b0-bdbeb9bea1de> (CloakPlus)/DEBUG] [CustomSkinLoader Core]: Failed to request (Response Code: 502)
[2026-09-29 08:48:04] [StellarFox1 <ba0f0db5-7f7a-4608-88b0-bdbeb9bea1de> (CloakPlus)/INFO] [CustomSkinLoader Core]: No texture could be found.
[2026-09-29 08:48:05] [StellarFox1 <ba0f0db5-7f7a-4608-88b0-bdbeb9bea1de> (OptiFine)/DEBUG] [CustomSkinLoader Core]: Failed to request (Response Code: 404)
[2026-09-29 08:48:05] [StellarFox1 <ba0f0db5-7f7a-4608-88b0-bdbeb9bea1de> (OptiFine)/INFO] [CustomSkinLoader Core]: No texture could be found.
[2026-09-29 08:48:05] [StellarFox1 <ba0f0db5-7f7a-4608-88b0-bdbeb9bea1de> (GlitchlessGames)/DEBUG] [CustomSkinLoader Core]: Failed to request (Response Code: 404)
[2026-09-29 08:48:05] [StellarFox1 <ba0f0db5-7f7a-4608-88b0-bdbeb9bea1de> (GlitchlessGames)/INFO] [CustomSkinLoader Core]: Profile not found.
[2026-09-29 08:48:05] [StellarFox1 <ba0f0db5-7f7a-4608-88b0-bdbeb9bea1de>/INFO] [CustomSkinLoader Core]: StellarFox1's profile loaded. (999ms)
[2026-09-29 08:48:05] [StellarFox1 <ba0f0db5-7f7a-4608-88b0-bdbeb9bea1de>/INFO] [CustomSkinLoader Core]: (SkinUrl: (LOCAL_LEGACY)a4b327b6000da5c89b6ada28a472d9731dfd7499,LocalSkin/skins/StellarFox1.png , Model: auto , CapeUrl: (LEGACY)https://api.cosmetica.cc/get/cloak?username=StellarFox1&uuid=ba0f0db5-7f7a-4608-88b0-bdbeb9bea1de&nothirdparty  , Expiry: 1790635715)
[2026-09-29 08:50:14] [magmagamer9 <d92b4a5c-6d0e-4fa9-8b35-6419a9feaf0c>/INFO] [CustomSkinLoader Core]: Loading magmagamer9's profile.
[2026-09-29 08:50:14] [magmagamer9 <d92b4a5c-6d0e-4fa9-8b35-6419a9feaf0c>/INFO] [CustomSkinLoader Core]: 1/12 Try to load profile from 'LocalSkin'.
[2026-09-29 08:50:14] [magmagamer9 <d92b4a5c-6d0e-4fa9-8b35-6419a9feaf0c>/INFO] [CustomSkinLoader Core]: 2/12 Try to load profile from 'GameProfile'.
[2026-09-29 08:50:14] [magmagamer9 <d92b4a5c-6d0e-4fa9-8b35-6419a9feaf0c>/INFO] [CustomSkinLoader Core]: 3/12 Try to load profile from 'Mojang'.
[2026-09-29 08:50:14] [magmagamer9 <d92b4a5c-6d0e-4fa9-8b35-6419a9feaf0c>/INFO] [CustomSkinLoader Core]: 4/12 Try to load profile from 'LittleSkin'.
[2026-09-29 08:50:14] [magmagamer9 <d92b4a5c-6d0e-4fa9-8b35-6419a9feaf0c>/INFO] [CustomSkinLoader Core]: 5/12 Try to load profile from 'BlessingSkin'.
[2026-09-29 08:50:14] [magmagamer9 <d92b4a5c-6d0e-4fa9-8b35-6419a9feaf0c>/INFO] [CustomSkinLoader Core]: 6/12 Try to load profile from 'ElyBy'.
[2026-09-29 08:50:14] [magmagamer9 <d92b4a5c-6d0e-4fa9-8b35-6419a9feaf0c> (LocalSkin)/INFO] [CustomSkinLoader Core]: No texture could be found.
[2026-09-29 08:50:14] [magmagamer9 <d92b4a5c-6d0e-4fa9-8b35-6419a9feaf0c> (GameProfile)/INFO] [CustomSkinLoader Core]: Default profile will be used.
[2026-09-29 08:50:14] [magmagamer9 <d92b4a5c-6d0e-4fa9-8b35-6419a9feaf0c> (Mojang)/DEBUG] [CustomSkinLoader Core]: Try to request 'https://api.mojang.com/profiles/minecraft'.
[2026-09-29 08:50:14] [magmagamer9 <d92b4a5c-6d0e-4fa9-8b35-6419a9feaf0c>/INFO] [CustomSkinLoader Core]: 7/12 Try to load profile from 'TLauncher'.
[2026-09-29 08:50:14] [magmagamer9 <d92b4a5c-6d0e-4fa9-8b35-6419a9feaf0c> (Mojang)/INFO] [CustomSkinLoader Core]: Payload: ["magmagamer9"]
[2026-09-29 08:50:14] [magmagamer9 <d92b4a5c-6d0e-4fa9-8b35-6419a9feaf0c> (BlessingSkin)/DEBUG] [CustomSkinLoader Core]: Try to request 'https://skin.prinzeugen.net/magmagamer9.json'.
[2026-09-29 08:50:14] [magmagamer9 <d92b4a5c-6d0e-4fa9-8b35-6419a9feaf0c> (LittleSkin)/DEBUG] [CustomSkinLoader Core]: Try to request 'https://littleskin.cn/csl/magmagamer9.json'.
[2026-09-29 08:50:14] [magmagamer9 <d92b4a5c-6d0e-4fa9-8b35-6419a9feaf0c> (ElyBy)/DEBUG] [CustomSkinLoader Core]: Try to request 'http://skinsystem.ely.by/textures/magmagamer9'.
[2026-09-29 08:50:14] [magmagamer9 <d92b4a5c-6d0e-4fa9-8b35-6419a9feaf0c>/INFO] [CustomSkinLoader Core]: 8/12 Try to load profile from 'GlitchlessGames'.
[2026-09-29 08:50:14] [magmagamer9 <d92b4a5c-6d0e-4fa9-8b35-6419a9feaf0c>/INFO] [CustomSkinLoader Core]: 9/12 Try to load profile from 'MinecraftCapes'.
[2026-09-29 08:50:14] [magmagamer9 <d92b4a5c-6d0e-4fa9-8b35-6419a9feaf0c> (TLauncher)/DEBUG] [CustomSkinLoader Core]: Try to request 'https://auth.tlauncher.org/skin/profile/texture/login/magmagamer9'.
[2026-09-29 08:50:14] [magmagamer9 <d92b4a5c-6d0e-4fa9-8b35-6419a9feaf0c>/INFO] [CustomSkinLoader Core]: 10/12 Try to load profile from 'OptiFine'.
[2026-09-29 08:50:14] [magmagamer9 <d92b4a5c-6d0e-4fa9-8b35-6419a9feaf0c>/INFO] [CustomSkinLoader Core]: 11/12 Try to load profile from 'CloakPlus'.
[2026-09-29 08:50:14] [magmagamer9 <d92b4a5c-6d0e-4fa9-8b35-6419a9feaf0c>/INFO] [CustomSkinLoader Core]: 12/12 Try to load profile from 'Cosmetica'.
[2026-09-29 08:50:14] [magmagamer9 <d92b4a5c-6d0e-4fa9-8b35-6419a9feaf0c> (GlitchlessGames)/DEBUG] [CustomSkinLoader Core]: Try to request 'https://games.glitchless.ru/api/minecraft/users/profiles/textures/?nickname=magmagamer9'.
[2026-09-29 08:50:14] [magmagamer9 <d92b4a5c-6d0e-4fa9-8b35-6419a9feaf0c>/INFO] [CustomSkinLoader Core]: magmagamer9's profile loaded. (7ms)
[2026-09-29 08:50:14] [magmagamer9 <d92b4a5c-6d0e-4fa9-8b35-6419a9feaf0c>/INFO] [CustomSkinLoader Core]: (SkinUrl: http://textures.minecraft.net/texture/95bb6149813814c549124fbe22f655d91daa2154ee9f0bca98b6f72f60ba176 , Model: default , CapeUrl: http://textures.minecraft.net/texture/5e6f3193e74cd16cdd6637d9bae5484e3a37ff2a14c2d157c659a07810b1bdca  , Expiry: 1790635844)
[2026-09-29 08:50:14] [magmagamer9 <d92b4a5c-6d0e-4fa9-8b35-6419a9feaf0c> (OptiFine)/DEBUG] [CustomSkinLoader Core]: Try to request 'https://optifine.net/capes/magmagamer9.png'.
[2026-09-29 08:50:14] [magmagamer9 <d92b4a5c-6d0e-4fa9-8b35-6419a9feaf0c> (CloakPlus)/DEBUG] [CustomSkinLoader Core]: Try to request 'http://161.35.130.99/capes/magmagamer9.png'.
[2026-09-29 08:50:14] [magmagamer9 <d92b4a5c-6d0e-4fa9-8b35-6419a9feaf0c> (BlessingSkin)/DEBUG] [CustomSkinLoader Core]: Failed to request (Response Code: 404)
[2026-09-29 08:50:14] [magmagamer9 <d92b4a5c-6d0e-4fa9-8b35-6419a9feaf0c> (BlessingSkin)/INFO] [CustomSkinLoader Core]: Profile not found.
[2026-09-29 08:50:15] [magmagamer9 <d92b4a5c-6d0e-4fa9-8b35-6419a9feaf0c> (CloakPlus)/DEBUG] [CustomSkinLoader Core]: Failed to request (Response Code: 502)
[2026-09-29 08:50:15] [magmagamer9 <d92b4a5c-6d0e-4fa9-8b35-6419a9feaf0c> (CloakPlus)/INFO] [CustomSkinLoader Core]: No texture could be found.
[2026-09-29 08:50:15] [magmagamer9 <d92b4a5c-6d0e-4fa9-8b35-6419a9feaf0c> (OptiFine)/DEBUG] [CustomSkinLoader Core]: Failed to request (Response Code: 404)
[2026-09-29 08:50:15] [magmagamer9 <d92b4a5c-6d0e-4fa9-8b35-6419a9feaf0c> (OptiFine)/INFO] [CustomSkinLoader Core]: No texture could be found.
[2026-09-29 08:50:15] [magmagamer9 <d92b4a5c-6d0e-4fa9-8b35-6419a9feaf0c> (ElyBy)/DEBUG] [CustomSkinLoader Core]: Successfully request (Response Code: 204 , Content Length: -1)
[2026-09-29 08:50:15] [magmagamer9 <d92b4a5c-6d0e-4fa9-8b35-6419a9feaf0c> (ElyBy)/DEBUG] [CustomSkinLoader Core]: Saved to cache (Length: 0 , Path: 'C:\Users\whosh\AppData\Roaming\ModrinthApp\profiles\Create_ Remastered\CustomSkinLoader\caches\cc20d392f2aee632055806c65fe5b300715c9d4a' , Expire: 1790639420)
[2026-09-29 08:50:15] [magmagamer9 <d92b4a5c-6d0e-4fa9-8b35-6419a9feaf0c> (ElyBy)/DEBUG] [CustomSkinLoader Core]: Content: 
[2026-09-29 08:50:15] [magmagamer9 <d92b4a5c-6d0e-4fa9-8b35-6419a9feaf0c> (ElyBy)/INFO] [CustomSkinLoader Core]: Profile not found.
[2026-09-29 08:50:15] [magmagamer9 <d92b4a5c-6d0e-4fa9-8b35-6419a9feaf0c> (Mojang)/DEBUG] [CustomSkinLoader Core]: Successfully request (Response Code: 200 , Content Length: 77)
[2026-09-29 08:50:15] [magmagamer9 <d92b4a5c-6d0e-4fa9-8b35-6419a9feaf0c> (Mojang)/DEBUG] [CustomSkinLoader Core]: Content: [ {
  "id" : "d92b4a5c6d0e4fa98b356419a9feaf0c",
  "name" : "magmagamer9"
} ]
[2026-09-29 08:50:15] [magmagamer9 <d92b4a5c-6d0e-4fa9-8b35-6419a9feaf0c> (Mojang)/DEBUG] [CustomSkinLoader Core]: Try to request 'https://sessionserver.mojang.com/session/minecraft/profile/d92b4a5c6d0e4fa98b356419a9feaf0c'.
[2026-09-29 08:50:15] [magmagamer9 <d92b4a5c-6d0e-4fa9-8b35-6419a9feaf0c> (MinecraftCapes)/DEBUG] [CustomSkinLoader Core]: Try to request 'https://api.minecraftcapes.net/profile/d92b4a5c6d0e4fa98b356419a9feaf0c'.
[2026-09-29 08:50:15] [magmagamer9 <d92b4a5c-6d0e-4fa9-8b35-6419a9feaf0c> (Cosmetica)/DEBUG] [CustomSkinLoader Core]: Try to request 'https://api.cosmetica.cc/get/cloak?username=magmagamer9&uuid=d92b4a5c-6d0e-4fa9-8b35-6419a9feaf0c&nothirdparty'.
[2026-09-29 08:50:15] [magmagamer9 <d92b4a5c-6d0e-4fa9-8b35-6419a9feaf0c> (LittleSkin)/DEBUG] [CustomSkinLoader Core]: Successfully request (Response Code: 200 , Content Length: 2)
[2026-09-29 08:50:15] [magmagamer9 <d92b4a5c-6d0e-4fa9-8b35-6419a9feaf0c> (LittleSkin)/DEBUG] [CustomSkinLoader Core]: Saved to cache (Length: 2 , Path: 'C:\Users\whosh\AppData\Roaming\ModrinthApp\profiles\Create_ Remastered\CustomSkinLoader\caches\9dfbfc8a294a1d0c1b35f099eb6528de67f0d609' , Expire: 1790635907)
[2026-09-29 08:50:15] [magmagamer9 <d92b4a5c-6d0e-4fa9-8b35-6419a9feaf0c> (LittleSkin)/DEBUG] [CustomSkinLoader Core]: Content: {}
[2026-09-29 08:50:15] [magmagamer9 <d92b4a5c-6d0e-4fa9-8b35-6419a9feaf0c> (LittleSkin)/INFO] [CustomSkinLoader Core]: Both skin and cape not found.
[2026-09-29 08:50:15] [magmagamer9 <d92b4a5c-6d0e-4fa9-8b35-6419a9feaf0c> (Cosmetica)/DEBUG] [CustomSkinLoader Core]: Cache file found (Length: 8227 , Path: 'C:\Users\whosh\AppData\Roaming\ModrinthApp\profiles\Create_ Remastered\CustomSkinLoader\caches\884819761c45987eb2bf01fecf12e475dbe73d15' , Expire: 1790909856)
[2026-09-29 08:50:15] [magmagamer9 <d92b4a5c-6d0e-4fa9-8b35-6419a9feaf0c> (GlitchlessGames)/DEBUG] [CustomSkinLoader Core]: Failed to request (Response Code: 404)
[2026-09-29 08:50:15] [magmagamer9 <d92b4a5c-6d0e-4fa9-8b35-6419a9feaf0c> (GlitchlessGames)/INFO] [CustomSkinLoader Core]: Profile not found.
[2026-09-29 08:50:15] [magmagamer9 <d92b4a5c-6d0e-4fa9-8b35-6419a9feaf0c> (MinecraftCapes)/DEBUG] [CustomSkinLoader Core]: Successfully request (Response Code: 304 , Content Length: -1)
[2026-09-29 08:50:15] [magmagamer9 <d92b4a5c-6d0e-4fa9-8b35-6419a9feaf0c> (MinecraftCapes)/DEBUG] [CustomSkinLoader Core]: Cache file found (Length: 241 , Path: 'C:\Users\whosh\AppData\Roaming\ModrinthApp\profiles\Create_ Remastered\CustomSkinLoader\caches\d1948ecd146d046c092f12d62fcfa2d603a5d698' , Expire: 0)
[2026-09-29 08:50:15] [magmagamer9 <d92b4a5c-6d0e-4fa9-8b35-6419a9feaf0c> (MinecraftCapes)/INFO] [CustomSkinLoader Core]: Try to load from cache 'C:\Users\whosh\AppData\Roaming\ModrinthApp\profiles\Create_ Remastered\CustomSkinLoader\caches\d1948ecd146d046c092f12d62fcfa2d603a5d698'.
[2026-09-29 08:50:15] [magmagamer9 <d92b4a5c-6d0e-4fa9-8b35-6419a9feaf0c> (MinecraftCapes)/DEBUG] [CustomSkinLoader Core]: Successfully load from cache
[2026-09-29 08:50:15] [magmagamer9 <d92b4a5c-6d0e-4fa9-8b35-6419a9feaf0c> (MinecraftCapes)/DEBUG] [CustomSkinLoader Core]: Content: {"animatedCape":false,"capeGlint":false,"upsideDown":false,"animated_cape_url":null,"cape_url":null,"ear_url":null,"textures":{"_IMPORTANT":"We are removing base64 textures, please use the above parameters instead.","cape":null,"ears":null}}
[2026-09-29 08:50:15] [magmagamer9 <d92b4a5c-6d0e-4fa9-8b35-6419a9feaf0c> (MinecraftCapes)/INFO] [CustomSkinLoader Core]: Both skin and cape not found.
[2026-09-29 08:50:16] [magmagamer9 <d92b4a5c-6d0e-4fa9-8b35-6419a9feaf0c> (TLauncher)/DEBUG] [CustomSkinLoader Core]: Successfully request (Response Code: 200 , Content Length: -1)
[2026-09-29 08:50:16] [magmagamer9 <d92b4a5c-6d0e-4fa9-8b35-6419a9feaf0c> (TLauncher)/DEBUG] [CustomSkinLoader Core]: Saved to cache (Length: 240 , Path: 'C:\Users\whosh\AppData\Roaming\ModrinthApp\profiles\Create_ Remastered\CustomSkinLoader\caches\e06e5237920480b18945cd461b08afac3c29d37e' , Expire: 1790635911)
[2026-09-29 08:50:16] [magmagamer9 <d92b4a5c-6d0e-4fa9-8b35-6419a9feaf0c> (TLauncher)/DEBUG] [CustomSkinLoader Core]: Content: {"SKIN":{"url":"http://textures.minecraft.net/texture/95bb6149813814c549124fbe22f655d91daa2154ee9f0bca98b6f72f60ba176"},"CAPE":{"url":"http://textures.minecraft.net/texture/5e6f3193e74cd16cdd6637d9bae5484e3a37ff2a14c2d157c659a07810b1bdca"}}
[2026-09-29 08:50:16] [magmagamer9 <d92b4a5c-6d0e-4fa9-8b35-6419a9feaf0c> (Mojang)/DEBUG] [CustomSkinLoader Core]: Successfully request (Response Code: 200 , Content Length: 729)
[2026-09-29 08:50:16] [magmagamer9 <d92b4a5c-6d0e-4fa9-8b35-6419a9feaf0c> (Mojang)/DEBUG] [CustomSkinLoader Core]: Saved to cache (Length: 729 , Path: 'C:\Users\whosh\AppData\Roaming\ModrinthApp\profiles\Create_ Remastered\CustomSkinLoader\caches\e14b8db6cc34927fb882fef83b571f320c01dc53' , Expire: 1790635836)
[2026-09-29 08:50:16] [magmagamer9 <d92b4a5c-6d0e-4fa9-8b35-6419a9feaf0c> (Mojang)/DEBUG] [CustomSkinLoader Core]: Content: {
  "id" : "d92b4a5c6d0e4fa98b356419a9feaf0c",
  "name" : "magmagamer9",
  "properties" : [ {
    "name" : "textures",
    "value" : "ewogICJ0aW1lc3RhbXAiIDogMTc5MDYzNTgxNzI4MCwKICAicHJvZmlsZUlkIiA6ICJkOTJiNGE1YzZkMGU0ZmE5OGIzNTY0MTlhOWZlYWYwYyIsCiAgInByb2ZpbGVOYW1lIiA6ICJtYWdtYWdhbWVyOSIsCiAgInRleHR1cmVzIiA6IHsKICAgICJTS0lOIiA6IHsKICAgICAgInVybCIgOiAiaHR0cDovL3RleHR1cmVzLm1pbmVjcmFmdC5uZXQvdGV4dHVyZS85NWJiNjE0OTgxMzgxNGM1NDkxMjRmYmUyMmY2NTVkOTFkYWEyMTU0ZWU5ZjBiY2E5OGI2ZjcyZjYwYmExNzYiCiAgICB9LAogICAgIkNBUEUiIDogewogICAgICAidXJsIiA6ICJodHRwOi8vdGV4dHVyZXMubWluZWNyYWZ0Lm5ldC90ZXh0dXJlLzVlNmYzMTkzZTc0Y2QxNmNkZDY2MzdkOWJhZTU0ODRlM2EzN2ZmMmExNGMyZDE1N2M2NTlhMDc4MTBiMWJkY2EiCiAgICB9CiAgfQp9"
  } ],
  "profileActions" : [ ]
}
[2026-09-29 08:50:18] [StellarFox1 <ba0f0db5-7f7a-4608-88b0-bdbeb9bea1de>/INFO] [CustomSkinLoader Core]: Loading StellarFox1's profile.
[2026-09-29 08:50:18] [StellarFox1 <ba0f0db5-7f7a-4608-88b0-bdbeb9bea1de>/INFO] [CustomSkinLoader Core]: 1/12 Try to load profile from 'LocalSkin'.
[2026-09-29 08:50:18] [StellarFox1 <ba0f0db5-7f7a-4608-88b0-bdbeb9bea1de>/INFO] [CustomSkinLoader Core]: 2/12 Try to load profile from 'GameProfile'.
[2026-09-29 08:50:18] [StellarFox1 <ba0f0db5-7f7a-4608-88b0-bdbeb9bea1de>/INFO] [CustomSkinLoader Core]: 3/12 Try to load profile from 'Mojang'.
[2026-09-29 08:50:18] [StellarFox1 <ba0f0db5-7f7a-4608-88b0-bdbeb9bea1de>/INFO] [CustomSkinLoader Core]: 4/12 Try to load profile from 'LittleSkin'.
[2026-09-29 08:50:18] [StellarFox1 <ba0f0db5-7f7a-4608-88b0-bdbeb9bea1de>/INFO] [CustomSkinLoader Core]: 5/12 Try to load profile from 'BlessingSkin'.
[2026-09-29 08:50:18] [StellarFox1 <ba0f0db5-7f7a-4608-88b0-bdbeb9bea1de>/INFO] [CustomSkinLoader Core]: 6/12 Try to load profile from 'ElyBy'.
[2026-09-29 08:50:18] [StellarFox1 <ba0f0db5-7f7a-4608-88b0-bdbeb9bea1de>/INFO] [CustomSkinLoader Core]: 7/12 Try to load profile from 'TLauncher'.
[2026-09-29 08:50:18] [StellarFox1 <ba0f0db5-7f7a-4608-88b0-bdbeb9bea1de>/INFO] [CustomSkinLoader Core]: 8/12 Try to load profile from 'GlitchlessGames'.
[2026-09-29 08:50:18] [StellarFox1 <ba0f0db5-7f7a-4608-88b0-bdbeb9bea1de>/INFO] [CustomSkinLoader Core]: 9/12 Try to load profile from 'MinecraftCapes'.
[2026-09-29 08:50:18] [StellarFox1 <ba0f0db5-7f7a-4608-88b0-bdbeb9bea1de>/INFO] [CustomSkinLoader Core]: 10/12 Try to load profile from 'OptiFine'.
[2026-09-29 08:50:18] [StellarFox1 <ba0f0db5-7f7a-4608-88b0-bdbeb9bea1de>/INFO] [CustomSkinLoader Core]: 11/12 Try to load profile from 'CloakPlus'.
[2026-09-29 08:50:18] [StellarFox1 <ba0f0db5-7f7a-4608-88b0-bdbeb9bea1de> (LittleSkin)/DEBUG] [CustomSkinLoader Core]: Try to request 'https://littleskin.cn/csl/StellarFox1.json'.
[2026-09-29 08:50:18] [StellarFox1 <ba0f0db5-7f7a-4608-88b0-bdbeb9bea1de> (GameProfile)/INFO] [CustomSkinLoader Core]: Default profile will be used.
[2026-09-29 08:50:18] [StellarFox1 <ba0f0db5-7f7a-4608-88b0-bdbeb9bea1de> (Mojang)/DEBUG] [CustomSkinLoader Core]: Try to request 'https://sessionserver.mojang.com/session/minecraft/profile/ba0f0db57f7a460888b0bdbeb9bea1de'.
[2026-09-29 08:50:18] [StellarFox1 <ba0f0db5-7f7a-4608-88b0-bdbeb9bea1de>/INFO] [CustomSkinLoader Core]: 12/12 Try to load profile from 'Cosmetica'.
[2026-09-29 08:50:18] [StellarFox1 <ba0f0db5-7f7a-4608-88b0-bdbeb9bea1de> (BlessingSkin)/DEBUG] [CustomSkinLoader Core]: Try to request 'https://skin.prinzeugen.net/StellarFox1.json'.
[2026-09-29 08:50:18] [StellarFox1 <ba0f0db5-7f7a-4608-88b0-bdbeb9bea1de> (Cosmetica)/DEBUG] [CustomSkinLoader Core]: Try to request 'https://api.cosmetica.cc/get/cloak?username=StellarFox1&uuid=ba0f0db5-7f7a-4608-88b0-bdbeb9bea1de&nothirdparty'.
[2026-09-29 08:50:18] [StellarFox1 <ba0f0db5-7f7a-4608-88b0-bdbeb9bea1de> (Cosmetica)/DEBUG] [CustomSkinLoader Core]: Cache file found (Length: 8227 , Path: 'C:\Users\whosh\AppData\Roaming\ModrinthApp\profiles\Create_ Remastered\CustomSkinLoader\caches\09b251b1aa7f6f0a8f7025667d3d754114034bdc' , Expire: 1790908400)
[2026-09-29 08:50:19] [StellarFox1 <ba0f0db5-7f7a-4608-88b0-bdbeb9bea1de> (BlessingSkin)/DEBUG] [CustomSkinLoader Core]: Failed to request (Response Code: 404)
[2026-09-29 08:50:19] [StellarFox1 <ba0f0db5-7f7a-4608-88b0-bdbeb9bea1de> (BlessingSkin)/INFO] [CustomSkinLoader Core]: Profile not found.
[2026-09-29 08:50:19] [StellarFox1 <ba0f0db5-7f7a-4608-88b0-bdbeb9bea1de> (MinecraftCapes)/DEBUG] [CustomSkinLoader Core]: Try to request 'https://api.minecraftcapes.net/profile/ba0f0db57f7a460888b0bdbeb9bea1de'.
[2026-09-29 08:50:19] [StellarFox1 <ba0f0db5-7f7a-4608-88b0-bdbeb9bea1de> (GlitchlessGames)/DEBUG] [CustomSkinLoader Core]: Try to request 'https://games.glitchless.ru/api/minecraft/users/profiles/textures/?nickname=StellarFox1'.
[2026-09-29 08:50:19] [StellarFox1 <ba0f0db5-7f7a-4608-88b0-bdbeb9bea1de> (OptiFine)/DEBUG] [CustomSkinLoader Core]: Try to request 'https://optifine.net/capes/StellarFox1.png'.
[2026-09-29 08:50:19] [StellarFox1 <ba0f0db5-7f7a-4608-88b0-bdbeb9bea1de> (TLauncher)/DEBUG] [CustomSkinLoader Core]: Try to request 'https://auth.tlauncher.org/skin/profile/texture/login/StellarFox1'.
[2026-09-29 08:50:19] [StellarFox1 <ba0f0db5-7f7a-4608-88b0-bdbeb9bea1de> (ElyBy)/DEBUG] [CustomSkinLoader Core]: Try to request 'http://skinsystem.ely.by/textures/StellarFox1'.
[2026-09-29 08:50:19] [StellarFox1 <ba0f0db5-7f7a-4608-88b0-bdbeb9bea1de> (ElyBy)/DEBUG] [CustomSkinLoader Core]: Cache file found (Length: 0 , Path: 'C:\Users\whosh\AppData\Roaming\ModrinthApp\profiles\Create_ Remastered\CustomSkinLoader\caches\3b3cce223716de55b9a17b46caa02a7b87781554' , Expire: 1790639195)
[2026-09-29 08:50:19] [StellarFox1 <ba0f0db5-7f7a-4608-88b0-bdbeb9bea1de> (ElyBy)/INFO] [CustomSkinLoader Core]: Try to load from cache 'C:\Users\whosh\AppData\Roaming\ModrinthApp\profiles\Create_ Remastered\CustomSkinLoader\caches\3b3cce223716de55b9a17b46caa02a7b87781554'.
[2026-09-29 08:50:19] [StellarFox1 <ba0f0db5-7f7a-4608-88b0-bdbeb9bea1de> (ElyBy)/DEBUG] [CustomSkinLoader Core]: Successfully load from cache
[2026-09-29 08:50:19] [StellarFox1 <ba0f0db5-7f7a-4608-88b0-bdbeb9bea1de> (ElyBy)/DEBUG] [CustomSkinLoader Core]: Content: 
[2026-09-29 08:50:19] [StellarFox1 <ba0f0db5-7f7a-4608-88b0-bdbeb9bea1de> (ElyBy)/INFO] [CustomSkinLoader Core]: Profile not found.
[2026-09-29 08:50:19] [StellarFox1 <ba0f0db5-7f7a-4608-88b0-bdbeb9bea1de> (MinecraftCapes)/DEBUG] [CustomSkinLoader Core]: Successfully request (Response Code: 304 , Content Length: -1)
[2026-09-29 08:50:19] [StellarFox1 <ba0f0db5-7f7a-4608-88b0-bdbeb9bea1de> (MinecraftCapes)/DEBUG] [CustomSkinLoader Core]: Cache file found (Length: 241 , Path: 'C:\Users\whosh\AppData\Roaming\ModrinthApp\profiles\Create_ Remastered\CustomSkinLoader\caches\5d3b73e86a212e93c58c98620eab9beba796f59d' , Expire: 0)
[2026-09-29 08:50:19] [StellarFox1 <ba0f0db5-7f7a-4608-88b0-bdbeb9bea1de> (MinecraftCapes)/INFO] [CustomSkinLoader Core]: Try to load from cache 'C:\Users\whosh\AppData\Roaming\ModrinthApp\profiles\Create_ Remastered\CustomSkinLoader\caches\5d3b73e86a212e93c58c98620eab9beba796f59d'.
[2026-09-29 08:50:19] [StellarFox1 <ba0f0db5-7f7a-4608-88b0-bdbeb9bea1de> (MinecraftCapes)/DEBUG] [CustomSkinLoader Core]: Successfully load from cache
[2026-09-29 08:50:19] [StellarFox1 <ba0f0db5-7f7a-4608-88b0-bdbeb9bea1de> (MinecraftCapes)/DEBUG] [CustomSkinLoader Core]: Content: {"animatedCape":false,"capeGlint":false,"upsideDown":false,"animated_cape_url":null,"cape_url":null,"ear_url":null,"textures":{"_IMPORTANT":"We are removing base64 textures, please use the above parameters instead.","cape":null,"ears":null}}
[2026-09-29 08:50:19] [StellarFox1 <ba0f0db5-7f7a-4608-88b0-bdbeb9bea1de> (MinecraftCapes)/INFO] [CustomSkinLoader Core]: Both skin and cape not found.
[2026-09-29 08:50:19] [StellarFox1 <ba0f0db5-7f7a-4608-88b0-bdbeb9bea1de> (CloakPlus)/DEBUG] [CustomSkinLoader Core]: Try to request 'http://161.35.130.99/capes/StellarFox1.png'.
[2026-09-29 08:50:19] [StellarFox1 <ba0f0db5-7f7a-4608-88b0-bdbeb9bea1de> (LittleSkin)/DEBUG] [CustomSkinLoader Core]: Successfully request (Response Code: 200 , Content Length: 2)
[2026-09-29 08:50:19] [StellarFox1 <ba0f0db5-7f7a-4608-88b0-bdbeb9bea1de> (LittleSkin)/DEBUG] [CustomSkinLoader Core]: Saved to cache (Length: 2 , Path: 'C:\Users\whosh\AppData\Roaming\ModrinthApp\profiles\Create_ Remastered\CustomSkinLoader\caches\04a8213060de2342b7b98afd04be478dc22027ee' , Expire: 1790635914)
[2026-09-29 08:50:19] [StellarFox1 <ba0f0db5-7f7a-4608-88b0-bdbeb9bea1de> (LittleSkin)/DEBUG] [CustomSkinLoader Core]: Content: {}
[2026-09-29 08:50:19] [StellarFox1 <ba0f0db5-7f7a-4608-88b0-bdbeb9bea1de> (LittleSkin)/INFO] [CustomSkinLoader Core]: Both skin and cape not found.
[2026-09-29 08:50:19] [StellarFox1 <ba0f0db5-7f7a-4608-88b0-bdbeb9bea1de> (OptiFine)/DEBUG] [CustomSkinLoader Core]: Failed to request (Response Code: 404)
[2026-09-29 08:50:19] [StellarFox1 <ba0f0db5-7f7a-4608-88b0-bdbeb9bea1de> (OptiFine)/INFO] [CustomSkinLoader Core]: No texture could be found.
[2026-09-29 08:50:19] [StellarFox1 <ba0f0db5-7f7a-4608-88b0-bdbeb9bea1de> (CloakPlus)/DEBUG] [CustomSkinLoader Core]: Failed to request (Response Code: 502)
[2026-09-29 08:50:19] [StellarFox1 <ba0f0db5-7f7a-4608-88b0-bdbeb9bea1de> (CloakPlus)/INFO] [CustomSkinLoader Core]: No texture could be found.
[2026-09-29 08:50:19] [StellarFox1 <ba0f0db5-7f7a-4608-88b0-bdbeb9bea1de> (TLauncher)/DEBUG] [CustomSkinLoader Core]: Successfully request (Response Code: 200 , Content Length: -1)
[2026-09-29 08:50:19] [StellarFox1 <ba0f0db5-7f7a-4608-88b0-bdbeb9bea1de> (TLauncher)/DEBUG] [CustomSkinLoader Core]: Saved to cache (Length: 2 , Path: 'C:\Users\whosh\AppData\Roaming\ModrinthApp\profiles\Create_ Remastered\CustomSkinLoader\caches\dfd943c58c4b794225ac649fbf576e9285c8abee' , Expire: 1790635909)
[2026-09-29 08:50:19] [StellarFox1 <ba0f0db5-7f7a-4608-88b0-bdbeb9bea1de> (TLauncher)/DEBUG] [CustomSkinLoader Core]: Content: {}
[2026-09-29 08:50:19] [StellarFox1 <ba0f0db5-7f7a-4608-88b0-bdbeb9bea1de> (TLauncher)/INFO] [CustomSkinLoader Core]: Both skin and cape not found.
[2026-09-29 08:50:19] [StellarFox1 <ba0f0db5-7f7a-4608-88b0-bdbeb9bea1de> (Mojang)/DEBUG] [CustomSkinLoader Core]: Successfully request (Response Code: 200 , Content Length: 545)
[2026-09-29 08:50:19] [StellarFox1 <ba0f0db5-7f7a-4608-88b0-bdbeb9bea1de> (Mojang)/DEBUG] [CustomSkinLoader Core]: Saved to cache (Length: 545 , Path: 'C:\Users\whosh\AppData\Roaming\ModrinthApp\profiles\Create_ Remastered\CustomSkinLoader\caches\0d240c790d6b973e6f93d13d4fb7cc13d197a32b' , Expire: 1790635839)
[2026-09-29 08:50:19] [StellarFox1 <ba0f0db5-7f7a-4608-88b0-bdbeb9bea1de> (Mojang)/DEBUG] [CustomSkinLoader Core]: Content: {
  "id" : "ba0f0db57f7a460888b0bdbeb9bea1de",
  "name" : "StellarFox1",
  "properties" : [ {
    "name" : "textures",
    "value" : "ewogICJ0aW1lc3RhbXAiIDogMTc5MDYzNTgyMDY3MywKICAicHJvZmlsZUlkIiA6ICJiYTBmMGRiNTdmN2E0NjA4ODhiMGJkYmViOWJlYTFkZSIsCiAgInByb2ZpbGVOYW1lIiA6ICJTdGVsbGFyRm94MSIsCiAgInRleHR1cmVzIiA6IHsKICAgICJTS0lOIiA6IHsKICAgICAgInVybCIgOiAiaHR0cDovL3RleHR1cmVzLm1pbmVjcmFmdC5uZXQvdGV4dHVyZS9lYmRmZjBlZjM5NmE1YmJjNWRlOTQyYWJlNWM1NzE4MTU1Y2MzNTBkZDlmNjIyYWExNGIxZGQyM2U1YWM4MmVlIgogICAgfQogIH0KfQ=="
  } ],
  "profileActions" : [ ]
}
[2026-09-29 08:50:20] [StellarFox1 <ba0f0db5-7f7a-4608-88b0-bdbeb9bea1de> (GlitchlessGames)/DEBUG] [CustomSkinLoader Core]: Failed to request (Response Code: 404)
[2026-09-29 08:50:20] [StellarFox1 <ba0f0db5-7f7a-4608-88b0-bdbeb9bea1de> (GlitchlessGames)/INFO] [CustomSkinLoader Core]: Profile not found.
[2026-09-29 08:50:20] [StellarFox1 <ba0f0db5-7f7a-4608-88b0-bdbeb9bea1de>/INFO] [CustomSkinLoader Core]: StellarFox1's profile loaded. (1129ms)
[2026-09-29 08:50:20] [StellarFox1 <ba0f0db5-7f7a-4608-88b0-bdbeb9bea1de>/INFO] [CustomSkinLoader Core]: (SkinUrl: (LOCAL_LEGACY)a4b327b6000da5c89b6ada28a472d9731dfd7499,LocalSkin/skins/StellarFox1.png , Model: auto , CapeUrl: (LEGACY)https://api.cosmetica.cc/get/cloak?username=StellarFox1&uuid=ba0f0db5-7f7a-4608-88b0-bdbeb9bea1de&nothirdparty  , Expiry: 1790635850)
[2026-09-29 08:51:12] [StellarFox1 <ba0f0db5-7f7a-4608-88b0-bdbeb9bea1de>/INFO] [CustomSkinLoader Core]: Loading StellarFox1's profile.
[2026-09-29 08:51:12] [StellarFox1 <ba0f0db5-7f7a-4608-88b0-bdbeb9bea1de>/INFO] [CustomSkinLoader Core]: 1/12 Try to load profile from 'LocalSkin'.
[2026-09-29 08:51:12] [StellarFox1 <ba0f0db5-7f7a-4608-88b0-bdbeb9bea1de>/INFO] [CustomSkinLoader Core]: 2/12 Try to load profile from 'GameProfile'.
[2026-09-29 08:51:12] [StellarFox1 <ba0f0db5-7f7a-4608-88b0-bdbeb9bea1de>/INFO] [CustomSkinLoader Core]: 3/12 Try to load profile from 'Mojang'.
[2026-09-29 08:51:12] [StellarFox1 <ba0f0db5-7f7a-4608-88b0-bdbeb9bea1de>/INFO] [CustomSkinLoader Core]: 4/12 Try to load profile from 'LittleSkin'.
[2026-09-29 08:51:12] [StellarFox1 <ba0f0db5-7f7a-4608-88b0-bdbeb9bea1de>/INFO] [CustomSkinLoader Core]: 5/12 Try to load profile from 'BlessingSkin'.
[2026-09-29 08:51:12] [StellarFox1 <ba0f0db5-7f7a-4608-88b0-bdbeb9bea1de>/INFO] [CustomSkinLoader Core]: 6/12 Try to load profile from 'ElyBy'.
[2026-09-29 08:51:12] [StellarFox1 <ba0f0db5-7f7a-4608-88b0-bdbeb9bea1de>/INFO] [CustomSkinLoader Core]: 7/12 Try to load profile from 'TLauncher'.
[2026-09-29 08:51:12] [StellarFox1 <ba0f0db5-7f7a-4608-88b0-bdbeb9bea1de>/INFO] [CustomSkinLoader Core]: 8/12 Try to load profile from 'GlitchlessGames'.
[2026-09-29 08:51:12] [StellarFox1 <ba0f0db5-7f7a-4608-88b0-bdbeb9bea1de> (Mojang)/DEBUG] [CustomSkinLoader Core]: Try to request 'https://sessionserver.mojang.com/session/minecraft/profile/ba0f0db57f7a460888b0bdbeb9bea1de'.
[2026-09-29 08:51:12] [StellarFox1 <ba0f0db5-7f7a-4608-88b0-bdbeb9bea1de>/INFO] [CustomSkinLoader Core]: 9/12 Try to load profile from 'MinecraftCapes'.
[2026-09-29 08:51:12] [StellarFox1 <ba0f0db5-7f7a-4608-88b0-bdbeb9bea1de> (GameProfile)/INFO] [CustomSkinLoader Core]: Default profile will be used.
[2026-09-29 08:51:12] [StellarFox1 <ba0f0db5-7f7a-4608-88b0-bdbeb9bea1de> (LittleSkin)/DEBUG] [CustomSkinLoader Core]: Try to request 'https://littleskin.cn/csl/StellarFox1.json'.
[2026-09-29 08:51:12] [StellarFox1 <ba0f0db5-7f7a-4608-88b0-bdbeb9bea1de>/INFO] [CustomSkinLoader Core]: 10/12 Try to load profile from 'OptiFine'.
[2026-09-29 08:51:12] [StellarFox1 <ba0f0db5-7f7a-4608-88b0-bdbeb9bea1de> (BlessingSkin)/DEBUG] [CustomSkinLoader Core]: Try to request 'https://skin.prinzeugen.net/StellarFox1.json'.
[2026-09-29 08:51:12] [StellarFox1 <ba0f0db5-7f7a-4608-88b0-bdbeb9bea1de> (ElyBy)/DEBUG] [CustomSkinLoader Core]: Try to request 'http://skinsystem.ely.by/textures/StellarFox1'.
[2026-09-29 08:51:12] [StellarFox1 <ba0f0db5-7f7a-4608-88b0-bdbeb9bea1de>/INFO] [CustomSkinLoader Core]: 11/12 Try to load profile from 'CloakPlus'.
[2026-09-29 08:51:12] [StellarFox1 <ba0f0db5-7f7a-4608-88b0-bdbeb9bea1de> (TLauncher)/DEBUG] [CustomSkinLoader Core]: Try to request 'https://auth.tlauncher.org/skin/profile/texture/login/StellarFox1'.
[2026-09-29 08:51:12] [StellarFox1 <ba0f0db5-7f7a-4608-88b0-bdbeb9bea1de>/INFO] [CustomSkinLoader Core]: 12/12 Try to load profile from 'Cosmetica'.
[2026-09-29 08:51:12] [StellarFox1 <ba0f0db5-7f7a-4608-88b0-bdbeb9bea1de> (GlitchlessGames)/DEBUG] [CustomSkinLoader Core]: Try to request 'https://games.glitchless.ru/api/minecraft/users/profiles/textures/?nickname=StellarFox1'.
[2026-09-29 08:51:12] [StellarFox1 <ba0f0db5-7f7a-4608-88b0-bdbeb9bea1de> (ElyBy)/DEBUG] [CustomSkinLoader Core]: Cache file found (Length: 0 , Path: 'C:\Users\whosh\AppData\Roaming\ModrinthApp\profiles\Create_ Remastered\CustomSkinLoader\caches\3b3cce223716de55b9a17b46caa02a7b87781554' , Expire: 1790639195)
[2026-09-29 08:51:12] [StellarFox1 <ba0f0db5-7f7a-4608-88b0-bdbeb9bea1de> (ElyBy)/INFO] [CustomSkinLoader Core]: Try to load from cache 'C:\Users\whosh\AppData\Roaming\ModrinthApp\profiles\Create_ Remastered\CustomSkinLoader\caches\3b3cce223716de55b9a17b46caa02a7b87781554'.
[2026-09-29 08:51:12] [StellarFox1 <ba0f0db5-7f7a-4608-88b0-bdbeb9bea1de> (MinecraftCapes)/DEBUG] [CustomSkinLoader Core]: Try to request 'https://api.minecraftcapes.net/profile/ba0f0db57f7a460888b0bdbeb9bea1de'.
[2026-09-29 08:51:12] [StellarFox1 <ba0f0db5-7f7a-4608-88b0-bdbeb9bea1de> (ElyBy)/DEBUG] [CustomSkinLoader Core]: Successfully load from cache
[2026-09-29 08:51:12] [StellarFox1 <ba0f0db5-7f7a-4608-88b0-bdbeb9bea1de> (ElyBy)/DEBUG] [CustomSkinLoader Core]: Content: 
[2026-09-29 08:51:12] [StellarFox1 <ba0f0db5-7f7a-4608-88b0-bdbeb9bea1de> (ElyBy)/INFO] [CustomSkinLoader Core]: Profile not found.
[2026-09-29 08:51:12] [StellarFox1 <ba0f0db5-7f7a-4608-88b0-bdbeb9bea1de> (CloakPlus)/DEBUG] [CustomSkinLoader Core]: Try to request 'http://161.35.130.99/capes/StellarFox1.png'.
[2026-09-29 08:51:12] [StellarFox1 <ba0f0db5-7f7a-4608-88b0-bdbeb9bea1de> (Cosmetica)/DEBUG] [CustomSkinLoader Core]: Try to request 'https://api.cosmetica.cc/get/cloak?username=StellarFox1&uuid=ba0f0db5-7f7a-4608-88b0-bdbeb9bea1de&nothirdparty'.
[2026-09-29 08:51:12] [StellarFox1 <ba0f0db5-7f7a-4608-88b0-bdbeb9bea1de> (Cosmetica)/DEBUG] [CustomSkinLoader Core]: Cache file found (Length: 8227 , Path: 'C:\Users\whosh\AppData\Roaming\ModrinthApp\profiles\Create_ Remastered\CustomSkinLoader\caches\09b251b1aa7f6f0a8f7025667d3d754114034bdc' , Expire: 1790908400)
[2026-09-29 08:51:12] [StellarFox1 <ba0f0db5-7f7a-4608-88b0-bdbeb9bea1de> (OptiFine)/DEBUG] [CustomSkinLoader Core]: Try to request 'https://optifine.net/capes/StellarFox1.png'.
[2026-09-29 08:51:12] [StellarFox1 <ba0f0db5-7f7a-4608-88b0-bdbeb9bea1de> (LittleSkin)/DEBUG] [CustomSkinLoader Core]: Cache file found (Length: 2 , Path: 'C:\Users\whosh\AppData\Roaming\ModrinthApp\profiles\Create_ Remastered\CustomSkinLoader\caches\04a8213060de2342b7b98afd04be478dc22027ee' , Expire: 1790635914)
[2026-09-29 08:51:12] [StellarFox1 <ba0f0db5-7f7a-4608-88b0-bdbeb9bea1de> (LittleSkin)/INFO] [CustomSkinLoader Core]: Try to load from cache 'C:\Users\whosh\AppData\Roaming\ModrinthApp\profiles\Create_ Remastered\CustomSkinLoader\caches\04a8213060de2342b7b98afd04be478dc22027ee'.
[2026-09-29 08:51:12] [StellarFox1 <ba0f0db5-7f7a-4608-88b0-bdbeb9bea1de> (LittleSkin)/DEBUG] [CustomSkinLoader Core]: Successfully load from cache
[2026-09-29 08:51:12] [StellarFox1 <ba0f0db5-7f7a-4608-88b0-bdbeb9bea1de> (LittleSkin)/DEBUG] [CustomSkinLoader Core]: Content: {}
[2026-09-29 08:51:12] [StellarFox1 <ba0f0db5-7f7a-4608-88b0-bdbeb9bea1de> (LittleSkin)/INFO] [CustomSkinLoader Core]: Both skin and cape not found.
[2026-09-29 08:51:12] [StellarFox1 <ba0f0db5-7f7a-4608-88b0-bdbeb9bea1de> (TLauncher)/DEBUG] [CustomSkinLoader Core]: Cache file found (Length: 2 , Path: 'C:\Users\whosh\AppData\Roaming\ModrinthApp\profiles\Create_ Remastered\CustomSkinLoader\caches\dfd943c58c4b794225ac649fbf576e9285c8abee' , Expire: 1790635909)
[2026-09-29 08:51:12] [StellarFox1 <ba0f0db5-7f7a-4608-88b0-bdbeb9bea1de> (TLauncher)/INFO] [CustomSkinLoader Core]: Try to load from cache 'C:\Users\whosh\AppData\Roaming\ModrinthApp\profiles\Create_ Remastered\CustomSkinLoader\caches\dfd943c58c4b794225ac649fbf576e9285c8abee'.
[2026-09-29 08:51:12] [StellarFox1 <ba0f0db5-7f7a-4608-88b0-bdbeb9bea1de> (TLauncher)/DEBUG] [CustomSkinLoader Core]: Successfully load from cache
[2026-09-29 08:51:12] [StellarFox1 <ba0f0db5-7f7a-4608-88b0-bdbeb9bea1de> (TLauncher)/DEBUG] [CustomSkinLoader Core]: Content: {}
[2026-09-29 08:51:12] [StellarFox1 <ba0f0db5-7f7a-4608-88b0-bdbeb9bea1de> (TLauncher)/INFO] [CustomSkinLoader Core]: Both skin and cape not found.
[2026-09-29 08:51:12] [StellarFox1 <ba0f0db5-7f7a-4608-88b0-bdbeb9bea1de> (BlessingSkin)/DEBUG] [CustomSkinLoader Core]: Failed to request (Response Code: 404)
[2026-09-29 08:51:12] [StellarFox1 <ba0f0db5-7f7a-4608-88b0-bdbeb9bea1de> (BlessingSkin)/INFO] [CustomSkinLoader Core]: Profile not found.
[2026-09-29 08:51:12] [StellarFox1 <ba0f0db5-7f7a-4608-88b0-bdbeb9bea1de> (MinecraftCapes)/DEBUG] [CustomSkinLoader Core]: Successfully request (Response Code: 304 , Content Length: -1)
[2026-09-29 08:51:12] [StellarFox1 <ba0f0db5-7f7a-4608-88b0-bdbeb9bea1de> (MinecraftCapes)/DEBUG] [CustomSkinLoader Core]: Cache file found (Length: 241 , Path: 'C:\Users\whosh\AppData\Roaming\ModrinthApp\profiles\Create_ Remastered\CustomSkinLoader\caches\5d3b73e86a212e93c58c98620eab9beba796f59d' , Expire: 0)
[2026-09-29 08:51:12] [StellarFox1 <ba0f0db5-7f7a-4608-88b0-bdbeb9bea1de> (MinecraftCapes)/INFO] [CustomSkinLoader Core]: Try to load from cache 'C:\Users\whosh\AppData\Roaming\ModrinthApp\profiles\Create_ Remastered\CustomSkinLoader\caches\5d3b73e86a212e93c58c98620eab9beba796f59d'.
[2026-09-29 08:51:12] [StellarFox1 <ba0f0db5-7f7a-4608-88b0-bdbeb9bea1de> (MinecraftCapes)/DEBUG] [CustomSkinLoader Core]: Successfully load from cache
[2026-09-29 08:51:12] [StellarFox1 <ba0f0db5-7f7a-4608-88b0-bdbeb9bea1de> (MinecraftCapes)/DEBUG] [CustomSkinLoader Core]: Content: {"animatedCape":false,"capeGlint":false,"upsideDown":false,"animated_cape_url":null,"cape_url":null,"ear_url":null,"textures":{"_IMPORTANT":"We are removing base64 textures, please use the above parameters instead.","cape":null,"ears":null}}
[2026-09-29 08:51:12] [StellarFox1 <ba0f0db5-7f7a-4608-88b0-bdbeb9bea1de> (MinecraftCapes)/INFO] [CustomSkinLoader Core]: Both skin and cape not found.
[2026-09-29 08:51:13] [StellarFox1 <ba0f0db5-7f7a-4608-88b0-bdbeb9bea1de> (CloakPlus)/DEBUG] [CustomSkinLoader Core]: Failed to request (Response Code: 502)
[2026-09-29 08:51:13] [StellarFox1 <ba0f0db5-7f7a-4608-88b0-bdbeb9bea1de> (CloakPlus)/INFO] [CustomSkinLoader Core]: No texture could be found.
[2026-09-29 08:51:13] [StellarFox1 <ba0f0db5-7f7a-4608-88b0-bdbeb9bea1de> (OptiFine)/DEBUG] [CustomSkinLoader Core]: Failed to request (Response Code: 404)
[2026-09-29 08:51:13] [StellarFox1 <ba0f0db5-7f7a-4608-88b0-bdbeb9bea1de> (OptiFine)/INFO] [CustomSkinLoader Core]: No texture could be found.
[2026-09-29 08:51:13] [StellarFox1 <ba0f0db5-7f7a-4608-88b0-bdbeb9bea1de> (Mojang)/DEBUG] [CustomSkinLoader Core]: Successfully request (Response Code: 200 , Content Length: 545)
[2026-09-29 08:51:13] [StellarFox1 <ba0f0db5-7f7a-4608-88b0-bdbeb9bea1de> (Mojang)/DEBUG] [CustomSkinLoader Core]: Saved to cache (Length: 545 , Path: 'C:\Users\whosh\AppData\Roaming\ModrinthApp\profiles\Create_ Remastered\CustomSkinLoader\caches\0d240c790d6b973e6f93d13d4fb7cc13d197a32b' , Expire: 1790635893)
[2026-09-29 08:51:13] [StellarFox1 <ba0f0db5-7f7a-4608-88b0-bdbeb9bea1de> (Mojang)/DEBUG] [CustomSkinLoader Core]: Content: {
  "id" : "ba0f0db57f7a460888b0bdbeb9bea1de",
  "name" : "StellarFox1",
  "properties" : [ {
    "name" : "textures",
    "value" : "ewogICJ0aW1lc3RhbXAiIDogMTc5MDYzNTg3NDM0OCwKICAicHJvZmlsZUlkIiA6ICJiYTBmMGRiNTdmN2E0NjA4ODhiMGJkYmViOWJlYTFkZSIsCiAgInByb2ZpbGVOYW1lIiA6ICJTdGVsbGFyRm94MSIsCiAgInRleHR1cmVzIiA6IHsKICAgICJTS0lOIiA6IHsKICAgICAgInVybCIgOiAiaHR0cDovL3RleHR1cmVzLm1pbmVjcmFmdC5uZXQvdGV4dHVyZS9lYmRmZjBlZjM5NmE1YmJjNWRlOTQyYWJlNWM1NzE4MTU1Y2MzNTBkZDlmNjIyYWExNGIxZGQyM2U1YWM4MmVlIgogICAgfQogIH0KfQ=="
  } ],
  "profileActions" : [ ]
}
[2026-09-29 08:51:13] [StellarFox1 <ba0f0db5-7f7a-4608-88b0-bdbeb9bea1de> (GlitchlessGames)/DEBUG] [CustomSkinLoader Core]: Failed to request (Response Code: 404)
[2026-09-29 08:51:13] [StellarFox1 <ba0f0db5-7f7a-4608-88b0-bdbeb9bea1de> (GlitchlessGames)/INFO] [CustomSkinLoader Core]: Profile not found.
[2026-09-29 08:51:13] [StellarFox1 <ba0f0db5-7f7a-4608-88b0-bdbeb9bea1de>/INFO] [CustomSkinLoader Core]: StellarFox1's profile loaded. (994ms)
[2026-09-29 08:51:13] [StellarFox1 <ba0f0db5-7f7a-4608-88b0-bdbeb9bea1de>/INFO] [CustomSkinLoader Core]: (SkinUrl: (LOCAL_LEGACY)a4b327b6000da5c89b6ada28a472d9731dfd7499,LocalSkin/skins/StellarFox1.png , Model: auto , CapeUrl: (LEGACY)https://api.cosmetica.cc/get/cloak?username=StellarFox1&uuid=ba0f0db5-7f7a-4608-88b0-bdbeb9bea1de&nothirdparty  , Expiry: 1790635903)
[2026-09-29 08:56:39] [StellarFox1 <ba0f0db5-7f7a-4608-88b0-bdbeb9bea1de>/INFO] [CustomSkinLoader Core]: Loading StellarFox1's profile.
[2026-09-29 08:56:39] [StellarFox1 <ba0f0db5-7f7a-4608-88b0-bdbeb9bea1de>/INFO] [CustomSkinLoader Core]: 1/12 Try to load profile from 'LocalSkin'.
[2026-09-29 08:56:39] [StellarFox1 <ba0f0db5-7f7a-4608-88b0-bdbeb9bea1de>/INFO] [CustomSkinLoader Core]: 2/12 Try to load profile from 'GameProfile'.
[2026-09-29 08:56:39] [StellarFox1 <ba0f0db5-7f7a-4608-88b0-bdbeb9bea1de>/INFO] [CustomSkinLoader Core]: 3/12 Try to load profile from 'Mojang'.
[2026-09-29 08:56:39] [StellarFox1 <ba0f0db5-7f7a-4608-88b0-bdbeb9bea1de>/INFO] [CustomSkinLoader Core]: 4/12 Try to load profile from 'LittleSkin'.
[2026-09-29 08:56:39] [StellarFox1 <ba0f0db5-7f7a-4608-88b0-bdbeb9bea1de>/INFO] [CustomSkinLoader Core]: 5/12 Try to load profile from 'BlessingSkin'.
[2026-09-29 08:56:39] [StellarFox1 <ba0f0db5-7f7a-4608-88b0-bdbeb9bea1de>/INFO] [CustomSkinLoader Core]: 6/12 Try to load profile from 'ElyBy'.
[2026-09-29 08:56:39] [StellarFox1 <ba0f0db5-7f7a-4608-88b0-bdbeb9bea1de> (GameProfile)/INFO] [CustomSkinLoader Core]: Default profile will be used.
[2026-09-29 08:56:39] [StellarFox1 <ba0f0db5-7f7a-4608-88b0-bdbeb9bea1de>/INFO] [CustomSkinLoader Core]: 7/12 Try to load profile from 'TLauncher'.
[2026-09-29 08:56:39] [StellarFox1 <ba0f0db5-7f7a-4608-88b0-bdbeb9bea1de> (Mojang)/DEBUG] [CustomSkinLoader Core]: Try to request 'https://sessionserver.mojang.com/session/minecraft/profile/ba0f0db57f7a460888b0bdbeb9bea1de'.
[2026-09-29 08:56:39] [StellarFox1 <ba0f0db5-7f7a-4608-88b0-bdbeb9bea1de>/INFO] [CustomSkinLoader Core]: 8/12 Try to load profile from 'GlitchlessGames'.
[2026-09-29 08:56:39] [StellarFox1 <ba0f0db5-7f7a-4608-88b0-bdbeb9bea1de>/INFO] [CustomSkinLoader Core]: 9/12 Try to load profile from 'MinecraftCapes'.
[2026-09-29 08:56:39] [StellarFox1 <ba0f0db5-7f7a-4608-88b0-bdbeb9bea1de> (LittleSkin)/DEBUG] [CustomSkinLoader Core]: Try to request 'https://littleskin.cn/csl/StellarFox1.json'.
[2026-09-29 08:56:39] [StellarFox1 <ba0f0db5-7f7a-4608-88b0-bdbeb9bea1de>/INFO] [CustomSkinLoader Core]: 10/12 Try to load profile from 'OptiFine'.
[2026-09-29 08:56:39] [StellarFox1 <ba0f0db5-7f7a-4608-88b0-bdbeb9bea1de> (BlessingSkin)/DEBUG] [CustomSkinLoader Core]: Try to request 'https://skin.prinzeugen.net/StellarFox1.json'.
[2026-09-29 08:56:39] [StellarFox1 <ba0f0db5-7f7a-4608-88b0-bdbeb9bea1de>/INFO] [CustomSkinLoader Core]: 11/12 Try to load profile from 'CloakPlus'.
[2026-09-29 08:56:39] [StellarFox1 <ba0f0db5-7f7a-4608-88b0-bdbeb9bea1de> (ElyBy)/DEBUG] [CustomSkinLoader Core]: Try to request 'http://skinsystem.ely.by/textures/StellarFox1'.
[2026-09-29 08:56:39] [StellarFox1 <ba0f0db5-7f7a-4608-88b0-bdbeb9bea1de>/INFO] [CustomSkinLoader Core]: 12/12 Try to load profile from 'Cosmetica'.
[2026-09-29 08:56:39] [StellarFox1 <ba0f0db5-7f7a-4608-88b0-bdbeb9bea1de> (OptiFine)/DEBUG] [CustomSkinLoader Core]: Try to request 'https://optifine.net/capes/StellarFox1.png'.
[2026-09-29 08:56:39] [StellarFox1 <ba0f0db5-7f7a-4608-88b0-bdbeb9bea1de> (CloakPlus)/DEBUG] [CustomSkinLoader Core]: Try to request 'http://161.35.130.99/capes/StellarFox1.png'.
[2026-09-29 08:56:39] [StellarFox1 <ba0f0db5-7f7a-4608-88b0-bdbeb9bea1de> (Cosmetica)/DEBUG] [CustomSkinLoader Core]: Try to request 'https://api.cosmetica.cc/get/cloak?username=StellarFox1&uuid=ba0f0db5-7f7a-4608-88b0-bdbeb9bea1de&nothirdparty'.
[2026-09-29 08:56:39] [StellarFox1 <ba0f0db5-7f7a-4608-88b0-bdbeb9bea1de> (GlitchlessGames)/DEBUG] [CustomSkinLoader Core]: Try to request 'https://games.glitchless.ru/api/minecraft/users/profiles/textures/?nickname=StellarFox1'.
[2026-09-29 08:56:39] [StellarFox1 <ba0f0db5-7f7a-4608-88b0-bdbeb9bea1de> (Cosmetica)/DEBUG] [CustomSkinLoader Core]: Cache file found (Length: 8227 , Path: 'C:\Users\whosh\AppData\Roaming\ModrinthApp\profiles\Create_ Remastered\CustomSkinLoader\caches\09b251b1aa7f6f0a8f7025667d3d754114034bdc' , Expire: 1790908400)
[2026-09-29 08:56:39] [StellarFox1 <ba0f0db5-7f7a-4608-88b0-bdbeb9bea1de> (TLauncher)/DEBUG] [CustomSkinLoader Core]: Try to request 'https://auth.tlauncher.org/skin/profile/texture/login/StellarFox1'.
[2026-09-29 08:56:39] [StellarFox1 <ba0f0db5-7f7a-4608-88b0-bdbeb9bea1de> (MinecraftCapes)/DEBUG] [CustomSkinLoader Core]: Try to request 'https://api.minecraftcapes.net/profile/ba0f0db57f7a460888b0bdbeb9bea1de'.
[2026-09-29 08:56:39] [StellarFox1 <ba0f0db5-7f7a-4608-88b0-bdbeb9bea1de> (ElyBy)/DEBUG] [CustomSkinLoader Core]: Cache file found (Length: 0 , Path: 'C:\Users\whosh\AppData\Roaming\ModrinthApp\profiles\Create_ Remastered\CustomSkinLoader\caches\3b3cce223716de55b9a17b46caa02a7b87781554' , Expire: 1790639195)
[2026-09-29 08:56:39] [StellarFox1 <ba0f0db5-7f7a-4608-88b0-bdbeb9bea1de> (ElyBy)/INFO] [CustomSkinLoader Core]: Try to load from cache 'C:\Users\whosh\AppData\Roaming\ModrinthApp\profiles\Create_ Remastered\CustomSkinLoader\caches\3b3cce223716de55b9a17b46caa02a7b87781554'.
[2026-09-29 08:56:39] [StellarFox1 <ba0f0db5-7f7a-4608-88b0-bdbeb9bea1de> (ElyBy)/DEBUG] [CustomSkinLoader Core]: Successfully load from cache
[2026-09-29 08:56:39] [StellarFox1 <ba0f0db5-7f7a-4608-88b0-bdbeb9bea1de> (ElyBy)/DEBUG] [CustomSkinLoader Core]: Content: 
[2026-09-29 08:56:39] [StellarFox1 <ba0f0db5-7f7a-4608-88b0-bdbeb9bea1de> (ElyBy)/INFO] [CustomSkinLoader Core]: Profile not found.
[2026-09-29 08:56:39] [StellarFox1 <ba0f0db5-7f7a-4608-88b0-bdbeb9bea1de> (BlessingSkin)/DEBUG] [CustomSkinLoader Core]: Failed to request (Response Code: 404)
[2026-09-29 08:56:39] [StellarFox1 <ba0f0db5-7f7a-4608-88b0-bdbeb9bea1de> (BlessingSkin)/INFO] [CustomSkinLoader Core]: Profile not found.
[2026-09-29 08:56:39] [StellarFox1 <ba0f0db5-7f7a-4608-88b0-bdbeb9bea1de> (MinecraftCapes)/DEBUG] [CustomSkinLoader Core]: Successfully request (Response Code: 304 , Content Length: -1)
[2026-09-29 08:56:39] [StellarFox1 <ba0f0db5-7f7a-4608-88b0-bdbeb9bea1de> (MinecraftCapes)/DEBUG] [CustomSkinLoader Core]: Cache file found (Length: 241 , Path: 'C:\Users\whosh\AppData\Roaming\ModrinthApp\profiles\Create_ Remastered\CustomSkinLoader\caches\5d3b73e86a212e93c58c98620eab9beba796f59d' , Expire: 0)
[2026-09-29 08:56:39] [StellarFox1 <ba0f0db5-7f7a-4608-88b0-bdbeb9bea1de> (MinecraftCapes)/INFO] [CustomSkinLoader Core]: Try to load from cache 'C:\Users\whosh\AppData\Roaming\ModrinthApp\profiles\Create_ Remastered\CustomSkinLoader\caches\5d3b73e86a212e93c58c98620eab9beba796f59d'.
[2026-09-29 08:56:39] [StellarFox1 <ba0f0db5-7f7a-4608-88b0-bdbeb9bea1de> (MinecraftCapes)/DEBUG] [CustomSkinLoader Core]: Successfully load from cache
[2026-09-29 08:56:39] [StellarFox1 <ba0f0db5-7f7a-4608-88b0-bdbeb9bea1de> (MinecraftCapes)/DEBUG] [CustomSkinLoader Core]: Content: {"animatedCape":false,"capeGlint":false,"upsideDown":false,"animated_cape_url":null,"cape_url":null,"ear_url":null,"textures":{"_IMPORTANT":"We are removing base64 textures, please use the above parameters instead.","cape":null,"ears":null}}
[2026-09-29 08:56:39] [StellarFox1 <ba0f0db5-7f7a-4608-88b0-bdbeb9bea1de> (MinecraftCapes)/INFO] [CustomSkinLoader Core]: Both skin and cape not found.
[2026-09-29 08:56:40] [StellarFox1 <ba0f0db5-7f7a-4608-88b0-bdbeb9bea1de> (Mojang)/DEBUG] [CustomSkinLoader Core]: Successfully request (Response Code: 200 , Content Length: 545)
[2026-09-29 08:56:40] [StellarFox1 <ba0f0db5-7f7a-4608-88b0-bdbeb9bea1de> (Mojang)/DEBUG] [CustomSkinLoader Core]: Saved to cache (Length: 545 , Path: 'C:\Users\whosh\AppData\Roaming\ModrinthApp\profiles\Create_ Remastered\CustomSkinLoader\caches\0d240c790d6b973e6f93d13d4fb7cc13d197a32b' , Expire: 1790636220)
[2026-09-29 08:56:40] [StellarFox1 <ba0f0db5-7f7a-4608-88b0-bdbeb9bea1de> (Mojang)/DEBUG] [CustomSkinLoader Core]: Content: {
  "id" : "ba0f0db57f7a460888b0bdbeb9bea1de",
  "name" : "StellarFox1",
  "properties" : [ {
    "name" : "textures",
    "value" : "ewogICJ0aW1lc3RhbXAiIDogMTc5MDYzNjIwMDk5OCwKICAicHJvZmlsZUlkIiA6ICJiYTBmMGRiNTdmN2E0NjA4ODhiMGJkYmViOWJlYTFkZSIsCiAgInByb2ZpbGVOYW1lIiA6ICJTdGVsbGFyRm94MSIsCiAgInRleHR1cmVzIiA6IHsKICAgICJTS0lOIiA6IHsKICAgICAgInVybCIgOiAiaHR0cDovL3RleHR1cmVzLm1pbmVjcmFmdC5uZXQvdGV4dHVyZS9lYmRmZjBlZjM5NmE1YmJjNWRlOTQyYWJlNWM1NzE4MTU1Y2MzNTBkZDlmNjIyYWExNGIxZGQyM2U1YWM4MmVlIgogICAgfQogIH0KfQ=="
  } ],
  "profileActions" : [ ]
}
[2026-09-29 08:56:40] [StellarFox1 <ba0f0db5-7f7a-4608-88b0-bdbeb9bea1de> (LittleSkin)/DEBUG] [CustomSkinLoader Core]: Successfully request (Response Code: 200 , Content Length: 2)
[2026-09-29 08:56:40] [StellarFox1 <ba0f0db5-7f7a-4608-88b0-bdbeb9bea1de> (LittleSkin)/DEBUG] [CustomSkinLoader Core]: Saved to cache (Length: 2 , Path: 'C:\Users\whosh\AppData\Roaming\ModrinthApp\profiles\Create_ Remastered\CustomSkinLoader\caches\04a8213060de2342b7b98afd04be478dc22027ee' , Expire: 1790636290)
[2026-09-29 08:56:40] [StellarFox1 <ba0f0db5-7f7a-4608-88b0-bdbeb9bea1de> (LittleSkin)/DEBUG] [CustomSkinLoader Core]: Content: {}
[2026-09-29 08:56:40] [StellarFox1 <ba0f0db5-7f7a-4608-88b0-bdbeb9bea1de> (LittleSkin)/INFO] [CustomSkinLoader Core]: Both skin and cape not found.
[2026-09-29 08:56:40] [StellarFox1 <ba0f0db5-7f7a-4608-88b0-bdbeb9bea1de> (TLauncher)/DEBUG] [CustomSkinLoader Core]: Successfully request (Response Code: 200 , Content Length: -1)
[2026-09-29 08:56:40] [StellarFox1 <ba0f0db5-7f7a-4608-88b0-bdbeb9bea1de> (TLauncher)/DEBUG] [CustomSkinLoader Core]: Saved to cache (Length: 2 , Path: 'C:\Users\whosh\AppData\Roaming\ModrinthApp\profiles\Create_ Remastered\CustomSkinLoader\caches\dfd943c58c4b794225ac649fbf576e9285c8abee' , Expire: 1790636291)
[2026-09-29 08:56:40] [StellarFox1 <ba0f0db5-7f7a-4608-88b0-bdbeb9bea1de> (TLauncher)/DEBUG] [CustomSkinLoader Core]: Content: {}
[2026-09-29 08:56:40] [StellarFox1 <ba0f0db5-7f7a-4608-88b0-bdbeb9bea1de> (TLauncher)/INFO] [CustomSkinLoader Core]: Both skin and cape not found.
[2026-09-29 08:56:40] [StellarFox1 <ba0f0db5-7f7a-4608-88b0-bdbeb9bea1de> (CloakPlus)/DEBUG] [CustomSkinLoader Core]: Failed to request (Response Code: 502)
[2026-09-29 08:56:40] [StellarFox1 <ba0f0db5-7f7a-4608-88b0-bdbeb9bea1de> (CloakPlus)/INFO] [CustomSkinLoader Core]: No texture could be found.
[2026-09-29 08:56:40] [StellarFox1 <ba0f0db5-7f7a-4608-88b0-bdbeb9bea1de> (OptiFine)/DEBUG] [CustomSkinLoader Core]: Failed to request (Response Code: 404)
[2026-09-29 08:56:40] [StellarFox1 <ba0f0db5-7f7a-4608-88b0-bdbeb9bea1de> (OptiFine)/INFO] [CustomSkinLoader Core]: No texture could be found.
[2026-09-29 08:56:40] [StellarFox1 <ba0f0db5-7f7a-4608-88b0-bdbeb9bea1de> (GlitchlessGames)/DEBUG] [CustomSkinLoader Core]: Failed to request (Response Code: 404)
[2026-09-29 08:56:40] [StellarFox1 <ba0f0db5-7f7a-4608-88b0-bdbeb9bea1de> (GlitchlessGames)/INFO] [CustomSkinLoader Core]: Profile not found.
[2026-09-29 08:56:40] [StellarFox1 <ba0f0db5-7f7a-4608-88b0-bdbeb9bea1de>/INFO] [CustomSkinLoader Core]: StellarFox1's profile loaded. (1047ms)
[2026-09-29 08:56:40] [StellarFox1 <ba0f0db5-7f7a-4608-88b0-bdbeb9bea1de>/INFO] [CustomSkinLoader Core]: (SkinUrl: (LOCAL_LEGACY)a4b327b6000da5c89b6ada28a472d9731dfd7499,LocalSkin/skins/StellarFox1.png , Model: auto , CapeUrl: (LEGACY)https://api.cosmetica.cc/get/cloak?username=StellarFox1&uuid=ba0f0db5-7f7a-4608-88b0-bdbeb9bea1de&nothirdparty  , Expiry: 1790636230)
[2026-09-29 08:57:28] [StellarFox1 <ba0f0db5-7f7a-4608-88b0-bdbeb9bea1de>/INFO] [CustomSkinLoader Core]: Loading StellarFox1's profile.
[2026-09-29 08:57:28] [StellarFox1 <ba0f0db5-7f7a-4608-88b0-bdbeb9bea1de>/INFO] [CustomSkinLoader Core]: 1/12 Try to load profile from 'LocalSkin'.
[2026-09-29 08:57:28] [StellarFox1 <ba0f0db5-7f7a-4608-88b0-bdbeb9bea1de>/INFO] [CustomSkinLoader Core]: 2/12 Try to load profile from 'GameProfile'.
[2026-09-29 08:57:28] [StellarFox1 <ba0f0db5-7f7a-4608-88b0-bdbeb9bea1de>/INFO] [CustomSkinLoader Core]: 3/12 Try to load profile from 'Mojang'.
[2026-09-29 08:57:28] [StellarFox1 <ba0f0db5-7f7a-4608-88b0-bdbeb9bea1de>/INFO] [CustomSkinLoader Core]: 4/12 Try to load profile from 'LittleSkin'.
[2026-09-29 08:57:28] [StellarFox1 <ba0f0db5-7f7a-4608-88b0-bdbeb9bea1de>/INFO] [CustomSkinLoader Core]: 5/12 Try to load profile from 'BlessingSkin'.
[2026-09-29 08:57:28] [StellarFox1 <ba0f0db5-7f7a-4608-88b0-bdbeb9bea1de>/INFO] [CustomSkinLoader Core]: 6/12 Try to load profile from 'ElyBy'.
[2026-09-29 08:57:28] [StellarFox1 <ba0f0db5-7f7a-4608-88b0-bdbeb9bea1de>/INFO] [CustomSkinLoader Core]: 7/12 Try to load profile from 'TLauncher'.
[2026-09-29 08:57:28] [StellarFox1 <ba0f0db5-7f7a-4608-88b0-bdbeb9bea1de>/INFO] [CustomSkinLoader Core]: 8/12 Try to load profile from 'GlitchlessGames'.
[2026-09-29 08:57:28] [StellarFox1 <ba0f0db5-7f7a-4608-88b0-bdbeb9bea1de>/INFO] [CustomSkinLoader Core]: 9/12 Try to load profile from 'MinecraftCapes'.
[2026-09-29 08:57:28] [StellarFox1 <ba0f0db5-7f7a-4608-88b0-bdbeb9bea1de> (GameProfile)/INFO] [CustomSkinLoader Core]: Default profile will be used.
[2026-09-29 08:57:28] [StellarFox1 <ba0f0db5-7f7a-4608-88b0-bdbeb9bea1de> (Mojang)/DEBUG] [CustomSkinLoader Core]: Try to request 'https://sessionserver.mojang.com/session/minecraft/profile/ba0f0db57f7a460888b0bdbeb9bea1de'.
[2026-09-29 08:57:28] [StellarFox1 <ba0f0db5-7f7a-4608-88b0-bdbeb9bea1de>/INFO] [CustomSkinLoader Core]: 10/12 Try to load profile from 'OptiFine'.
[2026-09-29 08:57:28] [StellarFox1 <ba0f0db5-7f7a-4608-88b0-bdbeb9bea1de> (LittleSkin)/DEBUG] [CustomSkinLoader Core]: Try to request 'https://littleskin.cn/csl/StellarFox1.json'.
[2026-09-29 08:57:28] [StellarFox1 <ba0f0db5-7f7a-4608-88b0-bdbeb9bea1de>/INFO] [CustomSkinLoader Core]: 11/12 Try to load profile from 'CloakPlus'.
[2026-09-29 08:57:28] [StellarFox1 <ba0f0db5-7f7a-4608-88b0-bdbeb9bea1de>/INFO] [CustomSkinLoader Core]: 12/12 Try to load profile from 'Cosmetica'.
[2026-09-29 08:57:28] [StellarFox1 <ba0f0db5-7f7a-4608-88b0-bdbeb9bea1de> (MinecraftCapes)/DEBUG] [CustomSkinLoader Core]: Try to request 'https://api.minecraftcapes.net/profile/ba0f0db57f7a460888b0bdbeb9bea1de'.
[2026-09-29 08:57:28] [StellarFox1 <ba0f0db5-7f7a-4608-88b0-bdbeb9bea1de> (ElyBy)/DEBUG] [CustomSkinLoader Core]: Try to request 'http://skinsystem.ely.by/textures/StellarFox1'.
[2026-09-29 08:57:28] [StellarFox1 <ba0f0db5-7f7a-4608-88b0-bdbeb9bea1de> (CloakPlus)/DEBUG] [CustomSkinLoader Core]: Try to request 'http://161.35.130.99/capes/StellarFox1.png'.
[2026-09-29 08:57:28] [StellarFox1 <ba0f0db5-7f7a-4608-88b0-bdbeb9bea1de> (GlitchlessGames)/DEBUG] [CustomSkinLoader Core]: Try to request 'https://games.glitchless.ru/api/minecraft/users/profiles/textures/?nickname=StellarFox1'.
[2026-09-29 08:57:28] [StellarFox1 <ba0f0db5-7f7a-4608-88b0-bdbeb9bea1de> (BlessingSkin)/DEBUG] [CustomSkinLoader Core]: Try to request 'https://skin.prinzeugen.net/StellarFox1.json'.
[2026-09-29 08:57:28] [StellarFox1 <ba0f0db5-7f7a-4608-88b0-bdbeb9bea1de> (ElyBy)/DEBUG] [CustomSkinLoader Core]: Cache file found (Length: 0 , Path: 'C:\Users\whosh\AppData\Roaming\ModrinthApp\profiles\Create_ Remastered\CustomSkinLoader\caches\3b3cce223716de55b9a17b46caa02a7b87781554' , Expire: 1790639195)
[2026-09-29 08:57:28] [StellarFox1 <ba0f0db5-7f7a-4608-88b0-bdbeb9bea1de> (ElyBy)/INFO] [CustomSkinLoader Core]: Try to load from cache 'C:\Users\whosh\AppData\Roaming\ModrinthApp\profiles\Create_ Remastered\CustomSkinLoader\caches\3b3cce223716de55b9a17b46caa02a7b87781554'.
[2026-09-29 08:57:28] [StellarFox1 <ba0f0db5-7f7a-4608-88b0-bdbeb9bea1de> (OptiFine)/DEBUG] [CustomSkinLoader Core]: Try to request 'https://optifine.net/capes/StellarFox1.png'.
[2026-09-29 08:57:28] [StellarFox1 <ba0f0db5-7f7a-4608-88b0-bdbeb9bea1de> (ElyBy)/DEBUG] [CustomSkinLoader Core]: Successfully load from cache
[2026-09-29 08:57:28] [StellarFox1 <ba0f0db5-7f7a-4608-88b0-bdbeb9bea1de> (ElyBy)/DEBUG] [CustomSkinLoader Core]: Content: 
[2026-09-29 08:57:28] [StellarFox1 <ba0f0db5-7f7a-4608-88b0-bdbeb9bea1de> (ElyBy)/INFO] [CustomSkinLoader Core]: Profile not found.
[2026-09-29 08:57:28] [StellarFox1 <ba0f0db5-7f7a-4608-88b0-bdbeb9bea1de> (TLauncher)/DEBUG] [CustomSkinLoader Core]: Try to request 'https://auth.tlauncher.org/skin/profile/texture/login/StellarFox1'.
[2026-09-29 08:57:28] [StellarFox1 <ba0f0db5-7f7a-4608-88b0-bdbeb9bea1de> (Cosmetica)/DEBUG] [CustomSkinLoader Core]: Try to request 'https://api.cosmetica.cc/get/cloak?username=StellarFox1&uuid=ba0f0db5-7f7a-4608-88b0-bdbeb9bea1de&nothirdparty'.
[2026-09-29 08:57:28] [StellarFox1 <ba0f0db5-7f7a-4608-88b0-bdbeb9bea1de> (Cosmetica)/DEBUG] [CustomSkinLoader Core]: Cache file found (Length: 8227 , Path: 'C:\Users\whosh\AppData\Roaming\ModrinthApp\profiles\Create_ Remastered\CustomSkinLoader\caches\09b251b1aa7f6f0a8f7025667d3d754114034bdc' , Expire: 1790908400)
[2026-09-29 08:57:28] [StellarFox1 <ba0f0db5-7f7a-4608-88b0-bdbeb9bea1de> (LittleSkin)/DEBUG] [CustomSkinLoader Core]: Cache file found (Length: 2 , Path: 'C:\Users\whosh\AppData\Roaming\ModrinthApp\profiles\Create_ Remastered\CustomSkinLoader\caches\04a8213060de2342b7b98afd04be478dc22027ee' , Expire: 1790636290)
[2026-09-29 08:57:28] [StellarFox1 <ba0f0db5-7f7a-4608-88b0-bdbeb9bea1de> (LittleSkin)/INFO] [CustomSkinLoader Core]: Try to load from cache 'C:\Users\whosh\AppData\Roaming\ModrinthApp\profiles\Create_ Remastered\CustomSkinLoader\caches\04a8213060de2342b7b98afd04be478dc22027ee'.
[2026-09-29 08:57:28] [StellarFox1 <ba0f0db5-7f7a-4608-88b0-bdbeb9bea1de> (LittleSkin)/DEBUG] [CustomSkinLoader Core]: Successfully load from cache
[2026-09-29 08:57:28] [StellarFox1 <ba0f0db5-7f7a-4608-88b0-bdbeb9bea1de> (LittleSkin)/DEBUG] [CustomSkinLoader Core]: Content: {}
[2026-09-29 08:57:28] [StellarFox1 <ba0f0db5-7f7a-4608-88b0-bdbeb9bea1de> (LittleSkin)/INFO] [CustomSkinLoader Core]: Both skin and cape not found.
[2026-09-29 08:57:28] [StellarFox1 <ba0f0db5-7f7a-4608-88b0-bdbeb9bea1de> (TLauncher)/DEBUG] [CustomSkinLoader Core]: Cache file found (Length: 2 , Path: 'C:\Users\whosh\AppData\Roaming\ModrinthApp\profiles\Create_ Remastered\CustomSkinLoader\caches\dfd943c58c4b794225ac649fbf576e9285c8abee' , Expire: 1790636291)
[2026-09-29 08:57:28] [StellarFox1 <ba0f0db5-7f7a-4608-88b0-bdbeb9bea1de> (TLauncher)/INFO] [CustomSkinLoader Core]: Try to load from cache 'C:\Users\whosh\AppData\Roaming\ModrinthApp\profiles\Create_ Remastered\CustomSkinLoader\caches\dfd943c58c4b794225ac649fbf576e9285c8abee'.
[2026-09-29 08:57:28] [StellarFox1 <ba0f0db5-7f7a-4608-88b0-bdbeb9bea1de> (TLauncher)/DEBUG] [CustomSkinLoader Core]: Successfully load from cache
[2026-09-29 08:57:28] [StellarFox1 <ba0f0db5-7f7a-4608-88b0-bdbeb9bea1de> (TLauncher)/DEBUG] [CustomSkinLoader Core]: Content: {}
[2026-09-29 08:57:28] [StellarFox1 <ba0f0db5-7f7a-4608-88b0-bdbeb9bea1de> (TLauncher)/INFO] [CustomSkinLoader Core]: Both skin and cape not found.
[2026-09-29 08:57:28] [StellarFox1 <ba0f0db5-7f7a-4608-88b0-bdbeb9bea1de> (MinecraftCapes)/DEBUG] [CustomSkinLoader Core]: Successfully request (Response Code: 304 , Content Length: -1)
[2026-09-29 08:57:28] [StellarFox1 <ba0f0db5-7f7a-4608-88b0-bdbeb9bea1de> (BlessingSkin)/DEBUG] [CustomSkinLoader Core]: Failed to request (Response Code: 404)
[2026-09-29 08:57:28] [StellarFox1 <ba0f0db5-7f7a-4608-88b0-bdbeb9bea1de> (BlessingSkin)/INFO] [CustomSkinLoader Core]: Profile not found.
[2026-09-29 08:57:28] [StellarFox1 <ba0f0db5-7f7a-4608-88b0-bdbeb9bea1de> (MinecraftCapes)/DEBUG] [CustomSkinLoader Core]: Cache file found (Length: 241 , Path: 'C:\Users\whosh\AppData\Roaming\ModrinthApp\profiles\Create_ Remastered\CustomSkinLoader\caches\5d3b73e86a212e93c58c98620eab9beba796f59d' , Expire: 0)
[2026-09-29 08:57:28] [StellarFox1 <ba0f0db5-7f7a-4608-88b0-bdbeb9bea1de> (MinecraftCapes)/INFO] [CustomSkinLoader Core]: Try to load from cache 'C:\Users\whosh\AppData\Roaming\ModrinthApp\profiles\Create_ Remastered\CustomSkinLoader\caches\5d3b73e86a212e93c58c98620eab9beba796f59d'.
[2026-09-29 08:57:28] [StellarFox1 <ba0f0db5-7f7a-4608-88b0-bdbeb9bea1de> (MinecraftCapes)/DEBUG] [CustomSkinLoader Core]: Successfully load from cache
[2026-09-29 08:57:28] [StellarFox1 <ba0f0db5-7f7a-4608-88b0-bdbeb9bea1de> (MinecraftCapes)/DEBUG] [CustomSkinLoader Core]: Content: {"animatedCape":false,"capeGlint":false,"upsideDown":false,"animated_cape_url":null,"cape_url":null,"ear_url":null,"textures":{"_IMPORTANT":"We are removing base64 textures, please use the above parameters instead.","cape":null,"ears":null}}
[2026-09-29 08:57:28] [StellarFox1 <ba0f0db5-7f7a-4608-88b0-bdbeb9bea1de> (MinecraftCapes)/INFO] [CustomSkinLoader Core]: Both skin and cape not found.
[2026-09-29 08:57:28] [StellarFox1 <ba0f0db5-7f7a-4608-88b0-bdbeb9bea1de> (OptiFine)/DEBUG] [CustomSkinLoader Core]: Failed to request (Response Code: 404)
[2026-09-29 08:57:28] [StellarFox1 <ba0f0db5-7f7a-4608-88b0-bdbeb9bea1de> (OptiFine)/INFO] [CustomSkinLoader Core]: No texture could be found.
[2026-09-29 08:57:28] [StellarFox1 <ba0f0db5-7f7a-4608-88b0-bdbeb9bea1de> (CloakPlus)/DEBUG] [CustomSkinLoader Core]: Failed to request (Response Code: 502)
[2026-09-29 08:57:28] [StellarFox1 <ba0f0db5-7f7a-4608-88b0-bdbeb9bea1de> (CloakPlus)/INFO] [CustomSkinLoader Core]: No texture could be found.
[2026-09-29 08:57:29] [StellarFox1 <ba0f0db5-7f7a-4608-88b0-bdbeb9bea1de> (Mojang)/DEBUG] [CustomSkinLoader Core]: Successfully request (Response Code: 200 , Content Length: 545)
[2026-09-29 08:57:29] [StellarFox1 <ba0f0db5-7f7a-4608-88b0-bdbeb9bea1de> (Mojang)/DEBUG] [CustomSkinLoader Core]: Saved to cache (Length: 545 , Path: 'C:\Users\whosh\AppData\Roaming\ModrinthApp\profiles\Create_ Remastered\CustomSkinLoader\caches\0d240c790d6b973e6f93d13d4fb7cc13d197a32b' , Expire: 1790636269)
[2026-09-29 08:57:29] [StellarFox1 <ba0f0db5-7f7a-4608-88b0-bdbeb9bea1de> (Mojang)/DEBUG] [CustomSkinLoader Core]: Content: {
  "id" : "ba0f0db57f7a460888b0bdbeb9bea1de",
  "name" : "StellarFox1",
  "properties" : [ {
    "name" : "textures",
    "value" : "ewogICJ0aW1lc3RhbXAiIDogMTc5MDYzNjI0OTk1NywKICAicHJvZmlsZUlkIiA6ICJiYTBmMGRiNTdmN2E0NjA4ODhiMGJkYmViOWJlYTFkZSIsCiAgInByb2ZpbGVOYW1lIiA6ICJTdGVsbGFyRm94MSIsCiAgInRleHR1cmVzIiA6IHsKICAgICJTS0lOIiA6IHsKICAgICAgInVybCIgOiAiaHR0cDovL3RleHR1cmVzLm1pbmVjcmFmdC5uZXQvdGV4dHVyZS9lYmRmZjBlZjM5NmE1YmJjNWRlOTQyYWJlNWM1NzE4MTU1Y2MzNTBkZDlmNjIyYWExNGIxZGQyM2U1YWM4MmVlIgogICAgfQogIH0KfQ=="
  } ],
  "profileActions" : [ ]
}
[2026-09-29 08:57:29] [StellarFox1 <ba0f0db5-7f7a-4608-88b0-bdbeb9bea1de> (GlitchlessGames)/DEBUG] [CustomSkinLoader Core]: Failed to request (Response Code: 404)
[2026-09-29 08:57:29] [StellarFox1 <ba0f0db5-7f7a-4608-88b0-bdbeb9bea1de> (GlitchlessGames)/INFO] [CustomSkinLoader Core]: Profile not found.
[2026-09-29 08:57:29] [StellarFox1 <ba0f0db5-7f7a-4608-88b0-bdbeb9bea1de>/INFO] [CustomSkinLoader Core]: StellarFox1's profile loaded. (1008ms)
[2026-09-29 08:57:29] [StellarFox1 <ba0f0db5-7f7a-4608-88b0-bdbeb9bea1de>/INFO] [CustomSkinLoader Core]: (SkinUrl: (LOCAL_LEGACY)a4b327b6000da5c89b6ada28a472d9731dfd7499,LocalSkin/skins/StellarFox1.png , Model: auto , CapeUrl: (LEGACY)https://api.cosmetica.cc/get/cloak?username=StellarFox1&uuid=ba0f0db5-7f7a-4608-88b0-bdbeb9bea1de&nothirdparty  , Expiry: 1790636279)
[2026-09-29 09:04:09] [StellarFox1 <ba0f0db5-7f7a-4608-88b0-bdbeb9bea1de>/INFO] [CustomSkinLoader Core]: Loading StellarFox1's profile.
[2026-09-29 09:04:09] [StellarFox1 <ba0f0db5-7f7a-4608-88b0-bdbeb9bea1de>/INFO] [CustomSkinLoader Core]: 1/12 Try to load profile from 'LocalSkin'.
[2026-09-29 09:04:09] [StellarFox1 <ba0f0db5-7f7a-4608-88b0-bdbeb9bea1de>/INFO] [CustomSkinLoader Core]: 2/12 Try to load profile from 'GameProfile'.
[2026-09-29 09:04:09] [StellarFox1 <ba0f0db5-7f7a-4608-88b0-bdbeb9bea1de>/INFO] [CustomSkinLoader Core]: 3/12 Try to load profile from 'Mojang'.
[2026-09-29 09:04:09] [StellarFox1 <ba0f0db5-7f7a-4608-88b0-bdbeb9bea1de>/INFO] [CustomSkinLoader Core]: 4/12 Try to load profile from 'LittleSkin'.
[2026-09-29 09:04:09] [StellarFox1 <ba0f0db5-7f7a-4608-88b0-bdbeb9bea1de>/INFO] [CustomSkinLoader Core]: 5/12 Try to load profile from 'BlessingSkin'.
[2026-09-29 09:04:09] [StellarFox1 <ba0f0db5-7f7a-4608-88b0-bdbeb9bea1de>/INFO] [CustomSkinLoader Core]: 6/12 Try to load profile from 'ElyBy'.
[2026-09-29 09:04:09] [StellarFox1 <ba0f0db5-7f7a-4608-88b0-bdbeb9bea1de>/INFO] [CustomSkinLoader Core]: 7/12 Try to load profile from 'TLauncher'.
[2026-09-29 09:04:09] [StellarFox1 <ba0f0db5-7f7a-4608-88b0-bdbeb9bea1de>/INFO] [CustomSkinLoader Core]: 8/12 Try to load profile from 'GlitchlessGames'.
[2026-09-29 09:04:09] [StellarFox1 <ba0f0db5-7f7a-4608-88b0-bdbeb9bea1de> (BlessingSkin)/DEBUG] [CustomSkinLoader Core]: Try to request 'https://skin.prinzeugen.net/StellarFox1.json'.
[2026-09-29 09:04:09] [StellarFox1 <ba0f0db5-7f7a-4608-88b0-bdbeb9bea1de>/INFO] [CustomSkinLoader Core]: 9/12 Try to load profile from 'MinecraftCapes'.
[2026-09-29 09:04:09] [StellarFox1 <ba0f0db5-7f7a-4608-88b0-bdbeb9bea1de> (GameProfile)/INFO] [CustomSkinLoader Core]: Default profile will be used.
[2026-09-29 09:04:09] [StellarFox1 <ba0f0db5-7f7a-4608-88b0-bdbeb9bea1de> (LittleSkin)/DEBUG] [CustomSkinLoader Core]: Try to request 'https://littleskin.cn/csl/StellarFox1.json'.
[2026-09-29 09:04:09] [StellarFox1 <ba0f0db5-7f7a-4608-88b0-bdbeb9bea1de>/INFO] [CustomSkinLoader Core]: 10/12 Try to load profile from 'OptiFine'.
[2026-09-29 09:04:09] [StellarFox1 <ba0f0db5-7f7a-4608-88b0-bdbeb9bea1de> (Mojang)/DEBUG] [CustomSkinLoader Core]: Try to request 'https://sessionserver.mojang.com/session/minecraft/profile/ba0f0db57f7a460888b0bdbeb9bea1de'.
[2026-09-29 09:04:09] [StellarFox1 <ba0f0db5-7f7a-4608-88b0-bdbeb9bea1de> (ElyBy)/DEBUG] [CustomSkinLoader Core]: Try to request 'http://skinsystem.ely.by/textures/StellarFox1'.
[2026-09-29 09:04:09] [StellarFox1 <ba0f0db5-7f7a-4608-88b0-bdbeb9bea1de>/INFO] [CustomSkinLoader Core]: 11/12 Try to load profile from 'CloakPlus'.
[2026-09-29 09:04:09] [StellarFox1 <ba0f0db5-7f7a-4608-88b0-bdbeb9bea1de> (TLauncher)/DEBUG] [CustomSkinLoader Core]: Try to request 'https://auth.tlauncher.org/skin/profile/texture/login/StellarFox1'.
[2026-09-29 09:04:09] [StellarFox1 <ba0f0db5-7f7a-4608-88b0-bdbeb9bea1de> (GlitchlessGames)/DEBUG] [CustomSkinLoader Core]: Try to request 'https://games.glitchless.ru/api/minecraft/users/profiles/textures/?nickname=StellarFox1'.
[2026-09-29 09:04:09] [StellarFox1 <ba0f0db5-7f7a-4608-88b0-bdbeb9bea1de>/INFO] [CustomSkinLoader Core]: 12/12 Try to load profile from 'Cosmetica'.
[2026-09-29 09:04:09] [StellarFox1 <ba0f0db5-7f7a-4608-88b0-bdbeb9bea1de> (MinecraftCapes)/DEBUG] [CustomSkinLoader Core]: Try to request 'https://api.minecraftcapes.net/profile/ba0f0db57f7a460888b0bdbeb9bea1de'.
[2026-09-29 09:04:09] [StellarFox1 <ba0f0db5-7f7a-4608-88b0-bdbeb9bea1de> (OptiFine)/DEBUG] [CustomSkinLoader Core]: Try to request 'https://optifine.net/capes/StellarFox1.png'.
[2026-09-29 09:04:09] [StellarFox1 <ba0f0db5-7f7a-4608-88b0-bdbeb9bea1de> (ElyBy)/DEBUG] [CustomSkinLoader Core]: Cache file found (Length: 0 , Path: 'C:\Users\whosh\AppData\Roaming\ModrinthApp\profiles\Create_ Remastered\CustomSkinLoader\caches\3b3cce223716de55b9a17b46caa02a7b87781554' , Expire: 1790639195)
[2026-09-29 09:04:09] [StellarFox1 <ba0f0db5-7f7a-4608-88b0-bdbeb9bea1de> (CloakPlus)/DEBUG] [CustomSkinLoader Core]: Try to request 'http://161.35.130.99/capes/StellarFox1.png'.
[2026-09-29 09:04:09] [StellarFox1 <ba0f0db5-7f7a-4608-88b0-bdbeb9bea1de> (ElyBy)/INFO] [CustomSkinLoader Core]: Try to load from cache 'C:\Users\whosh\AppData\Roaming\ModrinthApp\profiles\Create_ Remastered\CustomSkinLoader\caches\3b3cce223716de55b9a17b46caa02a7b87781554'.
[2026-09-29 09:04:09] [StellarFox1 <ba0f0db5-7f7a-4608-88b0-bdbeb9bea1de> (Cosmetica)/DEBUG] [CustomSkinLoader Core]: Try to request 'https://api.cosmetica.cc/get/cloak?username=StellarFox1&uuid=ba0f0db5-7f7a-4608-88b0-bdbeb9bea1de&nothirdparty'.
[2026-09-29 09:04:09] [StellarFox1 <ba0f0db5-7f7a-4608-88b0-bdbeb9bea1de> (ElyBy)/DEBUG] [CustomSkinLoader Core]: Successfully load from cache
[2026-09-29 09:04:09] [StellarFox1 <ba0f0db5-7f7a-4608-88b0-bdbeb9bea1de> (ElyBy)/DEBUG] [CustomSkinLoader Core]: Content: 
[2026-09-29 09:04:09] [StellarFox1 <ba0f0db5-7f7a-4608-88b0-bdbeb9bea1de> (ElyBy)/INFO] [CustomSkinLoader Core]: Profile not found.
[2026-09-29 09:04:09] [StellarFox1 <ba0f0db5-7f7a-4608-88b0-bdbeb9bea1de> (Cosmetica)/DEBUG] [CustomSkinLoader Core]: Cache file found (Length: 8227 , Path: 'C:\Users\whosh\AppData\Roaming\ModrinthApp\profiles\Create_ Remastered\CustomSkinLoader\caches\09b251b1aa7f6f0a8f7025667d3d754114034bdc' , Expire: 1790908400)
[2026-09-29 09:04:09] [StellarFox1 <ba0f0db5-7f7a-4608-88b0-bdbeb9bea1de> (MinecraftCapes)/DEBUG] [CustomSkinLoader Core]: Successfully request (Response Code: 304 , Content Length: -1)
[2026-09-29 09:04:09] [StellarFox1 <ba0f0db5-7f7a-4608-88b0-bdbeb9bea1de> (MinecraftCapes)/DEBUG] [CustomSkinLoader Core]: Cache file found (Length: 241 , Path: 'C:\Users\whosh\AppData\Roaming\ModrinthApp\profiles\Create_ Remastered\CustomSkinLoader\caches\5d3b73e86a212e93c58c98620eab9beba796f59d' , Expire: 0)
[2026-09-29 09:04:09] [StellarFox1 <ba0f0db5-7f7a-4608-88b0-bdbeb9bea1de> (MinecraftCapes)/INFO] [CustomSkinLoader Core]: Try to load from cache 'C:\Users\whosh\AppData\Roaming\ModrinthApp\profiles\Create_ Remastered\CustomSkinLoader\caches\5d3b73e86a212e93c58c98620eab9beba796f59d'.
[2026-09-29 09:04:09] [StellarFox1 <ba0f0db5-7f7a-4608-88b0-bdbeb9bea1de> (MinecraftCapes)/DEBUG] [CustomSkinLoader Core]: Successfully load from cache
[2026-09-29 09:04:09] [StellarFox1 <ba0f0db5-7f7a-4608-88b0-bdbeb9bea1de> (MinecraftCapes)/DEBUG] [CustomSkinLoader Core]: Content: {"animatedCape":false,"capeGlint":false,"upsideDown":false,"animated_cape_url":null,"cape_url":null,"ear_url":null,"textures":{"_IMPORTANT":"We are removing base64 textures, please use the above parameters instead.","cape":null,"ears":null}}
[2026-09-29 09:04:09] [StellarFox1 <ba0f0db5-7f7a-4608-88b0-bdbeb9bea1de> (MinecraftCapes)/INFO] [CustomSkinLoader Core]: Both skin and cape not found.
[2026-09-29 09:04:10] [StellarFox1 <ba0f0db5-7f7a-4608-88b0-bdbeb9bea1de> (BlessingSkin)/DEBUG] [CustomSkinLoader Core]: Failed to request (Response Code: 404)
[2026-09-29 09:04:10] [StellarFox1 <ba0f0db5-7f7a-4608-88b0-bdbeb9bea1de> (BlessingSkin)/INFO] [CustomSkinLoader Core]: Profile not found.
[2026-09-29 09:04:10] [StellarFox1 <ba0f0db5-7f7a-4608-88b0-bdbeb9bea1de> (OptiFine)/DEBUG] [CustomSkinLoader Core]: Failed to request (Response Code: 404)
[2026-09-29 09:04:10] [StellarFox1 <ba0f0db5-7f7a-4608-88b0-bdbeb9bea1de> (OptiFine)/INFO] [CustomSkinLoader Core]: No texture could be found.
[2026-09-29 09:04:10] [StellarFox1 <ba0f0db5-7f7a-4608-88b0-bdbeb9bea1de> (TLauncher)/DEBUG] [CustomSkinLoader Core]: Successfully request (Response Code: 200 , Content Length: -1)
[2026-09-29 09:04:10] [StellarFox1 <ba0f0db5-7f7a-4608-88b0-bdbeb9bea1de> (TLauncher)/DEBUG] [CustomSkinLoader Core]: Saved to cache (Length: 2 , Path: 'C:\Users\whosh\AppData\Roaming\ModrinthApp\profiles\Create_ Remastered\CustomSkinLoader\caches\dfd943c58c4b794225ac649fbf576e9285c8abee' , Expire: 1790636741)
[2026-09-29 09:04:10] [StellarFox1 <ba0f0db5-7f7a-4608-88b0-bdbeb9bea1de> (TLauncher)/DEBUG] [CustomSkinLoader Core]: Content: {}
[2026-09-29 09:04:10] [StellarFox1 <ba0f0db5-7f7a-4608-88b0-bdbeb9bea1de> (TLauncher)/INFO] [CustomSkinLoader Core]: Both skin and cape not found.
[2026-09-29 09:04:10] [StellarFox1 <ba0f0db5-7f7a-4608-88b0-bdbeb9bea1de> (CloakPlus)/DEBUG] [CustomSkinLoader Core]: Failed to request (Response Code: 502)
[2026-09-29 09:04:10] [StellarFox1 <ba0f0db5-7f7a-4608-88b0-bdbeb9bea1de> (CloakPlus)/INFO] [CustomSkinLoader Core]: No texture could be found.
[2026-09-29 09:04:10] [StellarFox1 <ba0f0db5-7f7a-4608-88b0-bdbeb9bea1de> (Mojang)/DEBUG] [CustomSkinLoader Core]: Successfully request (Response Code: 200 , Content Length: 545)
[2026-09-29 09:04:10] [StellarFox1 <ba0f0db5-7f7a-4608-88b0-bdbeb9bea1de> (Mojang)/DEBUG] [CustomSkinLoader Core]: Saved to cache (Length: 545 , Path: 'C:\Users\whosh\AppData\Roaming\ModrinthApp\profiles\Create_ Remastered\CustomSkinLoader\caches\0d240c790d6b973e6f93d13d4fb7cc13d197a32b' , Expire: 1790636670)
[2026-09-29 09:04:10] [StellarFox1 <ba0f0db5-7f7a-4608-88b0-bdbeb9bea1de> (Mojang)/DEBUG] [CustomSkinLoader Core]: Content: {
  "id" : "ba0f0db57f7a460888b0bdbeb9bea1de",
  "name" : "StellarFox1",
  "properties" : [ {
    "name" : "textures",
    "value" : "ewogICJ0aW1lc3RhbXAiIDogMTc5MDYzNjY1MTU4MSwKICAicHJvZmlsZUlkIiA6ICJiYTBmMGRiNTdmN2E0NjA4ODhiMGJkYmViOWJlYTFkZSIsCiAgInByb2ZpbGVOYW1lIiA6ICJTdGVsbGFyRm94MSIsCiAgInRleHR1cmVzIiA6IHsKICAgICJTS0lOIiA6IHsKICAgICAgInVybCIgOiAiaHR0cDovL3RleHR1cmVzLm1pbmVjcmFmdC5uZXQvdGV4dHVyZS9lYmRmZjBlZjM5NmE1YmJjNWRlOTQyYWJlNWM1NzE4MTU1Y2MzNTBkZDlmNjIyYWExNGIxZGQyM2U1YWM4MmVlIgogICAgfQogIH0KfQ=="
  } ],
  "profileActions" : [ ]
}
[2026-09-29 09:04:10] [StellarFox1 <ba0f0db5-7f7a-4608-88b0-bdbeb9bea1de> (LittleSkin)/DEBUG] [CustomSkinLoader Core]: Successfully request (Response Code: 200 , Content Length: 2)
[2026-09-29 09:04:10] [StellarFox1 <ba0f0db5-7f7a-4608-88b0-bdbeb9bea1de> (LittleSkin)/DEBUG] [CustomSkinLoader Core]: Saved to cache (Length: 2 , Path: 'C:\Users\whosh\AppData\Roaming\ModrinthApp\profiles\Create_ Remastered\CustomSkinLoader\caches\04a8213060de2342b7b98afd04be478dc22027ee' , Expire: 1790636743)
[2026-09-29 09:04:10] [StellarFox1 <ba0f0db5-7f7a-4608-88b0-bdbeb9bea1de> (LittleSkin)/DEBUG] [CustomSkinLoader Core]: Content: {}
[2026-09-29 09:04:10] [StellarFox1 <ba0f0db5-7f7a-4608-88b0-bdbeb9bea1de> (LittleSkin)/INFO] [CustomSkinLoader Core]: Both skin and cape not found.
[2026-09-29 09:04:10] [StellarFox1 <ba0f0db5-7f7a-4608-88b0-bdbeb9bea1de> (GlitchlessGames)/DEBUG] [CustomSkinLoader Core]: Failed to request (Response Code: 404)
[2026-09-29 09:04:10] [StellarFox1 <ba0f0db5-7f7a-4608-88b0-bdbeb9bea1de> (GlitchlessGames)/INFO] [CustomSkinLoader Core]: Profile not found.
[2026-09-29 09:04:10] [StellarFox1 <ba0f0db5-7f7a-4608-88b0-bdbeb9bea1de>/INFO] [CustomSkinLoader Core]: StellarFox1's profile loaded. (1026ms)
[2026-09-29 09:04:10] [StellarFox1 <ba0f0db5-7f7a-4608-88b0-bdbeb9bea1de>/INFO] [CustomSkinLoader Core]: (SkinUrl: (LOCAL_LEGACY)a4b327b6000da5c89b6ada28a472d9731dfd7499,LocalSkin/skins/StellarFox1.png , Model: auto , CapeUrl: (LEGACY)https://api.cosmetica.cc/get/cloak?username=StellarFox1&uuid=ba0f0db5-7f7a-4608-88b0-bdbeb9bea1de&nothirdparty  , Expiry: 1790636680)
[2026-09-29 09:08:50] [StellarFox1 <ba0f0db5-7f7a-4608-88b0-bdbeb9bea1de>/INFO] [CustomSkinLoader Core]: Loading StellarFox1's profile.
[2026-09-29 09:08:50] [StellarFox1 <ba0f0db5-7f7a-4608-88b0-bdbeb9bea1de>/INFO] [CustomSkinLoader Core]: 1/12 Try to load profile from 'LocalSkin'.
[2026-09-29 09:08:50] [StellarFox1 <ba0f0db5-7f7a-4608-88b0-bdbeb9bea1de>/INFO] [CustomSkinLoader Core]: 2/12 Try to load profile from 'GameProfile'.
[2026-09-29 09:08:50] [StellarFox1 <ba0f0db5-7f7a-4608-88b0-bdbeb9bea1de>/INFO] [CustomSkinLoader Core]: 3/12 Try to load profile from 'Mojang'.
[2026-09-29 09:08:50] [StellarFox1 <ba0f0db5-7f7a-4608-88b0-bdbeb9bea1de>/INFO] [CustomSkinLoader Core]: 4/12 Try to load profile from 'LittleSkin'.
[2026-09-29 09:08:50] [StellarFox1 <ba0f0db5-7f7a-4608-88b0-bdbeb9bea1de>/INFO] [CustomSkinLoader Core]: 5/12 Try to load profile from 'BlessingSkin'.
[2026-09-29 09:08:50] [StellarFox1 <ba0f0db5-7f7a-4608-88b0-bdbeb9bea1de>/INFO] [CustomSkinLoader Core]: 6/12 Try to load profile from 'ElyBy'.
[2026-09-29 09:08:50] [StellarFox1 <ba0f0db5-7f7a-4608-88b0-bdbeb9bea1de>/INFO] [CustomSkinLoader Core]: 7/12 Try to load profile from 'TLauncher'.
[2026-09-29 09:08:50] [StellarFox1 <ba0f0db5-7f7a-4608-88b0-bdbeb9bea1de>/INFO] [CustomSkinLoader Core]: 8/12 Try to load profile from 'GlitchlessGames'.
[2026-09-29 09:08:50] [StellarFox1 <ba0f0db5-7f7a-4608-88b0-bdbeb9bea1de>/INFO] [CustomSkinLoader Core]: 9/12 Try to load profile from 'MinecraftCapes'.
[2026-09-29 09:08:50] [StellarFox1 <ba0f0db5-7f7a-4608-88b0-bdbeb9bea1de>/INFO] [CustomSkinLoader Core]: 10/12 Try to load profile from 'OptiFine'.
[2026-09-29 09:08:50] [StellarFox1 <ba0f0db5-7f7a-4608-88b0-bdbeb9bea1de>/INFO] [CustomSkinLoader Core]: 11/12 Try to load profile from 'CloakPlus'.
[2026-09-29 09:08:50] [StellarFox1 <ba0f0db5-7f7a-4608-88b0-bdbeb9bea1de>/INFO] [CustomSkinLoader Core]: 12/12 Try to load profile from 'Cosmetica'.
[2026-09-29 09:08:50] [StellarFox1 <ba0f0db5-7f7a-4608-88b0-bdbeb9bea1de> (MinecraftCapes)/DEBUG] [CustomSkinLoader Core]: Try to request 'https://api.minecraftcapes.net/profile/ba0f0db57f7a460888b0bdbeb9bea1de'.
[2026-09-29 09:08:50] [StellarFox1 <ba0f0db5-7f7a-4608-88b0-bdbeb9bea1de> (GameProfile)/INFO] [CustomSkinLoader Core]: Default profile will be used.
[2026-09-29 09:08:50] [StellarFox1 <ba0f0db5-7f7a-4608-88b0-bdbeb9bea1de> (CloakPlus)/DEBUG] [CustomSkinLoader Core]: Try to request 'http://161.35.130.99/capes/StellarFox1.png'.
[2026-09-29 09:08:50] [StellarFox1 <ba0f0db5-7f7a-4608-88b0-bdbeb9bea1de> (BlessingSkin)/DEBUG] [CustomSkinLoader Core]: Try to request 'https://skin.prinzeugen.net/StellarFox1.json'.
[2026-09-29 09:08:50] [StellarFox1 <ba0f0db5-7f7a-4608-88b0-bdbeb9bea1de> (ElyBy)/DEBUG] [CustomSkinLoader Core]: Try to request 'http://skinsystem.ely.by/textures/StellarFox1'.
[2026-09-29 09:08:50] [StellarFox1 <ba0f0db5-7f7a-4608-88b0-bdbeb9bea1de> (GlitchlessGames)/DEBUG] [CustomSkinLoader Core]: Try to request 'https://games.glitchless.ru/api/minecraft/users/profiles/textures/?nickname=StellarFox1'.
[2026-09-29 09:08:50] [StellarFox1 <ba0f0db5-7f7a-4608-88b0-bdbeb9bea1de> (TLauncher)/DEBUG] [CustomSkinLoader Core]: Try to request 'https://auth.tlauncher.org/skin/profile/texture/login/StellarFox1'.
[2026-09-29 09:08:50] [StellarFox1 <ba0f0db5-7f7a-4608-88b0-bdbeb9bea1de> (OptiFine)/DEBUG] [CustomSkinLoader Core]: Try to request 'https://optifine.net/capes/StellarFox1.png'.
[2026-09-29 09:08:50] [StellarFox1 <ba0f0db5-7f7a-4608-88b0-bdbeb9bea1de> (Mojang)/DEBUG] [CustomSkinLoader Core]: Try to request 'https://sessionserver.mojang.com/session/minecraft/profile/ba0f0db57f7a460888b0bdbeb9bea1de'.
[2026-09-29 09:08:50] [StellarFox1 <ba0f0db5-7f7a-4608-88b0-bdbeb9bea1de> (LittleSkin)/DEBUG] [CustomSkinLoader Core]: Try to request 'https://littleskin.cn/csl/StellarFox1.json'.
[2026-09-29 09:08:50] [StellarFox1 <ba0f0db5-7f7a-4608-88b0-bdbeb9bea1de> (ElyBy)/DEBUG] [CustomSkinLoader Core]: Cache file found (Length: 0 , Path: 'C:\Users\whosh\AppData\Roaming\ModrinthApp\profiles\Create_ Remastered\CustomSkinLoader\caches\3b3cce223716de55b9a17b46caa02a7b87781554' , Expire: 1790639195)
[2026-09-29 09:08:50] [StellarFox1 <ba0f0db5-7f7a-4608-88b0-bdbeb9bea1de> (ElyBy)/INFO] [CustomSkinLoader Core]: Try to load from cache 'C:\Users\whosh\AppData\Roaming\ModrinthApp\profiles\Create_ Remastered\CustomSkinLoader\caches\3b3cce223716de55b9a17b46caa02a7b87781554'.
[2026-09-29 09:08:50] [StellarFox1 <ba0f0db5-7f7a-4608-88b0-bdbeb9bea1de> (Cosmetica)/DEBUG] [CustomSkinLoader Core]: Try to request 'https://api.cosmetica.cc/get/cloak?username=StellarFox1&uuid=ba0f0db5-7f7a-4608-88b0-bdbeb9bea1de&nothirdparty'.
[2026-09-29 09:08:50] [StellarFox1 <ba0f0db5-7f7a-4608-88b0-bdbeb9bea1de> (ElyBy)/DEBUG] [CustomSkinLoader Core]: Successfully load from cache
[2026-09-29 09:08:50] [StellarFox1 <ba0f0db5-7f7a-4608-88b0-bdbeb9bea1de> (ElyBy)/DEBUG] [CustomSkinLoader Core]: Content: 
[2026-09-29 09:08:50] [StellarFox1 <ba0f0db5-7f7a-4608-88b0-bdbeb9bea1de> (ElyBy)/INFO] [CustomSkinLoader Core]: Profile not found.
[2026-09-29 09:08:50] [StellarFox1 <ba0f0db5-7f7a-4608-88b0-bdbeb9bea1de> (Cosmetica)/DEBUG] [CustomSkinLoader Core]: Cache file found (Length: 8227 , Path: 'C:\Users\whosh\AppData\Roaming\ModrinthApp\profiles\Create_ Remastered\CustomSkinLoader\caches\09b251b1aa7f6f0a8f7025667d3d754114034bdc' , Expire: 1790908400)
[2026-09-29 09:08:50] [StellarFox1 <ba0f0db5-7f7a-4608-88b0-bdbeb9bea1de> (MinecraftCapes)/DEBUG] [CustomSkinLoader Core]: Successfully request (Response Code: 304 , Content Length: -1)
[2026-09-29 09:08:50] [StellarFox1 <ba0f0db5-7f7a-4608-88b0-bdbeb9bea1de> (MinecraftCapes)/DEBUG] [CustomSkinLoader Core]: Cache file found (Length: 241 , Path: 'C:\Users\whosh\AppData\Roaming\ModrinthApp\profiles\Create_ Remastered\CustomSkinLoader\caches\5d3b73e86a212e93c58c98620eab9beba796f59d' , Expire: 0)
[2026-09-29 09:08:50] [StellarFox1 <ba0f0db5-7f7a-4608-88b0-bdbeb9bea1de> (MinecraftCapes)/INFO] [CustomSkinLoader Core]: Try to load from cache 'C:\Users\whosh\AppData\Roaming\ModrinthApp\profiles\Create_ Remastered\CustomSkinLoader\caches\5d3b73e86a212e93c58c98620eab9beba796f59d'.
[2026-09-29 09:08:50] [StellarFox1 <ba0f0db5-7f7a-4608-88b0-bdbeb9bea1de> (MinecraftCapes)/DEBUG] [CustomSkinLoader Core]: Successfully load from cache
[2026-09-29 09:08:50] [StellarFox1 <ba0f0db5-7f7a-4608-88b0-bdbeb9bea1de> (MinecraftCapes)/DEBUG] [CustomSkinLoader Core]: Content: {"animatedCape":false,"capeGlint":false,"upsideDown":false,"animated_cape_url":null,"cape_url":null,"ear_url":null,"textures":{"_IMPORTANT":"We are removing base64 textures, please use the above parameters instead.","cape":null,"ears":null}}
[2026-09-29 09:08:50] [StellarFox1 <ba0f0db5-7f7a-4608-88b0-bdbeb9bea1de> (MinecraftCapes)/INFO] [CustomSkinLoader Core]: Both skin and cape not found.
[2026-09-29 09:08:50] [StellarFox1 <ba0f0db5-7f7a-4608-88b0-bdbeb9bea1de> (BlessingSkin)/DEBUG] [CustomSkinLoader Core]: Failed to request (Response Code: 404)
[2026-09-29 09:08:50] [StellarFox1 <ba0f0db5-7f7a-4608-88b0-bdbeb9bea1de> (BlessingSkin)/INFO] [CustomSkinLoader Core]: Profile not found.
[2026-09-29 09:08:50] [StellarFox1 <ba0f0db5-7f7a-4608-88b0-bdbeb9bea1de> (CloakPlus)/DEBUG] [CustomSkinLoader Core]: Failed to request (Response Code: 502)
[2026-09-29 09:08:50] [StellarFox1 <ba0f0db5-7f7a-4608-88b0-bdbeb9bea1de> (CloakPlus)/INFO] [CustomSkinLoader Core]: No texture could be found.
[2026-09-29 09:08:51] [StellarFox1 <ba0f0db5-7f7a-4608-88b0-bdbeb9bea1de> (OptiFine)/DEBUG] [CustomSkinLoader Core]: Failed to request (Response Code: 404)
[2026-09-29 09:08:51] [StellarFox1 <ba0f0db5-7f7a-4608-88b0-bdbeb9bea1de> (OptiFine)/INFO] [CustomSkinLoader Core]: No texture could be found.
[2026-09-29 09:08:51] [StellarFox1 <ba0f0db5-7f7a-4608-88b0-bdbeb9bea1de> (Mojang)/DEBUG] [CustomSkinLoader Core]: Successfully request (Response Code: 200 , Content Length: 545)
[2026-09-29 09:08:51] [StellarFox1 <ba0f0db5-7f7a-4608-88b0-bdbeb9bea1de> (Mojang)/DEBUG] [CustomSkinLoader Core]: Saved to cache (Length: 545 , Path: 'C:\Users\whosh\AppData\Roaming\ModrinthApp\profiles\Create_ Remastered\CustomSkinLoader\caches\0d240c790d6b973e6f93d13d4fb7cc13d197a32b' , Expire: 1790636951)
[2026-09-29 09:08:51] [StellarFox1 <ba0f0db5-7f7a-4608-88b0-bdbeb9bea1de> (Mojang)/DEBUG] [CustomSkinLoader Core]: Content: {
  "id" : "ba0f0db57f7a460888b0bdbeb9bea1de",
  "name" : "StellarFox1",
  "properties" : [ {
    "name" : "textures",
    "value" : "ewogICJ0aW1lc3RhbXAiIDogMTc5MDYzNjkzMjE0NCwKICAicHJvZmlsZUlkIiA6ICJiYTBmMGRiNTdmN2E0NjA4ODhiMGJkYmViOWJlYTFkZSIsCiAgInByb2ZpbGVOYW1lIiA6ICJTdGVsbGFyRm94MSIsCiAgInRleHR1cmVzIiA6IHsKICAgICJTS0lOIiA6IHsKICAgICAgInVybCIgOiAiaHR0cDovL3RleHR1cmVzLm1pbmVjcmFmdC5uZXQvdGV4dHVyZS9lYmRmZjBlZjM5NmE1YmJjNWRlOTQyYWJlNWM1NzE4MTU1Y2MzNTBkZDlmNjIyYWExNGIxZGQyM2U1YWM4MmVlIgogICAgfQogIH0KfQ=="
  } ],
  "profileActions" : [ ]
}
[2026-09-29 09:08:51] [StellarFox1 <ba0f0db5-7f7a-4608-88b0-bdbeb9bea1de> (LittleSkin)/DEBUG] [CustomSkinLoader Core]: Successfully request (Response Code: 200 , Content Length: 2)
[2026-09-29 09:08:51] [StellarFox1 <ba0f0db5-7f7a-4608-88b0-bdbeb9bea1de> (LittleSkin)/DEBUG] [CustomSkinLoader Core]: Saved to cache (Length: 2 , Path: 'C:\Users\whosh\AppData\Roaming\ModrinthApp\profiles\Create_ Remastered\CustomSkinLoader\caches\04a8213060de2342b7b98afd04be478dc22027ee' , Expire: 1790637023)
[2026-09-29 09:08:51] [StellarFox1 <ba0f0db5-7f7a-4608-88b0-bdbeb9bea1de> (LittleSkin)/DEBUG] [CustomSkinLoader Core]: Content: {}
[2026-09-29 09:08:51] [StellarFox1 <ba0f0db5-7f7a-4608-88b0-bdbeb9bea1de> (LittleSkin)/INFO] [CustomSkinLoader Core]: Both skin and cape not found.
[2026-09-29 09:08:51] [StellarFox1 <ba0f0db5-7f7a-4608-88b0-bdbeb9bea1de> (GlitchlessGames)/DEBUG] [CustomSkinLoader Core]: Failed to request (Response Code: 404)
[2026-09-29 09:08:51] [StellarFox1 <ba0f0db5-7f7a-4608-88b0-bdbeb9bea1de> (GlitchlessGames)/INFO] [CustomSkinLoader Core]: Profile not found.
[2026-09-29 09:08:51] [StellarFox1 <ba0f0db5-7f7a-4608-88b0-bdbeb9bea1de> (TLauncher)/DEBUG] [CustomSkinLoader Core]: Successfully request (Response Code: 200 , Content Length: -1)
[2026-09-29 09:08:51] [StellarFox1 <ba0f0db5-7f7a-4608-88b0-bdbeb9bea1de> (TLauncher)/DEBUG] [CustomSkinLoader Core]: Saved to cache (Length: 2 , Path: 'C:\Users\whosh\AppData\Roaming\ModrinthApp\profiles\Create_ Remastered\CustomSkinLoader\caches\dfd943c58c4b794225ac649fbf576e9285c8abee' , Expire: 1790637021)
[2026-09-29 09:08:51] [StellarFox1 <ba0f0db5-7f7a-4608-88b0-bdbeb9bea1de> (TLauncher)/DEBUG] [CustomSkinLoader Core]: Content: {}
[2026-09-29 09:08:51] [StellarFox1 <ba0f0db5-7f7a-4608-88b0-bdbeb9bea1de> (TLauncher)/INFO] [CustomSkinLoader Core]: Both skin and cape not found.
[2026-09-29 09:08:51] [StellarFox1 <ba0f0db5-7f7a-4608-88b0-bdbeb9bea1de>/INFO] [CustomSkinLoader Core]: StellarFox1's profile loaded. (1319ms)
[2026-09-29 09:08:51] [StellarFox1 <ba0f0db5-7f7a-4608-88b0-bdbeb9bea1de>/INFO] [CustomSkinLoader Core]: (SkinUrl: (LOCAL_LEGACY)a4b327b6000da5c89b6ada28a472d9731dfd7499,LocalSkin/skins/StellarFox1.png , Model: auto , CapeUrl: (LEGACY)https://api.cosmetica.cc/get/cloak?username=StellarFox1&uuid=ba0f0db5-7f7a-4608-88b0-bdbeb9bea1de&nothirdparty  , Expiry: 1790636961)
[2026-09-29 09:14:48] [StellarFox1 <ba0f0db5-7f7a-4608-88b0-bdbeb9bea1de>/INFO] [CustomSkinLoader Core]: Loading StellarFox1's profile.
[2026-09-29 09:14:48] [StellarFox1 <ba0f0db5-7f7a-4608-88b0-bdbeb9bea1de>/INFO] [CustomSkinLoader Core]: 1/12 Try to load profile from 'LocalSkin'.
[2026-09-29 09:14:48] [StellarFox1 <ba0f0db5-7f7a-4608-88b0-bdbeb9bea1de>/INFO] [CustomSkinLoader Core]: 2/12 Try to load profile from 'GameProfile'.
[2026-09-29 09:14:48] [StellarFox1 <ba0f0db5-7f7a-4608-88b0-bdbeb9bea1de>/INFO] [CustomSkinLoader Core]: 3/12 Try to load profile from 'Mojang'.
[2026-09-29 09:14:48] [StellarFox1 <ba0f0db5-7f7a-4608-88b0-bdbeb9bea1de>/INFO] [CustomSkinLoader Core]: 4/12 Try to load profile from 'LittleSkin'.
[2026-09-29 09:14:48] [StellarFox1 <ba0f0db5-7f7a-4608-88b0-bdbeb9bea1de>/INFO] [CustomSkinLoader Core]: 5/12 Try to load profile from 'BlessingSkin'.
[2026-09-29 09:14:48] [StellarFox1 <ba0f0db5-7f7a-4608-88b0-bdbeb9bea1de>/INFO] [CustomSkinLoader Core]: 6/12 Try to load profile from 'ElyBy'.
[2026-09-29 09:14:48] [StellarFox1 <ba0f0db5-7f7a-4608-88b0-bdbeb9bea1de>/INFO] [CustomSkinLoader Core]: 7/12 Try to load profile from 'TLauncher'.
[2026-09-29 09:14:48] [StellarFox1 <ba0f0db5-7f7a-4608-88b0-bdbeb9bea1de> (Mojang)/DEBUG] [CustomSkinLoader Core]: Try to request 'https://sessionserver.mojang.com/session/minecraft/profile/ba0f0db57f7a460888b0bdbeb9bea1de'.
[2026-09-29 09:14:48] [StellarFox1 <ba0f0db5-7f7a-4608-88b0-bdbeb9bea1de> (GameProfile)/INFO] [CustomSkinLoader Core]: Default profile will be used.
[2026-09-29 09:14:48] [StellarFox1 <ba0f0db5-7f7a-4608-88b0-bdbeb9bea1de>/INFO] [CustomSkinLoader Core]: 8/12 Try to load profile from 'GlitchlessGames'.
[2026-09-29 09:14:48] [StellarFox1 <ba0f0db5-7f7a-4608-88b0-bdbeb9bea1de> (LittleSkin)/DEBUG] [CustomSkinLoader Core]: Try to request 'https://littleskin.cn/csl/StellarFox1.json'.
[2026-09-29 09:14:48] [StellarFox1 <ba0f0db5-7f7a-4608-88b0-bdbeb9bea1de>/INFO] [CustomSkinLoader Core]: 9/12 Try to load profile from 'MinecraftCapes'.
[2026-09-29 09:14:48] [StellarFox1 <ba0f0db5-7f7a-4608-88b0-bdbeb9bea1de>/INFO] [CustomSkinLoader Core]: 10/12 Try to load profile from 'OptiFine'.
[2026-09-29 09:14:48] [StellarFox1 <ba0f0db5-7f7a-4608-88b0-bdbeb9bea1de> (BlessingSkin)/DEBUG] [CustomSkinLoader Core]: Try to request 'https://skin.prinzeugen.net/StellarFox1.json'.
[2026-09-29 09:14:48] [StellarFox1 <ba0f0db5-7f7a-4608-88b0-bdbeb9bea1de>/INFO] [CustomSkinLoader Core]: 11/12 Try to load profile from 'CloakPlus'.
[2026-09-29 09:14:48] [StellarFox1 <ba0f0db5-7f7a-4608-88b0-bdbeb9bea1de> (ElyBy)/DEBUG] [CustomSkinLoader Core]: Try to request 'http://skinsystem.ely.by/textures/StellarFox1'.
[2026-09-29 09:14:48] [StellarFox1 <ba0f0db5-7f7a-4608-88b0-bdbeb9bea1de>/INFO] [CustomSkinLoader Core]: 12/12 Try to load profile from 'Cosmetica'.
[2026-09-29 09:14:48] [StellarFox1 <ba0f0db5-7f7a-4608-88b0-bdbeb9bea1de> (MinecraftCapes)/DEBUG] [CustomSkinLoader Core]: Try to request 'https://api.minecraftcapes.net/profile/ba0f0db57f7a460888b0bdbeb9bea1de'.
[2026-09-29 09:14:48] [StellarFox1 <ba0f0db5-7f7a-4608-88b0-bdbeb9bea1de> (GlitchlessGames)/DEBUG] [CustomSkinLoader Core]: Try to request 'https://games.glitchless.ru/api/minecraft/users/profiles/textures/?nickname=StellarFox1'.
[2026-09-29 09:14:48] [StellarFox1 <ba0f0db5-7f7a-4608-88b0-bdbeb9bea1de> (OptiFine)/DEBUG] [CustomSkinLoader Core]: Try to request 'https://optifine.net/capes/StellarFox1.png'.
[2026-09-29 09:14:48] [StellarFox1 <ba0f0db5-7f7a-4608-88b0-bdbeb9bea1de> (ElyBy)/DEBUG] [CustomSkinLoader Core]: Cache file found (Length: 0 , Path: 'C:\Users\whosh\AppData\Roaming\ModrinthApp\profiles\Create_ Remastered\CustomSkinLoader\caches\3b3cce223716de55b9a17b46caa02a7b87781554' , Expire: 1790639195)
[2026-09-29 09:14:48] [StellarFox1 <ba0f0db5-7f7a-4608-88b0-bdbeb9bea1de> (ElyBy)/INFO] [CustomSkinLoader Core]: Try to load from cache 'C:\Users\whosh\AppData\Roaming\ModrinthApp\profiles\Create_ Remastered\CustomSkinLoader\caches\3b3cce223716de55b9a17b46caa02a7b87781554'.
[2026-09-29 09:14:48] [StellarFox1 <ba0f0db5-7f7a-4608-88b0-bdbeb9bea1de> (ElyBy)/DEBUG] [CustomSkinLoader Core]: Successfully load from cache
[2026-09-29 09:14:48] [StellarFox1 <ba0f0db5-7f7a-4608-88b0-bdbeb9bea1de> (TLauncher)/DEBUG] [CustomSkinLoader Core]: Try to request 'https://auth.tlauncher.org/skin/profile/texture/login/StellarFox1'.
[2026-09-29 09:14:48] [StellarFox1 <ba0f0db5-7f7a-4608-88b0-bdbeb9bea1de> (CloakPlus)/DEBUG] [CustomSkinLoader Core]: Try to request 'http://161.35.130.99/capes/StellarFox1.png'.
[2026-09-29 09:14:48] [StellarFox1 <ba0f0db5-7f7a-4608-88b0-bdbeb9bea1de> (ElyBy)/DEBUG] [CustomSkinLoader Core]: Content: 
[2026-09-29 09:14:48] [StellarFox1 <ba0f0db5-7f7a-4608-88b0-bdbeb9bea1de> (ElyBy)/INFO] [CustomSkinLoader Core]: Profile not found.
[2026-09-29 09:14:48] [StellarFox1 <ba0f0db5-7f7a-4608-88b0-bdbeb9bea1de> (Cosmetica)/DEBUG] [CustomSkinLoader Core]: Try to request 'https://api.cosmetica.cc/get/cloak?username=StellarFox1&uuid=ba0f0db5-7f7a-4608-88b0-bdbeb9bea1de&nothirdparty'.
[2026-09-29 09:14:48] [StellarFox1 <ba0f0db5-7f7a-4608-88b0-bdbeb9bea1de> (Cosmetica)/DEBUG] [CustomSkinLoader Core]: Cache file found (Length: 8227 , Path: 'C:\Users\whosh\AppData\Roaming\ModrinthApp\profiles\Create_ Remastered\CustomSkinLoader\caches\09b251b1aa7f6f0a8f7025667d3d754114034bdc' , Expire: 1790908400)
[2026-09-29 09:14:48] [StellarFox1 <ba0f0db5-7f7a-4608-88b0-bdbeb9bea1de> (MinecraftCapes)/DEBUG] [CustomSkinLoader Core]: Successfully request (Response Code: 304 , Content Length: -1)
[2026-09-29 09:14:48] [StellarFox1 <ba0f0db5-7f7a-4608-88b0-bdbeb9bea1de> (BlessingSkin)/DEBUG] [CustomSkinLoader Core]: Failed to request (Response Code: 404)
[2026-09-29 09:14:48] [StellarFox1 <ba0f0db5-7f7a-4608-88b0-bdbeb9bea1de> (BlessingSkin)/INFO] [CustomSkinLoader Core]: Profile not found.
[2026-09-29 09:14:48] [StellarFox1 <ba0f0db5-7f7a-4608-88b0-bdbeb9bea1de> (MinecraftCapes)/DEBUG] [CustomSkinLoader Core]: Cache file found (Length: 241 , Path: 'C:\Users\whosh\AppData\Roaming\ModrinthApp\profiles\Create_ Remastered\CustomSkinLoader\caches\5d3b73e86a212e93c58c98620eab9beba796f59d' , Expire: 0)
[2026-09-29 09:14:48] [StellarFox1 <ba0f0db5-7f7a-4608-88b0-bdbeb9bea1de> (MinecraftCapes)/INFO] [CustomSkinLoader Core]: Try to load from cache 'C:\Users\whosh\AppData\Roaming\ModrinthApp\profiles\Create_ Remastered\CustomSkinLoader\caches\5d3b73e86a212e93c58c98620eab9beba796f59d'.
[2026-09-29 09:14:48] [StellarFox1 <ba0f0db5-7f7a-4608-88b0-bdbeb9bea1de> (MinecraftCapes)/DEBUG] [CustomSkinLoader Core]: Successfully load from cache
[2026-09-29 09:14:48] [StellarFox1 <ba0f0db5-7f7a-4608-88b0-bdbeb9bea1de> (MinecraftCapes)/DEBUG] [CustomSkinLoader Core]: Content: {"animatedCape":false,"capeGlint":false,"upsideDown":false,"animated_cape_url":null,"cape_url":null,"ear_url":null,"textures":{"_IMPORTANT":"We are removing base64 textures, please use the above parameters instead.","cape":null,"ears":null}}
[2026-09-29 09:14:48] [StellarFox1 <ba0f0db5-7f7a-4608-88b0-bdbeb9bea1de> (MinecraftCapes)/INFO] [CustomSkinLoader Core]: Both skin and cape not found.
[2026-09-29 09:14:49] [StellarFox1 <ba0f0db5-7f7a-4608-88b0-bdbeb9bea1de> (LittleSkin)/DEBUG] [CustomSkinLoader Core]: Successfully request (Response Code: 200 , Content Length: 2)
[2026-09-29 09:14:49] [StellarFox1 <ba0f0db5-7f7a-4608-88b0-bdbeb9bea1de> (LittleSkin)/DEBUG] [CustomSkinLoader Core]: Saved to cache (Length: 2 , Path: 'C:\Users\whosh\AppData\Roaming\ModrinthApp\profiles\Create_ Remastered\CustomSkinLoader\caches\04a8213060de2342b7b98afd04be478dc22027ee' , Expire: 1790637383)
[2026-09-29 09:14:49] [StellarFox1 <ba0f0db5-7f7a-4608-88b0-bdbeb9bea1de> (LittleSkin)/DEBUG] [CustomSkinLoader Core]: Content: {}
[2026-09-29 09:14:49] [StellarFox1 <ba0f0db5-7f7a-4608-88b0-bdbeb9bea1de> (LittleSkin)/INFO] [CustomSkinLoader Core]: Both skin and cape not found.
[2026-09-29 09:14:49] [StellarFox1 <ba0f0db5-7f7a-4608-88b0-bdbeb9bea1de> (CloakPlus)/DEBUG] [CustomSkinLoader Core]: Failed to request (Response Code: 502)
[2026-09-29 09:14:49] [StellarFox1 <ba0f0db5-7f7a-4608-88b0-bdbeb9bea1de> (CloakPlus)/INFO] [CustomSkinLoader Core]: No texture could be found.
[2026-09-29 09:14:49] [StellarFox1 <ba0f0db5-7f7a-4608-88b0-bdbeb9bea1de> (OptiFine)/DEBUG] [CustomSkinLoader Core]: Failed to request (Response Code: 404)
[2026-09-29 09:14:49] [StellarFox1 <ba0f0db5-7f7a-4608-88b0-bdbeb9bea1de> (OptiFine)/INFO] [CustomSkinLoader Core]: No texture could be found.
[2026-09-29 09:14:49] [StellarFox1 <ba0f0db5-7f7a-4608-88b0-bdbeb9bea1de> (Mojang)/DEBUG] [CustomSkinLoader Core]: Successfully request (Response Code: 200 , Content Length: 545)
[2026-09-29 09:14:49] [StellarFox1 <ba0f0db5-7f7a-4608-88b0-bdbeb9bea1de> (Mojang)/DEBUG] [CustomSkinLoader Core]: Saved to cache (Length: 545 , Path: 'C:\Users\whosh\AppData\Roaming\ModrinthApp\profiles\Create_ Remastered\CustomSkinLoader\caches\0d240c790d6b973e6f93d13d4fb7cc13d197a32b' , Expire: 1790637309)
[2026-09-29 09:14:49] [StellarFox1 <ba0f0db5-7f7a-4608-88b0-bdbeb9bea1de> (Mojang)/DEBUG] [CustomSkinLoader Core]: Content: {
  "id" : "ba0f0db57f7a460888b0bdbeb9bea1de",
  "name" : "StellarFox1",
  "properties" : [ {
    "name" : "textures",
    "value" : "ewogICJ0aW1lc3RhbXAiIDogMTc5MDYzNzI5MDU1NywKICAicHJvZmlsZUlkIiA6ICJiYTBmMGRiNTdmN2E0NjA4ODhiMGJkYmViOWJlYTFkZSIsCiAgInByb2ZpbGVOYW1lIiA6ICJTdGVsbGFyRm94MSIsCiAgInRleHR1cmVzIiA6IHsKICAgICJTS0lOIiA6IHsKICAgICAgInVybCIgOiAiaHR0cDovL3RleHR1cmVzLm1pbmVjcmFmdC5uZXQvdGV4dHVyZS9lYmRmZjBlZjM5NmE1YmJjNWRlOTQyYWJlNWM1NzE4MTU1Y2MzNTBkZDlmNjIyYWExNGIxZGQyM2U1YWM4MmVlIgogICAgfQogIH0KfQ=="
  } ],
  "profileActions" : [ ]
}
[2026-09-29 09:14:49] [StellarFox1 <ba0f0db5-7f7a-4608-88b0-bdbeb9bea1de> (GlitchlessGames)/DEBUG] [CustomSkinLoader Core]: Failed to request (Response Code: 404)
[2026-09-29 09:14:49] [StellarFox1 <ba0f0db5-7f7a-4608-88b0-bdbeb9bea1de> (GlitchlessGames)/INFO] [CustomSkinLoader Core]: Profile not found.
[2026-09-29 09:14:50] [StellarFox1 <ba0f0db5-7f7a-4608-88b0-bdbeb9bea1de> (TLauncher)/DEBUG] [CustomSkinLoader Core]: Successfully request (Response Code: 200 , Content Length: -1)
[2026-09-29 09:14:50] [StellarFox1 <ba0f0db5-7f7a-4608-88b0-bdbeb9bea1de> (TLauncher)/DEBUG] [CustomSkinLoader Core]: Saved to cache (Length: 2 , Path: 'C:\Users\whosh\AppData\Roaming\ModrinthApp\profiles\Create_ Remastered\CustomSkinLoader\caches\dfd943c58c4b794225ac649fbf576e9285c8abee' , Expire: 1790637384)
[2026-09-29 09:14:50] [StellarFox1 <ba0f0db5-7f7a-4608-88b0-bdbeb9bea1de> (TLauncher)/DEBUG] [CustomSkinLoader Core]: Content: {}
[2026-09-29 09:14:50] [StellarFox1 <ba0f0db5-7f7a-4608-88b0-bdbeb9bea1de> (TLauncher)/INFO] [CustomSkinLoader Core]: Both skin and cape not found.
[2026-09-29 09:14:50] [StellarFox1 <ba0f0db5-7f7a-4608-88b0-bdbeb9bea1de>/INFO] [CustomSkinLoader Core]: StellarFox1's profile loaded. (1370ms)
[2026-09-29 09:14:50] [StellarFox1 <ba0f0db5-7f7a-4608-88b0-bdbeb9bea1de>/INFO] [CustomSkinLoader Core]: (SkinUrl: (LOCAL_LEGACY)a4b327b6000da5c89b6ada28a472d9731dfd7499,LocalSkin/skins/StellarFox1.png , Model: auto , CapeUrl: (LEGACY)https://api.cosmetica.cc/get/cloak?username=StellarFox1&uuid=ba0f0db5-7f7a-4608-88b0-bdbeb9bea1de&nothirdparty  , Expiry: 1790637320)
[2026-09-29 09:53:10] [StellarFox1 <ba0f0db5-7f7a-4608-88b0-bdbeb9bea1de>/INFO] [CustomSkinLoader Core]: Loading StellarFox1's profile.
[2026-09-29 09:53:10] [StellarFox1 <ba0f0db5-7f7a-4608-88b0-bdbeb9bea1de>/INFO] [CustomSkinLoader Core]: 1/12 Try to load profile from 'LocalSkin'.
[2026-09-29 09:53:10] [StellarFox1 <ba0f0db5-7f7a-4608-88b0-bdbeb9bea1de>/INFO] [CustomSkinLoader Core]: 2/12 Try to load profile from 'GameProfile'.
[2026-09-29 09:53:10] [StellarFox1 <ba0f0db5-7f7a-4608-88b0-bdbeb9bea1de>/INFO] [CustomSkinLoader Core]: 3/12 Try to load profile from 'Mojang'.
[2026-09-29 09:53:10] [StellarFox1 <ba0f0db5-7f7a-4608-88b0-bdbeb9bea1de>/INFO] [CustomSkinLoader Core]: 4/12 Try to load profile from 'LittleSkin'.
[2026-09-29 09:53:10] [StellarFox1 <ba0f0db5-7f7a-4608-88b0-bdbeb9bea1de>/INFO] [CustomSkinLoader Core]: 5/12 Try to load profile from 'BlessingSkin'.
[2026-09-29 09:53:10] [StellarFox1 <ba0f0db5-7f7a-4608-88b0-bdbeb9bea1de>/INFO] [CustomSkinLoader Core]: 6/12 Try to load profile from 'ElyBy'.
[2026-09-29 09:53:10] [StellarFox1 <ba0f0db5-7f7a-4608-88b0-bdbeb9bea1de>/INFO] [CustomSkinLoader Core]: 7/12 Try to load profile from 'TLauncher'.
[2026-09-29 09:53:10] [StellarFox1 <ba0f0db5-7f7a-4608-88b0-bdbeb9bea1de>/INFO] [CustomSkinLoader Core]: 8/12 Try to load profile from 'GlitchlessGames'.
[2026-09-29 09:53:10] [StellarFox1 <ba0f0db5-7f7a-4608-88b0-bdbeb9bea1de>/INFO] [CustomSkinLoader Core]: 9/12 Try to load profile from 'MinecraftCapes'.
[2026-09-29 09:53:10] [StellarFox1 <ba0f0db5-7f7a-4608-88b0-bdbeb9bea1de>/INFO] [CustomSkinLoader Core]: 10/12 Try to load profile from 'OptiFine'.
[2026-09-29 09:53:10] [StellarFox1 <ba0f0db5-7f7a-4608-88b0-bdbeb9bea1de>/INFO] [CustomSkinLoader Core]: 11/12 Try to load profile from 'CloakPlus'.
[2026-09-29 09:53:10] [StellarFox1 <ba0f0db5-7f7a-4608-88b0-bdbeb9bea1de>/INFO] [CustomSkinLoader Core]: 12/12 Try to load profile from 'Cosmetica'.
[2026-09-29 09:53:10] [StellarFox1 <ba0f0db5-7f7a-4608-88b0-bdbeb9bea1de> (Mojang)/DEBUG] [CustomSkinLoader Core]: Try to request 'https://sessionserver.mojang.com/session/minecraft/profile/ba0f0db57f7a460888b0bdbeb9bea1de'.
[2026-09-29 09:53:10] [StellarFox1 <ba0f0db5-7f7a-4608-88b0-bdbeb9bea1de> (LittleSkin)/DEBUG] [CustomSkinLoader Core]: Try to request 'https://littleskin.cn/csl/StellarFox1.json'.
[2026-09-29 09:53:10] [StellarFox1 <ba0f0db5-7f7a-4608-88b0-bdbeb9bea1de> (BlessingSkin)/DEBUG] [CustomSkinLoader Core]: Try to request 'https://skin.prinzeugen.net/StellarFox1.json'.
[2026-09-29 09:53:10] [StellarFox1 <ba0f0db5-7f7a-4608-88b0-bdbeb9bea1de> (ElyBy)/DEBUG] [CustomSkinLoader Core]: Try to request 'http://skinsystem.ely.by/textures/StellarFox1'.
[2026-09-29 09:53:10] [StellarFox1 <ba0f0db5-7f7a-4608-88b0-bdbeb9bea1de> (TLauncher)/DEBUG] [CustomSkinLoader Core]: Try to request 'https://auth.tlauncher.org/skin/profile/texture/login/StellarFox1'.
[2026-09-29 09:53:10] [StellarFox1 <ba0f0db5-7f7a-4608-88b0-bdbeb9bea1de> (GlitchlessGames)/DEBUG] [CustomSkinLoader Core]: Try to request 'https://games.glitchless.ru/api/minecraft/users/profiles/textures/?nickname=StellarFox1'.
[2026-09-29 09:53:10] [StellarFox1 <ba0f0db5-7f7a-4608-88b0-bdbeb9bea1de> (GameProfile)/INFO] [CustomSkinLoader Core]: Default profile will be used.
[2026-09-29 09:53:10] [StellarFox1 <ba0f0db5-7f7a-4608-88b0-bdbeb9bea1de> (MinecraftCapes)/DEBUG] [CustomSkinLoader Core]: Try to request 'https://api.minecraftcapes.net/profile/ba0f0db57f7a460888b0bdbeb9bea1de'.
[2026-09-29 09:53:10] [StellarFox1 <ba0f0db5-7f7a-4608-88b0-bdbeb9bea1de> (OptiFine)/DEBUG] [CustomSkinLoader Core]: Try to request 'https://optifine.net/capes/StellarFox1.png'.
[2026-09-29 09:53:10] [StellarFox1 <ba0f0db5-7f7a-4608-88b0-bdbeb9bea1de> (CloakPlus)/DEBUG] [CustomSkinLoader Core]: Try to request 'http://161.35.130.99/capes/StellarFox1.png'.
[2026-09-29 09:53:10] [StellarFox1 <ba0f0db5-7f7a-4608-88b0-bdbeb9bea1de> (Cosmetica)/DEBUG] [CustomSkinLoader Core]: Try to request 'https://api.cosmetica.cc/get/cloak?username=StellarFox1&uuid=ba0f0db5-7f7a-4608-88b0-bdbeb9bea1de&nothirdparty'.
[2026-09-29 09:53:10] [StellarFox1 <ba0f0db5-7f7a-4608-88b0-bdbeb9bea1de> (Cosmetica)/DEBUG] [CustomSkinLoader Core]: Cache file found (Length: 8227 , Path: 'C:\Users\whosh\AppData\Roaming\ModrinthApp\profiles\Create_ Remastered\CustomSkinLoader\caches\09b251b1aa7f6f0a8f7025667d3d754114034bdc' , Expire: 1790908400)
[2026-09-29 09:53:10] [StellarFox1 <ba0f0db5-7f7a-4608-88b0-bdbeb9bea1de> (MinecraftCapes)/DEBUG] [CustomSkinLoader Core]: Successfully request (Response Code: 304 , Content Length: -1)
[2026-09-29 09:53:10] [StellarFox1 <ba0f0db5-7f7a-4608-88b0-bdbeb9bea1de> (MinecraftCapes)/DEBUG] [CustomSkinLoader Core]: Cache file found (Length: 241 , Path: 'C:\Users\whosh\AppData\Roaming\ModrinthApp\profiles\Create_ Remastered\CustomSkinLoader\caches\5d3b73e86a212e93c58c98620eab9beba796f59d' , Expire: 0)
[2026-09-29 09:53:10] [StellarFox1 <ba0f0db5-7f7a-4608-88b0-bdbeb9bea1de> (MinecraftCapes)/INFO] [CustomSkinLoader Core]: Try to load from cache 'C:\Users\whosh\AppData\Roaming\ModrinthApp\profiles\Create_ Remastered\CustomSkinLoader\caches\5d3b73e86a212e93c58c98620eab9beba796f59d'.
[2026-09-29 09:53:10] [StellarFox1 <ba0f0db5-7f7a-4608-88b0-bdbeb9bea1de> (MinecraftCapes)/DEBUG] [CustomSkinLoader Core]: Successfully load from cache
[2026-09-29 09:53:10] [StellarFox1 <ba0f0db5-7f7a-4608-88b0-bdbeb9bea1de> (MinecraftCapes)/DEBUG] [CustomSkinLoader Core]: Content: {"animatedCape":false,"capeGlint":false,"upsideDown":false,"animated_cape_url":null,"cape_url":null,"ear_url":null,"textures":{"_IMPORTANT":"We are removing base64 textures, please use the above parameters instead.","cape":null,"ears":null}}
[2026-09-29 09:53:10] [StellarFox1 <ba0f0db5-7f7a-4608-88b0-bdbeb9bea1de> (MinecraftCapes)/INFO] [CustomSkinLoader Core]: Both skin and cape not found.
[2026-09-29 09:53:10] [StellarFox1 <ba0f0db5-7f7a-4608-88b0-bdbeb9bea1de> (BlessingSkin)/DEBUG] [CustomSkinLoader Core]: Failed to request (Response Code: 404)
[2026-09-29 09:53:10] [StellarFox1 <ba0f0db5-7f7a-4608-88b0-bdbeb9bea1de> (BlessingSkin)/INFO] [CustomSkinLoader Core]: Profile not found.
[2026-09-29 09:53:10] [StellarFox1 <ba0f0db5-7f7a-4608-88b0-bdbeb9bea1de> (Mojang)/DEBUG] [CustomSkinLoader Core]: Successfully request (Response Code: 200 , Content Length: 545)
[2026-09-29 09:53:10] [StellarFox1 <ba0f0db5-7f7a-4608-88b0-bdbeb9bea1de> (Mojang)/DEBUG] [CustomSkinLoader Core]: Saved to cache (Length: 545 , Path: 'C:\Users\whosh\AppData\Roaming\ModrinthApp\profiles\Create_ Remastered\CustomSkinLoader\caches\0d240c790d6b973e6f93d13d4fb7cc13d197a32b' , Expire: 1790639610)
[2026-09-29 09:53:10] [StellarFox1 <ba0f0db5-7f7a-4608-88b0-bdbeb9bea1de> (Mojang)/DEBUG] [CustomSkinLoader Core]: Content: {
  "id" : "ba0f0db57f7a460888b0bdbeb9bea1de",
  "name" : "StellarFox1",
  "properties" : [ {
    "name" : "textures",
    "value" : "ewogICJ0aW1lc3RhbXAiIDogMTc5MDYzOTU5MTIwNSwKICAicHJvZmlsZUlkIiA6ICJiYTBmMGRiNTdmN2E0NjA4ODhiMGJkYmViOWJlYTFkZSIsCiAgInByb2ZpbGVOYW1lIiA6ICJTdGVsbGFyRm94MSIsCiAgInRleHR1cmVzIiA6IHsKICAgICJTS0lOIiA6IHsKICAgICAgInVybCIgOiAiaHR0cDovL3RleHR1cmVzLm1pbmVjcmFmdC5uZXQvdGV4dHVyZS9lYmRmZjBlZjM5NmE1YmJjNWRlOTQyYWJlNWM1NzE4MTU1Y2MzNTBkZDlmNjIyYWExNGIxZGQyM2U1YWM4MmVlIgogICAgfQogIH0KfQ=="
  } ],
  "profileActions" : [ ]
}
[2026-09-29 09:53:10] [StellarFox1 <ba0f0db5-7f7a-4608-88b0-bdbeb9bea1de> (CloakPlus)/DEBUG] [CustomSkinLoader Core]: Failed to request (Response Code: 502)
[2026-09-29 09:53:10] [StellarFox1 <ba0f0db5-7f7a-4608-88b0-bdbeb9bea1de> (CloakPlus)/INFO] [CustomSkinLoader Core]: No texture could be found.
[2026-09-29 09:53:10] [StellarFox1 <ba0f0db5-7f7a-4608-88b0-bdbeb9bea1de> (OptiFine)/DEBUG] [CustomSkinLoader Core]: Failed to request (Response Code: 404)
[2026-09-29 09:53:10] [StellarFox1 <ba0f0db5-7f7a-4608-88b0-bdbeb9bea1de> (OptiFine)/INFO] [CustomSkinLoader Core]: No texture could be found.
[2026-09-29 09:53:10] [StellarFox1 <ba0f0db5-7f7a-4608-88b0-bdbeb9bea1de> (LittleSkin)/DEBUG] [CustomSkinLoader Core]: Successfully request (Response Code: 200 , Content Length: 2)
[2026-09-29 09:53:10] [StellarFox1 <ba0f0db5-7f7a-4608-88b0-bdbeb9bea1de> (LittleSkin)/DEBUG] [CustomSkinLoader Core]: Saved to cache (Length: 2 , Path: 'C:\Users\whosh\AppData\Roaming\ModrinthApp\profiles\Create_ Remastered\CustomSkinLoader\caches\04a8213060de2342b7b98afd04be478dc22027ee' , Expire: 1790639684)
[2026-09-29 09:53:10] [StellarFox1 <ba0f0db5-7f7a-4608-88b0-bdbeb9bea1de> (LittleSkin)/DEBUG] [CustomSkinLoader Core]: Content: {}
[2026-09-29 09:53:10] [StellarFox1 <ba0f0db5-7f7a-4608-88b0-bdbeb9bea1de> (LittleSkin)/INFO] [CustomSkinLoader Core]: Both skin and cape not found.
[2026-09-29 09:53:11] [StellarFox1 <ba0f0db5-7f7a-4608-88b0-bdbeb9bea1de> (GlitchlessGames)/DEBUG] [CustomSkinLoader Core]: Failed to request (Response Code: 404)
[2026-09-29 09:53:11] [StellarFox1 <ba0f0db5-7f7a-4608-88b0-bdbeb9bea1de> (GlitchlessGames)/INFO] [CustomSkinLoader Core]: Profile not found.
[2026-09-29 09:53:11] [StellarFox1 <ba0f0db5-7f7a-4608-88b0-bdbeb9bea1de> (TLauncher)/DEBUG] [CustomSkinLoader Core]: Successfully request (Response Code: 200 , Content Length: -1)
[2026-09-29 09:53:11] [StellarFox1 <ba0f0db5-7f7a-4608-88b0-bdbeb9bea1de> (TLauncher)/DEBUG] [CustomSkinLoader Core]: Saved to cache (Length: 2 , Path: 'C:\Users\whosh\AppData\Roaming\ModrinthApp\profiles\Create_ Remastered\CustomSkinLoader\caches\dfd943c58c4b794225ac649fbf576e9285c8abee' , Expire: 1790639683)
[2026-09-29 09:53:11] [StellarFox1 <ba0f0db5-7f7a-4608-88b0-bdbeb9bea1de> (TLauncher)/DEBUG] [CustomSkinLoader Core]: Content: {}
[2026-09-29 09:53:11] [StellarFox1 <ba0f0db5-7f7a-4608-88b0-bdbeb9bea1de> (TLauncher)/INFO] [CustomSkinLoader Core]: Both skin and cape not found.
[2026-09-29 09:53:11] [StellarFox1 <ba0f0db5-7f7a-4608-88b0-bdbeb9bea1de> (ElyBy)/DEBUG] [CustomSkinLoader Core]: Successfully request (Response Code: 204 , Content Length: -1)
[2026-09-29 09:53:11] [StellarFox1 <ba0f0db5-7f7a-4608-88b0-bdbeb9bea1de> (ElyBy)/DEBUG] [CustomSkinLoader Core]: Saved to cache (Length: 0 , Path: 'C:\Users\whosh\AppData\Roaming\ModrinthApp\profiles\Create_ Remastered\CustomSkinLoader\caches\3b3cce223716de55b9a17b46caa02a7b87781554' , Expire: 1790643191)
[2026-09-29 09:53:11] [StellarFox1 <ba0f0db5-7f7a-4608-88b0-bdbeb9bea1de> (ElyBy)/DEBUG] [CustomSkinLoader Core]: Content: 
[2026-09-29 09:53:11] [StellarFox1 <ba0f0db5-7f7a-4608-88b0-bdbeb9bea1de> (ElyBy)/INFO] [CustomSkinLoader Core]: Profile not found.
[2026-09-29 09:53:11] [StellarFox1 <ba0f0db5-7f7a-4608-88b0-bdbeb9bea1de>/INFO] [CustomSkinLoader Core]: StellarFox1's profile loaded. (1919ms)
[2026-09-29 09:53:11] [StellarFox1 <ba0f0db5-7f7a-4608-88b0-bdbeb9bea1de>/INFO] [CustomSkinLoader Core]: (SkinUrl: (LOCAL_LEGACY)a4b327b6000da5c89b6ada28a472d9731dfd7499,LocalSkin/skins/StellarFox1.png , Model: auto , CapeUrl: (LEGACY)https://api.cosmetica.cc/get/cloak?username=StellarFox1&uuid=ba0f0db5-7f7a-4608-88b0-bdbeb9bea1de&nothirdparty  , Expiry: 1790639621)
[2026-09-29 09:56:33] [StellarFox1 <ba0f0db5-7f7a-4608-88b0-bdbeb9bea1de>/INFO] [CustomSkinLoader Core]: Loading StellarFox1's profile.
[2026-09-29 09:56:33] [StellarFox1 <ba0f0db5-7f7a-4608-88b0-bdbeb9bea1de>/INFO] [CustomSkinLoader Core]: 1/12 Try to load profile from 'LocalSkin'.
[2026-09-29 09:56:33] [StellarFox1 <ba0f0db5-7f7a-4608-88b0-bdbeb9bea1de>/INFO] [CustomSkinLoader Core]: 2/12 Try to load profile from 'GameProfile'.
[2026-09-29 09:56:33] [StellarFox1 <ba0f0db5-7f7a-4608-88b0-bdbeb9bea1de>/INFO] [CustomSkinLoader Core]: 3/12 Try to load profile from 'Mojang'.
[2026-09-29 09:56:33] [StellarFox1 <ba0f0db5-7f7a-4608-88b0-bdbeb9bea1de>/INFO] [CustomSkinLoader Core]: 4/12 Try to load profile from 'LittleSkin'.
[2026-09-29 09:56:33] [StellarFox1 <ba0f0db5-7f7a-4608-88b0-bdbeb9bea1de>/INFO] [CustomSkinLoader Core]: 5/12 Try to load profile from 'BlessingSkin'.
[2026-09-29 09:56:33] [StellarFox1 <ba0f0db5-7f7a-4608-88b0-bdbeb9bea1de>/INFO] [CustomSkinLoader Core]: 6/12 Try to load profile from 'ElyBy'.
[2026-09-29 09:56:33] [StellarFox1 <ba0f0db5-7f7a-4608-88b0-bdbeb9bea1de>/INFO] [CustomSkinLoader Core]: 7/12 Try to load profile from 'TLauncher'.
[2026-09-29 09:56:33] [StellarFox1 <ba0f0db5-7f7a-4608-88b0-bdbeb9bea1de>/INFO] [CustomSkinLoader Core]: 8/12 Try to load profile from 'GlitchlessGames'.
[2026-09-29 09:56:33] [StellarFox1 <ba0f0db5-7f7a-4608-88b0-bdbeb9bea1de>/INFO] [CustomSkinLoader Core]: 9/12 Try to load profile from 'MinecraftCapes'.
[2026-09-29 09:56:33] [StellarFox1 <ba0f0db5-7f7a-4608-88b0-bdbeb9bea1de>/INFO] [CustomSkinLoader Core]: 10/12 Try to load profile from 'OptiFine'.
[2026-09-29 09:56:33] [StellarFox1 <ba0f0db5-7f7a-4608-88b0-bdbeb9bea1de>/INFO] [CustomSkinLoader Core]: 11/12 Try to load profile from 'CloakPlus'.
[2026-09-29 09:56:33] [StellarFox1 <ba0f0db5-7f7a-4608-88b0-bdbeb9bea1de>/INFO] [CustomSkinLoader Core]: 12/12 Try to load profile from 'Cosmetica'.
[2026-09-29 09:56:33] [StellarFox1 <ba0f0db5-7f7a-4608-88b0-bdbeb9bea1de> (GameProfile)/INFO] [CustomSkinLoader Core]: Default profile will be used.
[2026-09-29 09:56:33] [StellarFox1 <ba0f0db5-7f7a-4608-88b0-bdbeb9bea1de> (Mojang)/DEBUG] [CustomSkinLoader Core]: Try to request 'https://sessionserver.mojang.com/session/minecraft/profile/ba0f0db57f7a460888b0bdbeb9bea1de'.
[2026-09-29 09:56:33] [StellarFox1 <ba0f0db5-7f7a-4608-88b0-bdbeb9bea1de> (LittleSkin)/DEBUG] [CustomSkinLoader Core]: Try to request 'https://littleskin.cn/csl/StellarFox1.json'.
[2026-09-29 09:56:33] [StellarFox1 <ba0f0db5-7f7a-4608-88b0-bdbeb9bea1de> (BlessingSkin)/DEBUG] [CustomSkinLoader Core]: Try to request 'https://skin.prinzeugen.net/StellarFox1.json'.
[2026-09-29 09:56:33] [StellarFox1 <ba0f0db5-7f7a-4608-88b0-bdbeb9bea1de> (ElyBy)/DEBUG] [CustomSkinLoader Core]: Try to request 'http://skinsystem.ely.by/textures/StellarFox1'.
[2026-09-29 09:56:33] [StellarFox1 <ba0f0db5-7f7a-4608-88b0-bdbeb9bea1de> (TLauncher)/DEBUG] [CustomSkinLoader Core]: Try to request 'https://auth.tlauncher.org/skin/profile/texture/login/StellarFox1'.
[2026-09-29 09:56:33] [StellarFox1 <ba0f0db5-7f7a-4608-88b0-bdbeb9bea1de> (GlitchlessGames)/DEBUG] [CustomSkinLoader Core]: Try to request 'https://games.glitchless.ru/api/minecraft/users/profiles/textures/?nickname=StellarFox1'.
[2026-09-29 09:56:33] [StellarFox1 <ba0f0db5-7f7a-4608-88b0-bdbeb9bea1de> (MinecraftCapes)/DEBUG] [CustomSkinLoader Core]: Try to request 'https://api.minecraftcapes.net/profile/ba0f0db57f7a460888b0bdbeb9bea1de'.
[2026-09-29 09:56:33] [StellarFox1 <ba0f0db5-7f7a-4608-88b0-bdbeb9bea1de> (OptiFine)/DEBUG] [CustomSkinLoader Core]: Try to request 'https://optifine.net/capes/StellarFox1.png'.
[2026-09-29 09:56:33] [StellarFox1 <ba0f0db5-7f7a-4608-88b0-bdbeb9bea1de> (CloakPlus)/DEBUG] [CustomSkinLoader Core]: Try to request 'http://161.35.130.99/capes/StellarFox1.png'.
[2026-09-29 09:56:33] [StellarFox1 <ba0f0db5-7f7a-4608-88b0-bdbeb9bea1de> (Cosmetica)/DEBUG] [CustomSkinLoader Core]: Try to request 'https://api.cosmetica.cc/get/cloak?username=StellarFox1&uuid=ba0f0db5-7f7a-4608-88b0-bdbeb9bea1de&nothirdparty'.
[2026-09-29 09:56:33] [StellarFox1 <ba0f0db5-7f7a-4608-88b0-bdbeb9bea1de> (Cosmetica)/DEBUG] [CustomSkinLoader Core]: Cache file found (Length: 8227 , Path: 'C:\Users\whosh\AppData\Roaming\ModrinthApp\profiles\Create_ Remastered\CustomSkinLoader\caches\09b251b1aa7f6f0a8f7025667d3d754114034bdc' , Expire: 1790908400)
[2026-09-29 09:56:33] [StellarFox1 <ba0f0db5-7f7a-4608-88b0-bdbeb9bea1de> (ElyBy)/DEBUG] [CustomSkinLoader Core]: Cache file found (Length: 0 , Path: 'C:\Users\whosh\AppData\Roaming\ModrinthApp\profiles\Create_ Remastered\CustomSkinLoader\caches\3b3cce223716de55b9a17b46caa02a7b87781554' , Expire: 1790643191)
[2026-09-29 09:56:33] [StellarFox1 <ba0f0db5-7f7a-4608-88b0-bdbeb9bea1de> (ElyBy)/INFO] [CustomSkinLoader Core]: Try to load from cache 'C:\Users\whosh\AppData\Roaming\ModrinthApp\profiles\Create_ Remastered\CustomSkinLoader\caches\3b3cce223716de55b9a17b46caa02a7b87781554'.
[2026-09-29 09:56:33] [StellarFox1 <ba0f0db5-7f7a-4608-88b0-bdbeb9bea1de> (ElyBy)/DEBUG] [CustomSkinLoader Core]: Successfully load from cache
[2026-09-29 09:56:33] [StellarFox1 <ba0f0db5-7f7a-4608-88b0-bdbeb9bea1de> (ElyBy)/DEBUG] [CustomSkinLoader Core]: Content: 
[2026-09-29 09:56:33] [StellarFox1 <ba0f0db5-7f7a-4608-88b0-bdbeb9bea1de> (ElyBy)/INFO] [CustomSkinLoader Core]: Profile not found.
[2026-09-29 09:56:33] [StellarFox1 <ba0f0db5-7f7a-4608-88b0-bdbeb9bea1de> (BlessingSkin)/DEBUG] [CustomSkinLoader Core]: Failed to request (Response Code: 404)
[2026-09-29 09:56:33] [StellarFox1 <ba0f0db5-7f7a-4608-88b0-bdbeb9bea1de> (BlessingSkin)/INFO] [CustomSkinLoader Core]: Profile not found.
[2026-09-29 09:56:33] [StellarFox1 <ba0f0db5-7f7a-4608-88b0-bdbeb9bea1de> (MinecraftCapes)/DEBUG] [CustomSkinLoader Core]: Successfully request (Response Code: 304 , Content Length: -1)
[2026-09-29 09:56:33] [StellarFox1 <ba0f0db5-7f7a-4608-88b0-bdbeb9bea1de> (MinecraftCapes)/DEBUG] [CustomSkinLoader Core]: Cache file found (Length: 241 , Path: 'C:\Users\whosh\AppData\Roaming\ModrinthApp\profiles\Create_ Remastered\CustomSkinLoader\caches\5d3b73e86a212e93c58c98620eab9beba796f59d' , Expire: 0)
[2026-09-29 09:56:33] [StellarFox1 <ba0f0db5-7f7a-4608-88b0-bdbeb9bea1de> (MinecraftCapes)/INFO] [CustomSkinLoader Core]: Try to load from cache 'C:\Users\whosh\AppData\Roaming\ModrinthApp\profiles\Create_ Remastered\CustomSkinLoader\caches\5d3b73e86a212e93c58c98620eab9beba796f59d'.
[2026-09-29 09:56:33] [StellarFox1 <ba0f0db5-7f7a-4608-88b0-bdbeb9bea1de> (MinecraftCapes)/DEBUG] [CustomSkinLoader Core]: Successfully load from cache
[2026-09-29 09:56:33] [StellarFox1 <ba0f0db5-7f7a-4608-88b0-bdbeb9bea1de> (MinecraftCapes)/DEBUG] [CustomSkinLoader Core]: Content: {"animatedCape":false,"capeGlint":false,"upsideDown":false,"animated_cape_url":null,"cape_url":null,"ear_url":null,"textures":{"_IMPORTANT":"We are removing base64 textures, please use the above parameters instead.","cape":null,"ears":null}}
[2026-09-29 09:56:33] [StellarFox1 <ba0f0db5-7f7a-4608-88b0-bdbeb9bea1de> (MinecraftCapes)/INFO] [CustomSkinLoader Core]: Both skin and cape not found.
[2026-09-29 09:56:33] [StellarFox1 <ba0f0db5-7f7a-4608-88b0-bdbeb9bea1de> (Mojang)/DEBUG] [CustomSkinLoader Core]: Successfully request (Response Code: 200 , Content Length: 545)
[2026-09-29 09:56:33] [StellarFox1 <ba0f0db5-7f7a-4608-88b0-bdbeb9bea1de> (Mojang)/DEBUG] [CustomSkinLoader Core]: Saved to cache (Length: 545 , Path: 'C:\Users\whosh\AppData\Roaming\ModrinthApp\profiles\Create_ Remastered\CustomSkinLoader\caches\0d240c790d6b973e6f93d13d4fb7cc13d197a32b' , Expire: 1790639813)
[2026-09-29 09:56:33] [StellarFox1 <ba0f0db5-7f7a-4608-88b0-bdbeb9bea1de> (Mojang)/DEBUG] [CustomSkinLoader Core]: Content: {
  "id" : "ba0f0db57f7a460888b0bdbeb9bea1de",
  "name" : "StellarFox1",
  "properties" : [ {
    "name" : "textures",
    "value" : "ewogICJ0aW1lc3RhbXAiIDogMTc5MDYzOTc5NDI3MCwKICAicHJvZmlsZUlkIiA6ICJiYTBmMGRiNTdmN2E0NjA4ODhiMGJkYmViOWJlYTFkZSIsCiAgInByb2ZpbGVOYW1lIiA6ICJTdGVsbGFyRm94MSIsCiAgInRleHR1cmVzIiA6IHsKICAgICJTS0lOIiA6IHsKICAgICAgInVybCIgOiAiaHR0cDovL3RleHR1cmVzLm1pbmVjcmFmdC5uZXQvdGV4dHVyZS9lYmRmZjBlZjM5NmE1YmJjNWRlOTQyYWJlNWM1NzE4MTU1Y2MzNTBkZDlmNjIyYWExNGIxZGQyM2U1YWM4MmVlIgogICAgfQogIH0KfQ=="
  } ],
  "profileActions" : [ ]
}
[2026-09-29 09:56:33] [StellarFox1 <ba0f0db5-7f7a-4608-88b0-bdbeb9bea1de> (CloakPlus)/DEBUG] [CustomSkinLoader Core]: Failed to request (Response Code: 502)
[2026-09-29 09:56:33] [StellarFox1 <ba0f0db5-7f7a-4608-88b0-bdbeb9bea1de> (CloakPlus)/INFO] [CustomSkinLoader Core]: No texture could be found.
[2026-09-29 09:56:33] [StellarFox1 <ba0f0db5-7f7a-4608-88b0-bdbeb9bea1de> (OptiFine)/DEBUG] [CustomSkinLoader Core]: Failed to request (Response Code: 404)
[2026-09-29 09:56:33] [StellarFox1 <ba0f0db5-7f7a-4608-88b0-bdbeb9bea1de> (OptiFine)/INFO] [CustomSkinLoader Core]: No texture could be found.
[2026-09-29 09:56:34] [StellarFox1 <ba0f0db5-7f7a-4608-88b0-bdbeb9bea1de> (LittleSkin)/DEBUG] [CustomSkinLoader Core]: Successfully request (Response Code: 200 , Content Length: 2)
[2026-09-29 09:56:34] [StellarFox1 <ba0f0db5-7f7a-4608-88b0-bdbeb9bea1de> (LittleSkin)/DEBUG] [CustomSkinLoader Core]: Saved to cache (Length: 2 , Path: 'C:\Users\whosh\AppData\Roaming\ModrinthApp\profiles\Create_ Remastered\CustomSkinLoader\caches\04a8213060de2342b7b98afd04be478dc22027ee' , Expire: 1790639884)
[2026-09-29 09:56:34] [StellarFox1 <ba0f0db5-7f7a-4608-88b0-bdbeb9bea1de> (LittleSkin)/DEBUG] [CustomSkinLoader Core]: Content: {}
[2026-09-29 09:56:34] [StellarFox1 <ba0f0db5-7f7a-4608-88b0-bdbeb9bea1de> (LittleSkin)/INFO] [CustomSkinLoader Core]: Both skin and cape not found.
[2026-09-29 09:56:34] [StellarFox1 <ba0f0db5-7f7a-4608-88b0-bdbeb9bea1de> (GlitchlessGames)/DEBUG] [CustomSkinLoader Core]: Failed to request (Response Code: 404)
[2026-09-29 09:56:34] [StellarFox1 <ba0f0db5-7f7a-4608-88b0-bdbeb9bea1de> (GlitchlessGames)/INFO] [CustomSkinLoader Core]: Profile not found.
[2026-09-29 09:56:34] [StellarFox1 <ba0f0db5-7f7a-4608-88b0-bdbeb9bea1de> (TLauncher)/DEBUG] [CustomSkinLoader Core]: Successfully request (Response Code: 200 , Content Length: -1)
[2026-09-29 09:56:34] [StellarFox1 <ba0f0db5-7f7a-4608-88b0-bdbeb9bea1de> (TLauncher)/DEBUG] [CustomSkinLoader Core]: Saved to cache (Length: 2 , Path: 'C:\Users\whosh\AppData\Roaming\ModrinthApp\profiles\Create_ Remastered\CustomSkinLoader\caches\dfd943c58c4b794225ac649fbf576e9285c8abee' , Expire: 1790639889)
[2026-09-29 09:56:34] [StellarFox1 <ba0f0db5-7f7a-4608-88b0-bdbeb9bea1de> (TLauncher)/DEBUG] [CustomSkinLoader Core]: Content: {}
[2026-09-29 09:56:34] [StellarFox1 <ba0f0db5-7f7a-4608-88b0-bdbeb9bea1de> (TLauncher)/INFO] [CustomSkinLoader Core]: Both skin and cape not found.
[2026-09-29 09:56:34] [StellarFox1 <ba0f0db5-7f7a-4608-88b0-bdbeb9bea1de>/INFO] [CustomSkinLoader Core]: StellarFox1's profile loaded. (1347ms)
[2026-09-29 09:56:34] [StellarFox1 <ba0f0db5-7f7a-4608-88b0-bdbeb9bea1de>/INFO] [CustomSkinLoader Core]: (SkinUrl: (LOCAL_LEGACY)a4b327b6000da5c89b6ada28a472d9731dfd7499,LocalSkin/skins/StellarFox1.png , Model: auto , CapeUrl: (LEGACY)https://api.cosmetica.cc/get/cloak?username=StellarFox1&uuid=ba0f0db5-7f7a-4608-88b0-bdbeb9bea1de&nothirdparty  , Expiry: 1790639824)
[2026-09-29 09:57:13] [StellarFox1 <ba0f0db5-7f7a-4608-88b0-bdbeb9bea1de>/INFO] [CustomSkinLoader Core]: Loading StellarFox1's profile.
[2026-09-29 09:57:13] [StellarFox1 <ba0f0db5-7f7a-4608-88b0-bdbeb9bea1de>/INFO] [CustomSkinLoader Core]: 1/12 Try to load profile from 'LocalSkin'.
[2026-09-29 09:57:13] [StellarFox1 <ba0f0db5-7f7a-4608-88b0-bdbeb9bea1de>/INFO] [CustomSkinLoader Core]: 2/12 Try to load profile from 'GameProfile'.
[2026-09-29 09:57:13] [StellarFox1 <ba0f0db5-7f7a-4608-88b0-bdbeb9bea1de>/INFO] [CustomSkinLoader Core]: 3/12 Try to load profile from 'Mojang'.
[2026-09-29 09:57:13] [StellarFox1 <ba0f0db5-7f7a-4608-88b0-bdbeb9bea1de>/INFO] [CustomSkinLoader Core]: 4/12 Try to load profile from 'LittleSkin'.
[2026-09-29 09:57:13] [StellarFox1 <ba0f0db5-7f7a-4608-88b0-bdbeb9bea1de>/INFO] [CustomSkinLoader Core]: 5/12 Try to load profile from 'BlessingSkin'.
[2026-09-29 09:57:13] [StellarFox1 <ba0f0db5-7f7a-4608-88b0-bdbeb9bea1de>/INFO] [CustomSkinLoader Core]: 6/12 Try to load profile from 'ElyBy'.
[2026-09-29 09:57:13] [StellarFox1 <ba0f0db5-7f7a-4608-88b0-bdbeb9bea1de>/INFO] [CustomSkinLoader Core]: 7/12 Try to load profile from 'TLauncher'.
[2026-09-29 09:57:13] [StellarFox1 <ba0f0db5-7f7a-4608-88b0-bdbeb9bea1de>/INFO] [CustomSkinLoader Core]: 8/12 Try to load profile from 'GlitchlessGames'.
[2026-09-29 09:57:13] [StellarFox1 <ba0f0db5-7f7a-4608-88b0-bdbeb9bea1de>/INFO] [CustomSkinLoader Core]: 9/12 Try to load profile from 'MinecraftCapes'.
[2026-09-29 09:57:13] [StellarFox1 <ba0f0db5-7f7a-4608-88b0-bdbeb9bea1de>/INFO] [CustomSkinLoader Core]: 10/12 Try to load profile from 'OptiFine'.
[2026-09-29 09:57:13] [StellarFox1 <ba0f0db5-7f7a-4608-88b0-bdbeb9bea1de>/INFO] [CustomSkinLoader Core]: 11/12 Try to load profile from 'CloakPlus'.
[2026-09-29 09:57:13] [StellarFox1 <ba0f0db5-7f7a-4608-88b0-bdbeb9bea1de>/INFO] [CustomSkinLoader Core]: 12/12 Try to load profile from 'Cosmetica'.
[2026-09-29 09:57:13] [StellarFox1 <ba0f0db5-7f7a-4608-88b0-bdbeb9bea1de> (TLauncher)/DEBUG] [CustomSkinLoader Core]: Try to request 'https://auth.tlauncher.org/skin/profile/texture/login/StellarFox1'.
[2026-09-29 09:57:13] [StellarFox1 <ba0f0db5-7f7a-4608-88b0-bdbeb9bea1de> (GlitchlessGames)/DEBUG] [CustomSkinLoader Core]: Try to request 'https://games.glitchless.ru/api/minecraft/users/profiles/textures/?nickname=StellarFox1'.
[2026-09-29 09:57:13] [StellarFox1 <ba0f0db5-7f7a-4608-88b0-bdbeb9bea1de> (OptiFine)/DEBUG] [CustomSkinLoader Core]: Try to request 'https://optifine.net/capes/StellarFox1.png'.
[2026-09-29 09:57:13] [StellarFox1 <ba0f0db5-7f7a-4608-88b0-bdbeb9bea1de> (MinecraftCapes)/DEBUG] [CustomSkinLoader Core]: Try to request 'https://api.minecraftcapes.net/profile/ba0f0db57f7a460888b0bdbeb9bea1de'.
[2026-09-29 09:57:13] [StellarFox1 <ba0f0db5-7f7a-4608-88b0-bdbeb9bea1de> (CloakPlus)/DEBUG] [CustomSkinLoader Core]: Try to request 'http://161.35.130.99/capes/StellarFox1.png'.
[2026-09-29 09:57:13] [StellarFox1 <ba0f0db5-7f7a-4608-88b0-bdbeb9bea1de> (GameProfile)/INFO] [CustomSkinLoader Core]: Default profile will be used.
[2026-09-29 09:57:13] [StellarFox1 <ba0f0db5-7f7a-4608-88b0-bdbeb9bea1de> (Mojang)/DEBUG] [CustomSkinLoader Core]: Try to request 'https://sessionserver.mojang.com/session/minecraft/profile/ba0f0db57f7a460888b0bdbeb9bea1de'.
[2026-09-29 09:57:13] [StellarFox1 <ba0f0db5-7f7a-4608-88b0-bdbeb9bea1de> (LittleSkin)/DEBUG] [CustomSkinLoader Core]: Try to request 'https://littleskin.cn/csl/StellarFox1.json'.
[2026-09-29 09:57:13] [StellarFox1 <ba0f0db5-7f7a-4608-88b0-bdbeb9bea1de> (BlessingSkin)/DEBUG] [CustomSkinLoader Core]: Try to request 'https://skin.prinzeugen.net/StellarFox1.json'.
[2026-09-29 09:57:13] [StellarFox1 <ba0f0db5-7f7a-4608-88b0-bdbeb9bea1de> (ElyBy)/DEBUG] [CustomSkinLoader Core]: Try to request 'http://skinsystem.ely.by/textures/StellarFox1'.
[2026-09-29 09:57:13] [StellarFox1 <ba0f0db5-7f7a-4608-88b0-bdbeb9bea1de> (Cosmetica)/DEBUG] [CustomSkinLoader Core]: Try to request 'https://api.cosmetica.cc/get/cloak?username=StellarFox1&uuid=ba0f0db5-7f7a-4608-88b0-bdbeb9bea1de&nothirdparty'.
[2026-09-29 09:57:13] [StellarFox1 <ba0f0db5-7f7a-4608-88b0-bdbeb9bea1de> (ElyBy)/DEBUG] [CustomSkinLoader Core]: Cache file found (Length: 0 , Path: 'C:\Users\whosh\AppData\Roaming\ModrinthApp\profiles\Create_ Remastered\CustomSkinLoader\caches\3b3cce223716de55b9a17b46caa02a7b87781554' , Expire: 1790643191)
[2026-09-29 09:57:13] [StellarFox1 <ba0f0db5-7f7a-4608-88b0-bdbeb9bea1de> (ElyBy)/INFO] [CustomSkinLoader Core]: Try to load from cache 'C:\Users\whosh\AppData\Roaming\ModrinthApp\profiles\Create_ Remastered\CustomSkinLoader\caches\3b3cce223716de55b9a17b46caa02a7b87781554'.
[2026-09-29 09:57:13] [StellarFox1 <ba0f0db5-7f7a-4608-88b0-bdbeb9bea1de> (Cosmetica)/DEBUG] [CustomSkinLoader Core]: Cache file found (Length: 8227 , Path: 'C:\Users\whosh\AppData\Roaming\ModrinthApp\profiles\Create_ Remastered\CustomSkinLoader\caches\09b251b1aa7f6f0a8f7025667d3d754114034bdc' , Expire: 1790908400)
[2026-09-29 09:57:13] [StellarFox1 <ba0f0db5-7f7a-4608-88b0-bdbeb9bea1de> (ElyBy)/DEBUG] [CustomSkinLoader Core]: Successfully load from cache
[2026-09-29 09:57:13] [StellarFox1 <ba0f0db5-7f7a-4608-88b0-bdbeb9bea1de> (ElyBy)/DEBUG] [CustomSkinLoader Core]: Content: 
[2026-09-29 09:57:13] [StellarFox1 <ba0f0db5-7f7a-4608-88b0-bdbeb9bea1de> (ElyBy)/INFO] [CustomSkinLoader Core]: Profile not found.
[2026-09-29 09:57:13] [StellarFox1 <ba0f0db5-7f7a-4608-88b0-bdbeb9bea1de> (LittleSkin)/DEBUG] [CustomSkinLoader Core]: Cache file found (Length: 2 , Path: 'C:\Users\whosh\AppData\Roaming\ModrinthApp\profiles\Create_ Remastered\CustomSkinLoader\caches\04a8213060de2342b7b98afd04be478dc22027ee' , Expire: 1790639884)
[2026-09-29 09:57:13] [StellarFox1 <ba0f0db5-7f7a-4608-88b0-bdbeb9bea1de> (LittleSkin)/INFO] [CustomSkinLoader Core]: Try to load from cache 'C:\Users\whosh\AppData\Roaming\ModrinthApp\profiles\Create_ Remastered\CustomSkinLoader\caches\04a8213060de2342b7b98afd04be478dc22027ee'.
[2026-09-29 09:57:13] [StellarFox1 <ba0f0db5-7f7a-4608-88b0-bdbeb9bea1de> (LittleSkin)/DEBUG] [CustomSkinLoader Core]: Successfully load from cache
[2026-09-29 09:57:13] [StellarFox1 <ba0f0db5-7f7a-4608-88b0-bdbeb9bea1de> (LittleSkin)/DEBUG] [CustomSkinLoader Core]: Content: {}
[2026-09-29 09:57:13] [StellarFox1 <ba0f0db5-7f7a-4608-88b0-bdbeb9bea1de> (LittleSkin)/INFO] [CustomSkinLoader Core]: Both skin and cape not found.
[2026-09-29 09:57:13] [StellarFox1 <ba0f0db5-7f7a-4608-88b0-bdbeb9bea1de> (TLauncher)/DEBUG] [CustomSkinLoader Core]: Cache file found (Length: 2 , Path: 'C:\Users\whosh\AppData\Roaming\ModrinthApp\profiles\Create_ Remastered\CustomSkinLoader\caches\dfd943c58c4b794225ac649fbf576e9285c8abee' , Expire: 1790639889)
[2026-09-29 09:57:13] [StellarFox1 <ba0f0db5-7f7a-4608-88b0-bdbeb9bea1de> (TLauncher)/INFO] [CustomSkinLoader Core]: Try to load from cache 'C:\Users\whosh\AppData\Roaming\ModrinthApp\profiles\Create_ Remastered\CustomSkinLoader\caches\dfd943c58c4b794225ac649fbf576e9285c8abee'.
[2026-09-29 09:57:13] [StellarFox1 <ba0f0db5-7f7a-4608-88b0-bdbeb9bea1de> (TLauncher)/DEBUG] [CustomSkinLoader Core]: Successfully load from cache
[2026-09-29 09:57:13] [StellarFox1 <ba0f0db5-7f7a-4608-88b0-bdbeb9bea1de> (TLauncher)/DEBUG] [CustomSkinLoader Core]: Content: {}
[2026-09-29 09:57:13] [StellarFox1 <ba0f0db5-7f7a-4608-88b0-bdbeb9bea1de> (TLauncher)/INFO] [CustomSkinLoader Core]: Both skin and cape not found.
[2026-09-29 09:57:13] [StellarFox1 <ba0f0db5-7f7a-4608-88b0-bdbeb9bea1de> (MinecraftCapes)/DEBUG] [CustomSkinLoader Core]: Successfully request (Response Code: 304 , Content Length: -1)
[2026-09-29 09:57:13] [StellarFox1 <ba0f0db5-7f7a-4608-88b0-bdbeb9bea1de> (BlessingSkin)/DEBUG] [CustomSkinLoader Core]: Failed to request (Response Code: 404)
[2026-09-29 09:57:13] [StellarFox1 <ba0f0db5-7f7a-4608-88b0-bdbeb9bea1de> (BlessingSkin)/INFO] [CustomSkinLoader Core]: Profile not found.
[2026-09-29 09:57:13] [StellarFox1 <ba0f0db5-7f7a-4608-88b0-bdbeb9bea1de> (MinecraftCapes)/DEBUG] [CustomSkinLoader Core]: Cache file found (Length: 241 , Path: 'C:\Users\whosh\AppData\Roaming\ModrinthApp\profiles\Create_ Remastered\CustomSkinLoader\caches\5d3b73e86a212e93c58c98620eab9beba796f59d' , Expire: 0)
[2026-09-29 09:57:13] [StellarFox1 <ba0f0db5-7f7a-4608-88b0-bdbeb9bea1de> (MinecraftCapes)/INFO] [CustomSkinLoader Core]: Try to load from cache 'C:\Users\whosh\AppData\Roaming\ModrinthApp\profiles\Create_ Remastered\CustomSkinLoader\caches\5d3b73e86a212e93c58c98620eab9beba796f59d'.
[2026-09-29 09:57:13] [StellarFox1 <ba0f0db5-7f7a-4608-88b0-bdbeb9bea1de> (MinecraftCapes)/DEBUG] [CustomSkinLoader Core]: Successfully load from cache
[2026-09-29 09:57:13] [StellarFox1 <ba0f0db5-7f7a-4608-88b0-bdbeb9bea1de> (MinecraftCapes)/DEBUG] [CustomSkinLoader Core]: Content: {"animatedCape":false,"capeGlint":false,"upsideDown":false,"animated_cape_url":null,"cape_url":null,"ear_url":null,"textures":{"_IMPORTANT":"We are removing base64 textures, please use the above parameters instead.","cape":null,"ears":null}}
[2026-09-29 09:57:13] [StellarFox1 <ba0f0db5-7f7a-4608-88b0-bdbeb9bea1de> (MinecraftCapes)/INFO] [CustomSkinLoader Core]: Both skin and cape not found.
[2026-09-29 09:57:13] [StellarFox1 <ba0f0db5-7f7a-4608-88b0-bdbeb9bea1de> (CloakPlus)/DEBUG] [CustomSkinLoader Core]: Failed to request (Response Code: 502)
[2026-09-29 09:57:13] [StellarFox1 <ba0f0db5-7f7a-4608-88b0-bdbeb9bea1de> (CloakPlus)/INFO] [CustomSkinLoader Core]: No texture could be found.
[2026-09-29 09:57:14] [StellarFox1 <ba0f0db5-7f7a-4608-88b0-bdbeb9bea1de> (Mojang)/DEBUG] [CustomSkinLoader Core]: Successfully request (Response Code: 200 , Content Length: 545)
[2026-09-29 09:57:14] [StellarFox1 <ba0f0db5-7f7a-4608-88b0-bdbeb9bea1de> (Mojang)/DEBUG] [CustomSkinLoader Core]: Saved to cache (Length: 545 , Path: 'C:\Users\whosh\AppData\Roaming\ModrinthApp\profiles\Create_ Remastered\CustomSkinLoader\caches\0d240c790d6b973e6f93d13d4fb7cc13d197a32b' , Expire: 1790639854)
[2026-09-29 09:57:14] [StellarFox1 <ba0f0db5-7f7a-4608-88b0-bdbeb9bea1de> (Mojang)/DEBUG] [CustomSkinLoader Core]: Content: {
  "id" : "ba0f0db57f7a460888b0bdbeb9bea1de",
  "name" : "StellarFox1",
  "properties" : [ {
    "name" : "textures",
    "value" : "ewogICJ0aW1lc3RhbXAiIDogMTc5MDYzOTgzNTA2NywKICAicHJvZmlsZUlkIiA6ICJiYTBmMGRiNTdmN2E0NjA4ODhiMGJkYmViOWJlYTFkZSIsCiAgInByb2ZpbGVOYW1lIiA6ICJTdGVsbGFyRm94MSIsCiAgInRleHR1cmVzIiA6IHsKICAgICJTS0lOIiA6IHsKICAgICAgInVybCIgOiAiaHR0cDovL3RleHR1cmVzLm1pbmVjcmFmdC5uZXQvdGV4dHVyZS9lYmRmZjBlZjM5NmE1YmJjNWRlOTQyYWJlNWM1NzE4MTU1Y2MzNTBkZDlmNjIyYWExNGIxZGQyM2U1YWM4MmVlIgogICAgfQogIH0KfQ=="
  } ],
  "profileActions" : [ ]
}
[2026-09-29 09:57:14] [StellarFox1 <ba0f0db5-7f7a-4608-88b0-bdbeb9bea1de> (OptiFine)/DEBUG] [CustomSkinLoader Core]: Failed to request (Response Code: 404)
[2026-09-29 09:57:14] [StellarFox1 <ba0f0db5-7f7a-4608-88b0-bdbeb9bea1de> (OptiFine)/INFO] [CustomSkinLoader Core]: No texture could be found.
[2026-09-29 09:57:14] [StellarFox1 <ba0f0db5-7f7a-4608-88b0-bdbeb9bea1de> (GlitchlessGames)/DEBUG] [CustomSkinLoader Core]: Failed to request (Response Code: 404)
[2026-09-29 09:57:14] [StellarFox1 <ba0f0db5-7f7a-4608-88b0-bdbeb9bea1de> (GlitchlessGames)/INFO] [CustomSkinLoader Core]: Profile not found.
[2026-09-29 09:57:14] [StellarFox1 <ba0f0db5-7f7a-4608-88b0-bdbeb9bea1de>/INFO] [CustomSkinLoader Core]: StellarFox1's profile loaded. (1007ms)
[2026-09-29 09:57:14] [StellarFox1 <ba0f0db5-7f7a-4608-88b0-bdbeb9bea1de>/INFO] [CustomSkinLoader Core]: (SkinUrl: (LOCAL_LEGACY)a4b327b6000da5c89b6ada28a472d9731dfd7499,LocalSkin/skins/StellarFox1.png , Model: auto , CapeUrl: (LEGACY)https://api.cosmetica.cc/get/cloak?username=StellarFox1&uuid=ba0f0db5-7f7a-4608-88b0-bdbeb9bea1de&nothirdparty  , Expiry: 1790639864)
[2026-09-29 10:00:50] [StellarFox1 <ba0f0db5-7f7a-4608-88b0-bdbeb9bea1de>/INFO] [CustomSkinLoader Core]: Loading StellarFox1's profile.
[2026-09-29 10:00:50] [StellarFox1 <ba0f0db5-7f7a-4608-88b0-bdbeb9bea1de>/INFO] [CustomSkinLoader Core]: 1/12 Try to load profile from 'LocalSkin'.
[2026-09-29 10:00:50] [StellarFox1 <ba0f0db5-7f7a-4608-88b0-bdbeb9bea1de>/INFO] [CustomSkinLoader Core]: 2/12 Try to load profile from 'GameProfile'.
[2026-09-29 10:00:50] [StellarFox1 <ba0f0db5-7f7a-4608-88b0-bdbeb9bea1de>/INFO] [CustomSkinLoader Core]: 3/12 Try to load profile from 'Mojang'.
[2026-09-29 10:00:50] [StellarFox1 <ba0f0db5-7f7a-4608-88b0-bdbeb9bea1de>/INFO] [CustomSkinLoader Core]: 4/12 Try to load profile from 'LittleSkin'.
[2026-09-29 10:00:50] [StellarFox1 <ba0f0db5-7f7a-4608-88b0-bdbeb9bea1de>/INFO] [CustomSkinLoader Core]: 5/12 Try to load profile from 'BlessingSkin'.
[2026-09-29 10:00:50] [StellarFox1 <ba0f0db5-7f7a-4608-88b0-bdbeb9bea1de>/INFO] [CustomSkinLoader Core]: 6/12 Try to load profile from 'ElyBy'.
[2026-09-29 10:00:50] [StellarFox1 <ba0f0db5-7f7a-4608-88b0-bdbeb9bea1de>/INFO] [CustomSkinLoader Core]: 7/12 Try to load profile from 'TLauncher'.
[2026-09-29 10:00:50] [StellarFox1 <ba0f0db5-7f7a-4608-88b0-bdbeb9bea1de> (GameProfile)/INFO] [CustomSkinLoader Core]: Default profile will be used.
[2026-09-29 10:00:50] [StellarFox1 <ba0f0db5-7f7a-4608-88b0-bdbeb9bea1de> (Mojang)/DEBUG] [CustomSkinLoader Core]: Try to request 'https://sessionserver.mojang.com/session/minecraft/profile/ba0f0db57f7a460888b0bdbeb9bea1de'.
[2026-09-29 10:00:50] [StellarFox1 <ba0f0db5-7f7a-4608-88b0-bdbeb9bea1de>/INFO] [CustomSkinLoader Core]: 8/12 Try to load profile from 'GlitchlessGames'.
[2026-09-29 10:00:50] [StellarFox1 <ba0f0db5-7f7a-4608-88b0-bdbeb9bea1de> (BlessingSkin)/DEBUG] [CustomSkinLoader Core]: Try to request 'https://skin.prinzeugen.net/StellarFox1.json'.
[2026-09-29 10:00:50] [StellarFox1 <ba0f0db5-7f7a-4608-88b0-bdbeb9bea1de>/INFO] [CustomSkinLoader Core]: 9/12 Try to load profile from 'MinecraftCapes'.
[2026-09-29 10:00:50] [StellarFox1 <ba0f0db5-7f7a-4608-88b0-bdbeb9bea1de>/INFO] [CustomSkinLoader Core]: 10/12 Try to load profile from 'OptiFine'.
[2026-09-29 10:00:50] [StellarFox1 <ba0f0db5-7f7a-4608-88b0-bdbeb9bea1de>/INFO] [CustomSkinLoader Core]: 11/12 Try to load profile from 'CloakPlus'.
[2026-09-29 10:00:50] [StellarFox1 <ba0f0db5-7f7a-4608-88b0-bdbeb9bea1de> (LittleSkin)/DEBUG] [CustomSkinLoader Core]: Try to request 'https://littleskin.cn/csl/StellarFox1.json'.
[2026-09-29 10:00:50] [StellarFox1 <ba0f0db5-7f7a-4608-88b0-bdbeb9bea1de>/INFO] [CustomSkinLoader Core]: 12/12 Try to load profile from 'Cosmetica'.
[2026-09-29 10:00:50] [StellarFox1 <ba0f0db5-7f7a-4608-88b0-bdbeb9bea1de> (ElyBy)/DEBUG] [CustomSkinLoader Core]: Try to request 'http://skinsystem.ely.by/textures/StellarFox1'.
[2026-09-29 10:00:50] [StellarFox1 <ba0f0db5-7f7a-4608-88b0-bdbeb9bea1de> (TLauncher)/DEBUG] [CustomSkinLoader Core]: Try to request 'https://auth.tlauncher.org/skin/profile/texture/login/StellarFox1'.
[2026-09-29 10:00:50] [StellarFox1 <ba0f0db5-7f7a-4608-88b0-bdbeb9bea1de> (GlitchlessGames)/DEBUG] [CustomSkinLoader Core]: Try to request 'https://games.glitchless.ru/api/minecraft/users/profiles/textures/?nickname=StellarFox1'.
[2026-09-29 10:00:50] [StellarFox1 <ba0f0db5-7f7a-4608-88b0-bdbeb9bea1de> (MinecraftCapes)/DEBUG] [CustomSkinLoader Core]: Try to request 'https://api.minecraftcapes.net/profile/ba0f0db57f7a460888b0bdbeb9bea1de'.
[2026-09-29 10:00:50] [StellarFox1 <ba0f0db5-7f7a-4608-88b0-bdbeb9bea1de> (ElyBy)/DEBUG] [CustomSkinLoader Core]: Cache file found (Length: 0 , Path: 'C:\Users\whosh\AppData\Roaming\ModrinthApp\profiles\Create_ Remastered\CustomSkinLoader\caches\3b3cce223716de55b9a17b46caa02a7b87781554' , Expire: 1790643191)
[2026-09-29 10:00:50] [StellarFox1 <ba0f0db5-7f7a-4608-88b0-bdbeb9bea1de> (OptiFine)/DEBUG] [CustomSkinLoader Core]: Try to request 'https://optifine.net/capes/StellarFox1.png'.
[2026-09-29 10:00:50] [StellarFox1 <ba0f0db5-7f7a-4608-88b0-bdbeb9bea1de> (CloakPlus)/DEBUG] [CustomSkinLoader Core]: Try to request 'http://161.35.130.99/capes/StellarFox1.png'.
[2026-09-29 10:00:50] [StellarFox1 <ba0f0db5-7f7a-4608-88b0-bdbeb9bea1de> (ElyBy)/INFO] [CustomSkinLoader Core]: Try to load from cache 'C:\Users\whosh\AppData\Roaming\ModrinthApp\profiles\Create_ Remastered\CustomSkinLoader\caches\3b3cce223716de55b9a17b46caa02a7b87781554'.
[2026-09-29 10:00:50] [StellarFox1 <ba0f0db5-7f7a-4608-88b0-bdbeb9bea1de> (Cosmetica)/DEBUG] [CustomSkinLoader Core]: Try to request 'https://api.cosmetica.cc/get/cloak?username=StellarFox1&uuid=ba0f0db5-7f7a-4608-88b0-bdbeb9bea1de&nothirdparty'.
[2026-09-29 10:00:50] [StellarFox1 <ba0f0db5-7f7a-4608-88b0-bdbeb9bea1de> (ElyBy)/DEBUG] [CustomSkinLoader Core]: Successfully load from cache
[2026-09-29 10:00:50] [StellarFox1 <ba0f0db5-7f7a-4608-88b0-bdbeb9bea1de> (ElyBy)/DEBUG] [CustomSkinLoader Core]: Content: 
[2026-09-29 10:00:50] [StellarFox1 <ba0f0db5-7f7a-4608-88b0-bdbeb9bea1de> (ElyBy)/INFO] [CustomSkinLoader Core]: Profile not found.
[2026-09-29 10:00:50] [StellarFox1 <ba0f0db5-7f7a-4608-88b0-bdbeb9bea1de> (Cosmetica)/DEBUG] [CustomSkinLoader Core]: Cache file found (Length: 8227 , Path: 'C:\Users\whosh\AppData\Roaming\ModrinthApp\profiles\Create_ Remastered\CustomSkinLoader\caches\09b251b1aa7f6f0a8f7025667d3d754114034bdc' , Expire: 1790908400)
[2026-09-29 10:00:50] [StellarFox1 <ba0f0db5-7f7a-4608-88b0-bdbeb9bea1de> (MinecraftCapes)/DEBUG] [CustomSkinLoader Core]: Successfully request (Response Code: 304 , Content Length: -1)
[2026-09-29 10:00:50] [StellarFox1 <ba0f0db5-7f7a-4608-88b0-bdbeb9bea1de> (MinecraftCapes)/DEBUG] [CustomSkinLoader Core]: Cache file found (Length: 241 , Path: 'C:\Users\whosh\AppData\Roaming\ModrinthApp\profiles\Create_ Remastered\CustomSkinLoader\caches\5d3b73e86a212e93c58c98620eab9beba796f59d' , Expire: 0)
[2026-09-29 10:00:50] [StellarFox1 <ba0f0db5-7f7a-4608-88b0-bdbeb9bea1de> (MinecraftCapes)/INFO] [CustomSkinLoader Core]: Try to load from cache 'C:\Users\whosh\AppData\Roaming\ModrinthApp\profiles\Create_ Remastered\CustomSkinLoader\caches\5d3b73e86a212e93c58c98620eab9beba796f59d'.
[2026-09-29 10:00:50] [StellarFox1 <ba0f0db5-7f7a-4608-88b0-bdbeb9bea1de> (MinecraftCapes)/DEBUG] [CustomSkinLoader Core]: Successfully load from cache
[2026-09-29 10:00:50] [StellarFox1 <ba0f0db5-7f7a-4608-88b0-bdbeb9bea1de> (MinecraftCapes)/DEBUG] [CustomSkinLoader Core]: Content: {"animatedCape":false,"capeGlint":false,"upsideDown":false,"animated_cape_url":null,"cape_url":null,"ear_url":null,"textures":{"_IMPORTANT":"We are removing base64 textures, please use the above parameters instead.","cape":null,"ears":null}}
[2026-09-29 10:00:50] [StellarFox1 <ba0f0db5-7f7a-4608-88b0-bdbeb9bea1de> (MinecraftCapes)/INFO] [CustomSkinLoader Core]: Both skin and cape not found.
[2026-09-29 10:00:50] [StellarFox1 <ba0f0db5-7f7a-4608-88b0-bdbeb9bea1de> (BlessingSkin)/DEBUG] [CustomSkinLoader Core]: Failed to request (Response Code: 404)
[2026-09-29 10:00:50] [StellarFox1 <ba0f0db5-7f7a-4608-88b0-bdbeb9bea1de> (BlessingSkin)/INFO] [CustomSkinLoader Core]: Profile not found.
[2026-09-29 10:00:50] [StellarFox1 <ba0f0db5-7f7a-4608-88b0-bdbeb9bea1de> (Mojang)/DEBUG] [CustomSkinLoader Core]: Successfully request (Response Code: 200 , Content Length: 545)
[2026-09-29 10:00:50] [StellarFox1 <ba0f0db5-7f7a-4608-88b0-bdbeb9bea1de> (Mojang)/DEBUG] [CustomSkinLoader Core]: Saved to cache (Length: 545 , Path: 'C:\Users\whosh\AppData\Roaming\ModrinthApp\profiles\Create_ Remastered\CustomSkinLoader\caches\0d240c790d6b973e6f93d13d4fb7cc13d197a32b' , Expire: 1790640070)
[2026-09-29 10:00:50] [StellarFox1 <ba0f0db5-7f7a-4608-88b0-bdbeb9bea1de> (Mojang)/DEBUG] [CustomSkinLoader Core]: Content: {
  "id" : "ba0f0db57f7a460888b0bdbeb9bea1de",
  "name" : "StellarFox1",
  "properties" : [ {
    "name" : "textures",
    "value" : "ewogICJ0aW1lc3RhbXAiIDogMTc5MDY0MDA1MTI0NCwKICAicHJvZmlsZUlkIiA6ICJiYTBmMGRiNTdmN2E0NjA4ODhiMGJkYmViOWJlYTFkZSIsCiAgInByb2ZpbGVOYW1lIiA6ICJTdGVsbGFyRm94MSIsCiAgInRleHR1cmVzIiA6IHsKICAgICJTS0lOIiA6IHsKICAgICAgInVybCIgOiAiaHR0cDovL3RleHR1cmVzLm1pbmVjcmFmdC5uZXQvdGV4dHVyZS9lYmRmZjBlZjM5NmE1YmJjNWRlOTQyYWJlNWM1NzE4MTU1Y2MzNTBkZDlmNjIyYWExNGIxZGQyM2U1YWM4MmVlIgogICAgfQogIH0KfQ=="
  } ],
  "profileActions" : [ ]
}
[2026-09-29 10:00:50] [StellarFox1 <ba0f0db5-7f7a-4608-88b0-bdbeb9bea1de> (TLauncher)/DEBUG] [CustomSkinLoader Core]: Successfully request (Response Code: 200 , Content Length: -1)
[2026-09-29 10:00:50] [StellarFox1 <ba0f0db5-7f7a-4608-88b0-bdbeb9bea1de> (TLauncher)/DEBUG] [CustomSkinLoader Core]: Saved to cache (Length: 2 , Path: 'C:\Users\whosh\AppData\Roaming\ModrinthApp\profiles\Create_ Remastered\CustomSkinLoader\caches\dfd943c58c4b794225ac649fbf576e9285c8abee' , Expire: 1790640141)
[2026-09-29 10:00:50] [StellarFox1 <ba0f0db5-7f7a-4608-88b0-bdbeb9bea1de> (TLauncher)/DEBUG] [CustomSkinLoader Core]: Content: {}
[2026-09-29 10:00:50] [StellarFox1 <ba0f0db5-7f7a-4608-88b0-bdbeb9bea1de> (TLauncher)/INFO] [CustomSkinLoader Core]: Both skin and cape not found.
[2026-09-29 10:00:50] [StellarFox1 <ba0f0db5-7f7a-4608-88b0-bdbeb9bea1de> (CloakPlus)/DEBUG] [CustomSkinLoader Core]: Failed to request (Response Code: 502)
[2026-09-29 10:00:50] [StellarFox1 <ba0f0db5-7f7a-4608-88b0-bdbeb9bea1de> (CloakPlus)/INFO] [CustomSkinLoader Core]: No texture could be found.
[2026-09-29 10:00:50] [StellarFox1 <ba0f0db5-7f7a-4608-88b0-bdbeb9bea1de> (OptiFine)/DEBUG] [CustomSkinLoader Core]: Failed to request (Response Code: 404)
[2026-09-29 10:00:50] [StellarFox1 <ba0f0db5-7f7a-4608-88b0-bdbeb9bea1de> (OptiFine)/INFO] [CustomSkinLoader Core]: No texture could be found.
[2026-09-29 10:00:51] [StellarFox1 <ba0f0db5-7f7a-4608-88b0-bdbeb9bea1de> (LittleSkin)/DEBUG] [CustomSkinLoader Core]: Successfully request (Response Code: 200 , Content Length: 2)
[2026-09-29 10:00:51] [StellarFox1 <ba0f0db5-7f7a-4608-88b0-bdbeb9bea1de> (LittleSkin)/DEBUG] [CustomSkinLoader Core]: Saved to cache (Length: 2 , Path: 'C:\Users\whosh\AppData\Roaming\ModrinthApp\profiles\Create_ Remastered\CustomSkinLoader\caches\04a8213060de2342b7b98afd04be478dc22027ee' , Expire: 1790640143)
[2026-09-29 10:00:51] [StellarFox1 <ba0f0db5-7f7a-4608-88b0-bdbeb9bea1de> (LittleSkin)/DEBUG] [CustomSkinLoader Core]: Content: {}
[2026-09-29 10:00:51] [StellarFox1 <ba0f0db5-7f7a-4608-88b0-bdbeb9bea1de> (LittleSkin)/INFO] [CustomSkinLoader Core]: Both skin and cape not found.
[2026-09-29 10:00:51] [StellarFox1 <ba0f0db5-7f7a-4608-88b0-bdbeb9bea1de> (GlitchlessGames)/DEBUG] [CustomSkinLoader Core]: Failed to request (Response Code: 404)
[2026-09-29 10:00:51] [StellarFox1 <ba0f0db5-7f7a-4608-88b0-bdbeb9bea1de> (GlitchlessGames)/INFO] [CustomSkinLoader Core]: Profile not found.
[2026-09-29 10:00:51] [StellarFox1 <ba0f0db5-7f7a-4608-88b0-bdbeb9bea1de>/INFO] [CustomSkinLoader Core]: StellarFox1's profile loaded. (1044ms)
[2026-09-29 10:00:51] [StellarFox1 <ba0f0db5-7f7a-4608-88b0-bdbeb9bea1de>/INFO] [CustomSkinLoader Core]: (SkinUrl: (LOCAL_LEGACY)a4b327b6000da5c89b6ada28a472d9731dfd7499,LocalSkin/skins/StellarFox1.png , Model: auto , CapeUrl: (LEGACY)https://api.cosmetica.cc/get/cloak?username=StellarFox1&uuid=ba0f0db5-7f7a-4608-88b0-bdbeb9bea1de&nothirdparty  , Expiry: 1790640081)
[2026-09-29 10:02:10] [StellarFox1 <ba0f0db5-7f7a-4608-88b0-bdbeb9bea1de>/INFO] [CustomSkinLoader Core]: Loading StellarFox1's profile.
[2026-09-29 10:02:10] [StellarFox1 <ba0f0db5-7f7a-4608-88b0-bdbeb9bea1de>/INFO] [CustomSkinLoader Core]: 1/12 Try to load profile from 'LocalSkin'.
[2026-09-29 10:02:10] [StellarFox1 <ba0f0db5-7f7a-4608-88b0-bdbeb9bea1de>/INFO] [CustomSkinLoader Core]: 2/12 Try to load profile from 'GameProfile'.
[2026-09-29 10:02:10] [StellarFox1 <ba0f0db5-7f7a-4608-88b0-bdbeb9bea1de>/INFO] [CustomSkinLoader Core]: 3/12 Try to load profile from 'Mojang'.
[2026-09-29 10:02:10] [StellarFox1 <ba0f0db5-7f7a-4608-88b0-bdbeb9bea1de> (GameProfile)/INFO] [CustomSkinLoader Core]: Default profile will be used.
[2026-09-29 10:02:10] [StellarFox1 <ba0f0db5-7f7a-4608-88b0-bdbeb9bea1de>/INFO] [CustomSkinLoader Core]: 4/12 Try to load profile from 'LittleSkin'.
[2026-09-29 10:02:10] [StellarFox1 <ba0f0db5-7f7a-4608-88b0-bdbeb9bea1de>/INFO] [CustomSkinLoader Core]: 5/12 Try to load profile from 'BlessingSkin'.
[2026-09-29 10:02:10] [StellarFox1 <ba0f0db5-7f7a-4608-88b0-bdbeb9bea1de>/INFO] [CustomSkinLoader Core]: 6/12 Try to load profile from 'ElyBy'.
[2026-09-29 10:02:10] [StellarFox1 <ba0f0db5-7f7a-4608-88b0-bdbeb9bea1de>/INFO] [CustomSkinLoader Core]: 7/12 Try to load profile from 'TLauncher'.
[2026-09-29 10:02:10] [StellarFox1 <ba0f0db5-7f7a-4608-88b0-bdbeb9bea1de>/INFO] [CustomSkinLoader Core]: 8/12 Try to load profile from 'GlitchlessGames'.
[2026-09-29 10:02:10] [StellarFox1 <ba0f0db5-7f7a-4608-88b0-bdbeb9bea1de>/INFO] [CustomSkinLoader Core]: 9/12 Try to load profile from 'MinecraftCapes'.
[2026-09-29 10:02:10] [StellarFox1 <ba0f0db5-7f7a-4608-88b0-bdbeb9bea1de> (Mojang)/DEBUG] [CustomSkinLoader Core]: Try to request 'https://sessionserver.mojang.com/session/minecraft/profile/ba0f0db57f7a460888b0bdbeb9bea1de'.
[2026-09-29 10:02:10] [StellarFox1 <ba0f0db5-7f7a-4608-88b0-bdbeb9bea1de> (LittleSkin)/DEBUG] [CustomSkinLoader Core]: Try to request 'https://littleskin.cn/csl/StellarFox1.json'.
[2026-09-29 10:02:10] [StellarFox1 <ba0f0db5-7f7a-4608-88b0-bdbeb9bea1de> (BlessingSkin)/DEBUG] [CustomSkinLoader Core]: Try to request 'https://skin.prinzeugen.net/StellarFox1.json'.
[2026-09-29 10:02:10] [StellarFox1 <ba0f0db5-7f7a-4608-88b0-bdbeb9bea1de>/INFO] [CustomSkinLoader Core]: 10/12 Try to load profile from 'OptiFine'.
[2026-09-29 10:02:10] [StellarFox1 <ba0f0db5-7f7a-4608-88b0-bdbeb9bea1de> (ElyBy)/DEBUG] [CustomSkinLoader Core]: Try to request 'http://skinsystem.ely.by/textures/StellarFox1'.
[2026-09-29 10:02:10] [StellarFox1 <ba0f0db5-7f7a-4608-88b0-bdbeb9bea1de> (TLauncher)/DEBUG] [CustomSkinLoader Core]: Try to request 'https://auth.tlauncher.org/skin/profile/texture/login/StellarFox1'.
[2026-09-29 10:02:10] [StellarFox1 <ba0f0db5-7f7a-4608-88b0-bdbeb9bea1de>/INFO] [CustomSkinLoader Core]: 11/12 Try to load profile from 'CloakPlus'.
[2026-09-29 10:02:10] [StellarFox1 <ba0f0db5-7f7a-4608-88b0-bdbeb9bea1de> (GlitchlessGames)/DEBUG] [CustomSkinLoader Core]: Try to request 'https://games.glitchless.ru/api/minecraft/users/profiles/textures/?nickname=StellarFox1'.
[2026-09-29 10:02:10] [StellarFox1 <ba0f0db5-7f7a-4608-88b0-bdbeb9bea1de>/INFO] [CustomSkinLoader Core]: 12/12 Try to load profile from 'Cosmetica'.
[2026-09-29 10:02:10] [StellarFox1 <ba0f0db5-7f7a-4608-88b0-bdbeb9bea1de> (MinecraftCapes)/DEBUG] [CustomSkinLoader Core]: Try to request 'https://api.minecraftcapes.net/profile/ba0f0db57f7a460888b0bdbeb9bea1de'.
[2026-09-29 10:02:10] [StellarFox1 <ba0f0db5-7f7a-4608-88b0-bdbeb9bea1de> (OptiFine)/DEBUG] [CustomSkinLoader Core]: Try to request 'https://optifine.net/capes/StellarFox1.png'.
[2026-09-29 10:02:10] [StellarFox1 <ba0f0db5-7f7a-4608-88b0-bdbeb9bea1de> (ElyBy)/DEBUG] [CustomSkinLoader Core]: Cache file found (Length: 0 , Path: 'C:\Users\whosh\AppData\Roaming\ModrinthApp\profiles\Create_ Remastered\CustomSkinLoader\caches\3b3cce223716de55b9a17b46caa02a7b87781554' , Expire: 1790643191)
[2026-09-29 10:02:10] [StellarFox1 <ba0f0db5-7f7a-4608-88b0-bdbeb9bea1de> (ElyBy)/INFO] [CustomSkinLoader Core]: Try to load from cache 'C:\Users\whosh\AppData\Roaming\ModrinthApp\profiles\Create_ Remastered\CustomSkinLoader\caches\3b3cce223716de55b9a17b46caa02a7b87781554'.
[2026-09-29 10:02:10] [StellarFox1 <ba0f0db5-7f7a-4608-88b0-bdbeb9bea1de> (CloakPlus)/DEBUG] [CustomSkinLoader Core]: Try to request 'http://161.35.130.99/capes/StellarFox1.png'.
[2026-09-29 10:02:10] [StellarFox1 <ba0f0db5-7f7a-4608-88b0-bdbeb9bea1de> (ElyBy)/DEBUG] [CustomSkinLoader Core]: Successfully load from cache
[2026-09-29 10:02:10] [StellarFox1 <ba0f0db5-7f7a-4608-88b0-bdbeb9bea1de> (ElyBy)/DEBUG] [CustomSkinLoader Core]: Content: 
[2026-09-29 10:02:10] [StellarFox1 <ba0f0db5-7f7a-4608-88b0-bdbeb9bea1de> (ElyBy)/INFO] [CustomSkinLoader Core]: Profile not found.
[2026-09-29 10:02:10] [StellarFox1 <ba0f0db5-7f7a-4608-88b0-bdbeb9bea1de> (Cosmetica)/DEBUG] [CustomSkinLoader Core]: Try to request 'https://api.cosmetica.cc/get/cloak?username=StellarFox1&uuid=ba0f0db5-7f7a-4608-88b0-bdbeb9bea1de&nothirdparty'.
[2026-09-29 10:02:10] [StellarFox1 <ba0f0db5-7f7a-4608-88b0-bdbeb9bea1de> (Cosmetica)/DEBUG] [CustomSkinLoader Core]: Cache file found (Length: 8227 , Path: 'C:\Users\whosh\AppData\Roaming\ModrinthApp\profiles\Create_ Remastered\CustomSkinLoader\caches\09b251b1aa7f6f0a8f7025667d3d754114034bdc' , Expire: 1790908400)
[2026-09-29 10:02:10] [StellarFox1 <ba0f0db5-7f7a-4608-88b0-bdbeb9bea1de> (TLauncher)/DEBUG] [CustomSkinLoader Core]: Cache file found (Length: 2 , Path: 'C:\Users\whosh\AppData\Roaming\ModrinthApp\profiles\Create_ Remastered\CustomSkinLoader\caches\dfd943c58c4b794225ac649fbf576e9285c8abee' , Expire: 1790640141)
[2026-09-29 10:02:10] [StellarFox1 <ba0f0db5-7f7a-4608-88b0-bdbeb9bea1de> (TLauncher)/INFO] [CustomSkinLoader Core]: Try to load from cache 'C:\Users\whosh\AppData\Roaming\ModrinthApp\profiles\Create_ Remastered\CustomSkinLoader\caches\dfd943c58c4b794225ac649fbf576e9285c8abee'.
[2026-09-29 10:02:10] [StellarFox1 <ba0f0db5-7f7a-4608-88b0-bdbeb9bea1de> (TLauncher)/DEBUG] [CustomSkinLoader Core]: Successfully load from cache
[2026-09-29 10:02:10] [StellarFox1 <ba0f0db5-7f7a-4608-88b0-bdbeb9bea1de> (TLauncher)/DEBUG] [CustomSkinLoader Core]: Content: {}
[2026-09-29 10:02:10] [StellarFox1 <ba0f0db5-7f7a-4608-88b0-bdbeb9bea1de> (TLauncher)/INFO] [CustomSkinLoader Core]: Both skin and cape not found.
[2026-09-29 10:02:10] [StellarFox1 <ba0f0db5-7f7a-4608-88b0-bdbeb9bea1de> (LittleSkin)/DEBUG] [CustomSkinLoader Core]: Cache file found (Length: 2 , Path: 'C:\Users\whosh\AppData\Roaming\ModrinthApp\profiles\Create_ Remastered\CustomSkinLoader\caches\04a8213060de2342b7b98afd04be478dc22027ee' , Expire: 1790640143)
[2026-09-29 10:02:10] [StellarFox1 <ba0f0db5-7f7a-4608-88b0-bdbeb9bea1de> (LittleSkin)/INFO] [CustomSkinLoader Core]: Try to load from cache 'C:\Users\whosh\AppData\Roaming\ModrinthApp\profiles\Create_ Remastered\CustomSkinLoader\caches\04a8213060de2342b7b98afd04be478dc22027ee'.
[2026-09-29 10:02:10] [StellarFox1 <ba0f0db5-7f7a-4608-88b0-bdbeb9bea1de> (LittleSkin)/DEBUG] [CustomSkinLoader Core]: Successfully load from cache
[2026-09-29 10:02:10] [StellarFox1 <ba0f0db5-7f7a-4608-88b0-bdbeb9bea1de> (LittleSkin)/DEBUG] [CustomSkinLoader Core]: Content: {}
[2026-09-29 10:02:10] [StellarFox1 <ba0f0db5-7f7a-4608-88b0-bdbeb9bea1de> (LittleSkin)/INFO] [CustomSkinLoader Core]: Both skin and cape not found.
[2026-09-29 10:02:10] [StellarFox1 <ba0f0db5-7f7a-4608-88b0-bdbeb9bea1de> (BlessingSkin)/DEBUG] [CustomSkinLoader Core]: Failed to request (Response Code: 404)
[2026-09-29 10:02:10] [StellarFox1 <ba0f0db5-7f7a-4608-88b0-bdbeb9bea1de> (BlessingSkin)/INFO] [CustomSkinLoader Core]: Profile not found.
[2026-09-29 10:02:10] [StellarFox1 <ba0f0db5-7f7a-4608-88b0-bdbeb9bea1de> (MinecraftCapes)/DEBUG] [CustomSkinLoader Core]: Successfully request (Response Code: 304 , Content Length: -1)
[2026-09-29 10:02:10] [StellarFox1 <ba0f0db5-7f7a-4608-88b0-bdbeb9bea1de> (MinecraftCapes)/DEBUG] [CustomSkinLoader Core]: Cache file found (Length: 241 , Path: 'C:\Users\whosh\AppData\Roaming\ModrinthApp\profiles\Create_ Remastered\CustomSkinLoader\caches\5d3b73e86a212e93c58c98620eab9beba796f59d' , Expire: 0)
[2026-09-29 10:02:10] [StellarFox1 <ba0f0db5-7f7a-4608-88b0-bdbeb9bea1de> (MinecraftCapes)/INFO] [CustomSkinLoader Core]: Try to load from cache 'C:\Users\whosh\AppData\Roaming\ModrinthApp\profiles\Create_ Remastered\CustomSkinLoader\caches\5d3b73e86a212e93c58c98620eab9beba796f59d'.
[2026-09-29 10:02:10] [StellarFox1 <ba0f0db5-7f7a-4608-88b0-bdbeb9bea1de> (MinecraftCapes)/DEBUG] [CustomSkinLoader Core]: Successfully load from cache
[2026-09-29 10:02:10] [StellarFox1 <ba0f0db5-7f7a-4608-88b0-bdbeb9bea1de> (MinecraftCapes)/DEBUG] [CustomSkinLoader Core]: Content: {"animatedCape":false,"capeGlint":false,"upsideDown":false,"animated_cape_url":null,"cape_url":null,"ear_url":null,"textures":{"_IMPORTANT":"We are removing base64 textures, please use the above parameters instead.","cape":null,"ears":null}}
[2026-09-29 10:02:10] [StellarFox1 <ba0f0db5-7f7a-4608-88b0-bdbeb9bea1de> (MinecraftCapes)/INFO] [CustomSkinLoader Core]: Both skin and cape not found.
[2026-09-29 10:02:10] [StellarFox1 <ba0f0db5-7f7a-4608-88b0-bdbeb9bea1de> (Mojang)/DEBUG] [CustomSkinLoader Core]: Successfully request (Response Code: 200 , Content Length: 545)
[2026-09-29 10:02:10] [StellarFox1 <ba0f0db5-7f7a-4608-88b0-bdbeb9bea1de> (Mojang)/DEBUG] [CustomSkinLoader Core]: Saved to cache (Length: 545 , Path: 'C:\Users\whosh\AppData\Roaming\ModrinthApp\profiles\Create_ Remastered\CustomSkinLoader\caches\0d240c790d6b973e6f93d13d4fb7cc13d197a32b' , Expire: 1790640150)
[2026-09-29 10:02:10] [StellarFox1 <ba0f0db5-7f7a-4608-88b0-bdbeb9bea1de> (Mojang)/DEBUG] [CustomSkinLoader Core]: Content: {
  "id" : "ba0f0db57f7a460888b0bdbeb9bea1de",
  "name" : "StellarFox1",
  "properties" : [ {
    "name" : "textures",
    "value" : "ewogICJ0aW1lc3RhbXAiIDogMTc5MDY0MDEzMTcyMSwKICAicHJvZmlsZUlkIiA6ICJiYTBmMGRiNTdmN2E0NjA4ODhiMGJkYmViOWJlYTFkZSIsCiAgInByb2ZpbGVOYW1lIiA6ICJTdGVsbGFyRm94MSIsCiAgInRleHR1cmVzIiA6IHsKICAgICJTS0lOIiA6IHsKICAgICAgInVybCIgOiAiaHR0cDovL3RleHR1cmVzLm1pbmVjcmFmdC5uZXQvdGV4dHVyZS9lYmRmZjBlZjM5NmE1YmJjNWRlOTQyYWJlNWM1NzE4MTU1Y2MzNTBkZDlmNjIyYWExNGIxZGQyM2U1YWM4MmVlIgogICAgfQogIH0KfQ=="
  } ],
  "profileActions" : [ ]
}
[2026-09-29 10:02:10] [StellarFox1 <ba0f0db5-7f7a-4608-88b0-bdbeb9bea1de> (OptiFine)/DEBUG] [CustomSkinLoader Core]: Failed to request (Response Code: 404)
[2026-09-29 10:02:10] [StellarFox1 <ba0f0db5-7f7a-4608-88b0-bdbeb9bea1de> (OptiFine)/INFO] [CustomSkinLoader Core]: No texture could be found.
[2026-09-29 10:02:11] [StellarFox1 <ba0f0db5-7f7a-4608-88b0-bdbeb9bea1de> (CloakPlus)/DEBUG] [CustomSkinLoader Core]: Failed to request (Response Code: 502)
[2026-09-29 10:02:11] [StellarFox1 <ba0f0db5-7f7a-4608-88b0-bdbeb9bea1de> (CloakPlus)/INFO] [CustomSkinLoader Core]: No texture could be found.
[2026-09-29 10:02:11] [StellarFox1 <ba0f0db5-7f7a-4608-88b0-bdbeb9bea1de> (GlitchlessGames)/DEBUG] [CustomSkinLoader Core]: Failed to request (Response Code: 404)
[2026-09-29 10:02:11] [StellarFox1 <ba0f0db5-7f7a-4608-88b0-bdbeb9bea1de> (GlitchlessGames)/INFO] [CustomSkinLoader Core]: Profile not found.
[2026-09-29 10:02:11] [StellarFox1 <ba0f0db5-7f7a-4608-88b0-bdbeb9bea1de>/INFO] [CustomSkinLoader Core]: StellarFox1's profile loaded. (1024ms)
[2026-09-29 10:02:11] [StellarFox1 <ba0f0db5-7f7a-4608-88b0-bdbeb9bea1de>/INFO] [CustomSkinLoader Core]: (SkinUrl: (LOCAL_LEGACY)a4b327b6000da5c89b6ada28a472d9731dfd7499,LocalSkin/skins/StellarFox1.png , Model: auto , CapeUrl: (LEGACY)https://api.cosmetica.cc/get/cloak?username=StellarFox1&uuid=ba0f0db5-7f7a-4608-88b0-bdbeb9bea1de&nothirdparty  , Expiry: 1790640161)
[2026-09-29 10:05:32] [StellarFox1 <ba0f0db5-7f7a-4608-88b0-bdbeb9bea1de>/INFO] [CustomSkinLoader Core]: Loading StellarFox1's profile.
[2026-09-29 10:05:32] [StellarFox1 <ba0f0db5-7f7a-4608-88b0-bdbeb9bea1de>/INFO] [CustomSkinLoader Core]: 1/12 Try to load profile from 'LocalSkin'.
[2026-09-29 10:05:32] [StellarFox1 <ba0f0db5-7f7a-4608-88b0-bdbeb9bea1de>/INFO] [CustomSkinLoader Core]: 2/12 Try to load profile from 'GameProfile'.
[2026-09-29 10:05:32] [StellarFox1 <ba0f0db5-7f7a-4608-88b0-bdbeb9bea1de>/INFO] [CustomSkinLoader Core]: 3/12 Try to load profile from 'Mojang'.
[2026-09-29 10:05:32] [StellarFox1 <ba0f0db5-7f7a-4608-88b0-bdbeb9bea1de>/INFO] [CustomSkinLoader Core]: 4/12 Try to load profile from 'LittleSkin'.
[2026-09-29 10:05:32] [StellarFox1 <ba0f0db5-7f7a-4608-88b0-bdbeb9bea1de>/INFO] [CustomSkinLoader Core]: 5/12 Try to load profile from 'BlessingSkin'.
[2026-09-29 10:05:32] [StellarFox1 <ba0f0db5-7f7a-4608-88b0-bdbeb9bea1de>/INFO] [CustomSkinLoader Core]: 6/12 Try to load profile from 'ElyBy'.
[2026-09-29 10:05:32] [StellarFox1 <ba0f0db5-7f7a-4608-88b0-bdbeb9bea1de> (Mojang)/DEBUG] [CustomSkinLoader Core]: Try to request 'https://sessionserver.mojang.com/session/minecraft/profile/ba0f0db57f7a460888b0bdbeb9bea1de'.
[2026-09-29 10:05:32] [StellarFox1 <ba0f0db5-7f7a-4608-88b0-bdbeb9bea1de>/INFO] [CustomSkinLoader Core]: 7/12 Try to load profile from 'TLauncher'.
[2026-09-29 10:05:32] [StellarFox1 <ba0f0db5-7f7a-4608-88b0-bdbeb9bea1de>/INFO] [CustomSkinLoader Core]: 8/12 Try to load profile from 'GlitchlessGames'.
[2026-09-29 10:05:32] [StellarFox1 <ba0f0db5-7f7a-4608-88b0-bdbeb9bea1de> (GameProfile)/INFO] [CustomSkinLoader Core]: Default profile will be used.
[2026-09-29 10:05:32] [StellarFox1 <ba0f0db5-7f7a-4608-88b0-bdbeb9bea1de> (LittleSkin)/DEBUG] [CustomSkinLoader Core]: Try to request 'https://littleskin.cn/csl/StellarFox1.json'.
[2026-09-29 10:05:32] [StellarFox1 <ba0f0db5-7f7a-4608-88b0-bdbeb9bea1de>/INFO] [CustomSkinLoader Core]: 9/12 Try to load profile from 'MinecraftCapes'.
[2026-09-29 10:05:32] [StellarFox1 <ba0f0db5-7f7a-4608-88b0-bdbeb9bea1de>/INFO] [CustomSkinLoader Core]: 10/12 Try to load profile from 'OptiFine'.
[2026-09-29 10:05:32] [StellarFox1 <ba0f0db5-7f7a-4608-88b0-bdbeb9bea1de> (ElyBy)/DEBUG] [CustomSkinLoader Core]: Try to request 'http://skinsystem.ely.by/textures/StellarFox1'.
[2026-09-29 10:05:32] [StellarFox1 <ba0f0db5-7f7a-4608-88b0-bdbeb9bea1de> (BlessingSkin)/DEBUG] [CustomSkinLoader Core]: Try to request 'https://skin.prinzeugen.net/StellarFox1.json'.
[2026-09-29 10:05:32] [StellarFox1 <ba0f0db5-7f7a-4608-88b0-bdbeb9bea1de>/INFO] [CustomSkinLoader Core]: 11/12 Try to load profile from 'CloakPlus'.
[2026-09-29 10:05:32] [StellarFox1 <ba0f0db5-7f7a-4608-88b0-bdbeb9bea1de> (TLauncher)/DEBUG] [CustomSkinLoader Core]: Try to request 'https://auth.tlauncher.org/skin/profile/texture/login/StellarFox1'.
[2026-09-29 10:05:32] [StellarFox1 <ba0f0db5-7f7a-4608-88b0-bdbeb9bea1de> (MinecraftCapes)/DEBUG] [CustomSkinLoader Core]: Try to request 'https://api.minecraftcapes.net/profile/ba0f0db57f7a460888b0bdbeb9bea1de'.
[2026-09-29 10:05:32] [StellarFox1 <ba0f0db5-7f7a-4608-88b0-bdbeb9bea1de> (ElyBy)/DEBUG] [CustomSkinLoader Core]: Cache file found (Length: 0 , Path: 'C:\Users\whosh\AppData\Roaming\ModrinthApp\profiles\Create_ Remastered\CustomSkinLoader\caches\3b3cce223716de55b9a17b46caa02a7b87781554' , Expire: 1790643191)
[2026-09-29 10:05:32] [StellarFox1 <ba0f0db5-7f7a-4608-88b0-bdbeb9bea1de> (ElyBy)/INFO] [CustomSkinLoader Core]: Try to load from cache 'C:\Users\whosh\AppData\Roaming\ModrinthApp\profiles\Create_ Remastered\CustomSkinLoader\caches\3b3cce223716de55b9a17b46caa02a7b87781554'.
[2026-09-29 10:05:32] [StellarFox1 <ba0f0db5-7f7a-4608-88b0-bdbeb9bea1de> (ElyBy)/DEBUG] [CustomSkinLoader Core]: Successfully load from cache
[2026-09-29 10:05:32] [StellarFox1 <ba0f0db5-7f7a-4608-88b0-bdbeb9bea1de> (GlitchlessGames)/DEBUG] [CustomSkinLoader Core]: Try to request 'https://games.glitchless.ru/api/minecraft/users/profiles/textures/?nickname=StellarFox1'.
[2026-09-29 10:05:32] [StellarFox1 <ba0f0db5-7f7a-4608-88b0-bdbeb9bea1de> (ElyBy)/DEBUG] [CustomSkinLoader Core]: Content: 
[2026-09-29 10:05:32] [StellarFox1 <ba0f0db5-7f7a-4608-88b0-bdbeb9bea1de> (ElyBy)/INFO] [CustomSkinLoader Core]: Profile not found.
[2026-09-29 10:05:32] [StellarFox1 <ba0f0db5-7f7a-4608-88b0-bdbeb9bea1de>/INFO] [CustomSkinLoader Core]: 12/12 Try to load profile from 'Cosmetica'.
[2026-09-29 10:05:32] [StellarFox1 <ba0f0db5-7f7a-4608-88b0-bdbeb9bea1de> (OptiFine)/DEBUG] [CustomSkinLoader Core]: Try to request 'https://optifine.net/capes/StellarFox1.png'.
[2026-09-29 10:05:32] [StellarFox1 <ba0f0db5-7f7a-4608-88b0-bdbeb9bea1de> (CloakPlus)/DEBUG] [CustomSkinLoader Core]: Try to request 'http://161.35.130.99/capes/StellarFox1.png'.
[2026-09-29 10:05:32] [StellarFox1 <ba0f0db5-7f7a-4608-88b0-bdbeb9bea1de> (Cosmetica)/DEBUG] [CustomSkinLoader Core]: Try to request 'https://api.cosmetica.cc/get/cloak?username=StellarFox1&uuid=ba0f0db5-7f7a-4608-88b0-bdbeb9bea1de&nothirdparty'.
[2026-09-29 10:05:32] [StellarFox1 <ba0f0db5-7f7a-4608-88b0-bdbeb9bea1de> (Cosmetica)/DEBUG] [CustomSkinLoader Core]: Cache file found (Length: 8227 , Path: 'C:\Users\whosh\AppData\Roaming\ModrinthApp\profiles\Create_ Remastered\CustomSkinLoader\caches\09b251b1aa7f6f0a8f7025667d3d754114034bdc' , Expire: 1790908400)
[2026-09-29 10:05:33] [StellarFox1 <ba0f0db5-7f7a-4608-88b0-bdbeb9bea1de> (BlessingSkin)/DEBUG] [CustomSkinLoader Core]: Failed to request (Response Code: 404)
[2026-09-29 10:05:33] [StellarFox1 <ba0f0db5-7f7a-4608-88b0-bdbeb9bea1de> (BlessingSkin)/INFO] [CustomSkinLoader Core]: Profile not found.
[2026-09-29 10:05:33] [StellarFox1 <ba0f0db5-7f7a-4608-88b0-bdbeb9bea1de> (MinecraftCapes)/DEBUG] [CustomSkinLoader Core]: Successfully request (Response Code: 304 , Content Length: -1)
[2026-09-29 10:05:33] [StellarFox1 <ba0f0db5-7f7a-4608-88b0-bdbeb9bea1de> (MinecraftCapes)/DEBUG] [CustomSkinLoader Core]: Cache file found (Length: 241 , Path: 'C:\Users\whosh\AppData\Roaming\ModrinthApp\profiles\Create_ Remastered\CustomSkinLoader\caches\5d3b73e86a212e93c58c98620eab9beba796f59d' , Expire: 0)
[2026-09-29 10:05:33] [StellarFox1 <ba0f0db5-7f7a-4608-88b0-bdbeb9bea1de> (MinecraftCapes)/INFO] [CustomSkinLoader Core]: Try to load from cache 'C:\Users\whosh\AppData\Roaming\ModrinthApp\profiles\Create_ Remastered\CustomSkinLoader\caches\5d3b73e86a212e93c58c98620eab9beba796f59d'.
[2026-09-29 10:05:33] [StellarFox1 <ba0f0db5-7f7a-4608-88b0-bdbeb9bea1de> (MinecraftCapes)/DEBUG] [CustomSkinLoader Core]: Successfully load from cache
[2026-09-29 10:05:33] [StellarFox1 <ba0f0db5-7f7a-4608-88b0-bdbeb9bea1de> (MinecraftCapes)/DEBUG] [CustomSkinLoader Core]: Content: {"animatedCape":false,"capeGlint":false,"upsideDown":false,"animated_cape_url":null,"cape_url":null,"ear_url":null,"textures":{"_IMPORTANT":"We are removing base64 textures, please use the above parameters instead.","cape":null,"ears":null}}
[2026-09-29 10:05:33] [StellarFox1 <ba0f0db5-7f7a-4608-88b0-bdbeb9bea1de> (MinecraftCapes)/INFO] [CustomSkinLoader Core]: Both skin and cape not found.
[2026-09-29 10:05:33] [StellarFox1 <ba0f0db5-7f7a-4608-88b0-bdbeb9bea1de> (OptiFine)/DEBUG] [CustomSkinLoader Core]: Failed to request (Response Code: 404)
[2026-09-29 10:05:33] [StellarFox1 <ba0f0db5-7f7a-4608-88b0-bdbeb9bea1de> (OptiFine)/INFO] [CustomSkinLoader Core]: No texture could be found.
[2026-09-29 10:05:33] [StellarFox1 <ba0f0db5-7f7a-4608-88b0-bdbeb9bea1de> (Mojang)/DEBUG] [CustomSkinLoader Core]: Successfully request (Response Code: 200 , Content Length: 545)
[2026-09-29 10:05:33] [StellarFox1 <ba0f0db5-7f7a-4608-88b0-bdbeb9bea1de> (Mojang)/DEBUG] [CustomSkinLoader Core]: Saved to cache (Length: 545 , Path: 'C:\Users\whosh\AppData\Roaming\ModrinthApp\profiles\Create_ Remastered\CustomSkinLoader\caches\0d240c790d6b973e6f93d13d4fb7cc13d197a32b' , Expire: 1790640353)
[2026-09-29 10:05:33] [StellarFox1 <ba0f0db5-7f7a-4608-88b0-bdbeb9bea1de> (Mojang)/DEBUG] [CustomSkinLoader Core]: Content: {
  "id" : "ba0f0db57f7a460888b0bdbeb9bea1de",
  "name" : "StellarFox1",
  "properties" : [ {
    "name" : "textures",
    "value" : "ewogICJ0aW1lc3RhbXAiIDogMTc5MDY0MDMzNDA5MywKICAicHJvZmlsZUlkIiA6ICJiYTBmMGRiNTdmN2E0NjA4ODhiMGJkYmViOWJlYTFkZSIsCiAgInByb2ZpbGVOYW1lIiA6ICJTdGVsbGFyRm94MSIsCiAgInRleHR1cmVzIiA6IHsKICAgICJTS0lOIiA6IHsKICAgICAgInVybCIgOiAiaHR0cDovL3RleHR1cmVzLm1pbmVjcmFmdC5uZXQvdGV4dHVyZS9lYmRmZjBlZjM5NmE1YmJjNWRlOTQyYWJlNWM1NzE4MTU1Y2MzNTBkZDlmNjIyYWExNGIxZGQyM2U1YWM4MmVlIgogICAgfQogIH0KfQ=="
  } ],
  "profileActions" : [ ]
}
[2026-09-29 10:05:33] [StellarFox1 <ba0f0db5-7f7a-4608-88b0-bdbeb9bea1de> (CloakPlus)/DEBUG] [CustomSkinLoader Core]: Failed to request (Response Code: 502)
[2026-09-29 10:05:33] [StellarFox1 <ba0f0db5-7f7a-4608-88b0-bdbeb9bea1de> (CloakPlus)/INFO] [CustomSkinLoader Core]: No texture could be found.
[2026-09-29 10:05:33] [StellarFox1 <ba0f0db5-7f7a-4608-88b0-bdbeb9bea1de> (GlitchlessGames)/DEBUG] [CustomSkinLoader Core]: Failed to request (Response Code: 404)
[2026-09-29 10:05:33] [StellarFox1 <ba0f0db5-7f7a-4608-88b0-bdbeb9bea1de> (GlitchlessGames)/INFO] [CustomSkinLoader Core]: Profile not found.
[2026-09-29 10:05:34] [StellarFox1 <ba0f0db5-7f7a-4608-88b0-bdbeb9bea1de> (LittleSkin)/DEBUG] [CustomSkinLoader Core]: Successfully request (Response Code: 200 , Content Length: 2)
[2026-09-29 10:05:34] [StellarFox1 <ba0f0db5-7f7a-4608-88b0-bdbeb9bea1de> (TLauncher)/DEBUG] [CustomSkinLoader Core]: Successfully request (Response Code: 200 , Content Length: -1)
[2026-09-29 10:05:34] [StellarFox1 <ba0f0db5-7f7a-4608-88b0-bdbeb9bea1de> (LittleSkin)/DEBUG] [CustomSkinLoader Core]: Saved to cache (Length: 2 , Path: 'C:\Users\whosh\AppData\Roaming\ModrinthApp\profiles\Create_ Remastered\CustomSkinLoader\caches\04a8213060de2342b7b98afd04be478dc22027ee' , Expire: 1790640427)
[2026-09-29 10:05:34] [StellarFox1 <ba0f0db5-7f7a-4608-88b0-bdbeb9bea1de> (LittleSkin)/DEBUG] [CustomSkinLoader Core]: Content: {}
[2026-09-29 10:05:34] [StellarFox1 <ba0f0db5-7f7a-4608-88b0-bdbeb9bea1de> (LittleSkin)/INFO] [CustomSkinLoader Core]: Both skin and cape not found.
[2026-09-29 10:05:34] [StellarFox1 <ba0f0db5-7f7a-4608-88b0-bdbeb9bea1de> (TLauncher)/DEBUG] [CustomSkinLoader Core]: Saved to cache (Length: 2 , Path: 'C:\Users\whosh\AppData\Roaming\ModrinthApp\profiles\Create_ Remastered\CustomSkinLoader\caches\dfd943c58c4b794225ac649fbf576e9285c8abee' , Expire: 1790640424)
[2026-09-29 10:05:34] [StellarFox1 <ba0f0db5-7f7a-4608-88b0-bdbeb9bea1de> (TLauncher)/DEBUG] [CustomSkinLoader Core]: Content: {}
[2026-09-29 10:05:34] [StellarFox1 <ba0f0db5-7f7a-4608-88b0-bdbeb9bea1de> (TLauncher)/INFO] [CustomSkinLoader Core]: Both skin and cape not found.
[2026-09-29 10:05:34] [StellarFox1 <ba0f0db5-7f7a-4608-88b0-bdbeb9bea1de>/INFO] [CustomSkinLoader Core]: StellarFox1's profile loaded. (1369ms)
[2026-09-29 10:05:34] [StellarFox1 <ba0f0db5-7f7a-4608-88b0-bdbeb9bea1de>/INFO] [CustomSkinLoader Core]: (SkinUrl: (LOCAL_LEGACY)a4b327b6000da5c89b6ada28a472d9731dfd7499,LocalSkin/skins/StellarFox1.png , Model: auto , CapeUrl: (LEGACY)https://api.cosmetica.cc/get/cloak?username=StellarFox1&uuid=ba0f0db5-7f7a-4608-88b0-bdbeb9bea1de&nothirdparty  , Expiry: 1790640364)
[2026-09-29 10:06:24] [StellarFox1 <ba0f0db5-7f7a-4608-88b0-bdbeb9bea1de>/INFO] [CustomSkinLoader Core]: Loading StellarFox1's profile.
[2026-09-29 10:06:24] [StellarFox1 <ba0f0db5-7f7a-4608-88b0-bdbeb9bea1de>/INFO] [CustomSkinLoader Core]: 1/12 Try to load profile from 'LocalSkin'.
[2026-09-29 10:06:24] [StellarFox1 <ba0f0db5-7f7a-4608-88b0-bdbeb9bea1de>/INFO] [CustomSkinLoader Core]: 2/12 Try to load profile from 'GameProfile'.
[2026-09-29 10:06:24] [StellarFox1 <ba0f0db5-7f7a-4608-88b0-bdbeb9bea1de>/INFO] [CustomSkinLoader Core]: 3/12 Try to load profile from 'Mojang'.
[2026-09-29 10:06:24] [StellarFox1 <ba0f0db5-7f7a-4608-88b0-bdbeb9bea1de>/INFO] [CustomSkinLoader Core]: 4/12 Try to load profile from 'LittleSkin'.
[2026-09-29 10:06:24] [StellarFox1 <ba0f0db5-7f7a-4608-88b0-bdbeb9bea1de>/INFO] [CustomSkinLoader Core]: 5/12 Try to load profile from 'BlessingSkin'.
[2026-09-29 10:06:24] [StellarFox1 <ba0f0db5-7f7a-4608-88b0-bdbeb9bea1de>/INFO] [CustomSkinLoader Core]: 6/12 Try to load profile from 'ElyBy'.
[2026-09-29 10:06:24] [StellarFox1 <ba0f0db5-7f7a-4608-88b0-bdbeb9bea1de>/INFO] [CustomSkinLoader Core]: 7/12 Try to load profile from 'TLauncher'.
[2026-09-29 10:06:24] [StellarFox1 <ba0f0db5-7f7a-4608-88b0-bdbeb9bea1de>/INFO] [CustomSkinLoader Core]: 8/12 Try to load profile from 'GlitchlessGames'.
[2026-09-29 10:06:24] [StellarFox1 <ba0f0db5-7f7a-4608-88b0-bdbeb9bea1de>/INFO] [CustomSkinLoader Core]: 9/12 Try to load profile from 'MinecraftCapes'.
[2026-09-29 10:06:24] [StellarFox1 <ba0f0db5-7f7a-4608-88b0-bdbeb9bea1de> (BlessingSkin)/DEBUG] [CustomSkinLoader Core]: Try to request 'https://skin.prinzeugen.net/StellarFox1.json'.
[2026-09-29 10:06:24] [StellarFox1 <ba0f0db5-7f7a-4608-88b0-bdbeb9bea1de> (GameProfile)/INFO] [CustomSkinLoader Core]: Default profile will be used.
[2026-09-29 10:06:24] [StellarFox1 <ba0f0db5-7f7a-4608-88b0-bdbeb9bea1de>/INFO] [CustomSkinLoader Core]: 10/12 Try to load profile from 'OptiFine'.
[2026-09-29 10:06:24] [StellarFox1 <ba0f0db5-7f7a-4608-88b0-bdbeb9bea1de> (LittleSkin)/DEBUG] [CustomSkinLoader Core]: Try to request 'https://littleskin.cn/csl/StellarFox1.json'.
[2026-09-29 10:06:24] [StellarFox1 <ba0f0db5-7f7a-4608-88b0-bdbeb9bea1de>/INFO] [CustomSkinLoader Core]: 11/12 Try to load profile from 'CloakPlus'.
[2026-09-29 10:06:24] [StellarFox1 <ba0f0db5-7f7a-4608-88b0-bdbeb9bea1de> (Mojang)/DEBUG] [CustomSkinLoader Core]: Try to request 'https://sessionserver.mojang.com/session/minecraft/profile/ba0f0db57f7a460888b0bdbeb9bea1de'.
[2026-09-29 10:06:24] [StellarFox1 <ba0f0db5-7f7a-4608-88b0-bdbeb9bea1de>/INFO] [CustomSkinLoader Core]: 12/12 Try to load profile from 'Cosmetica'.
[2026-09-29 10:06:24] [StellarFox1 <ba0f0db5-7f7a-4608-88b0-bdbeb9bea1de> (ElyBy)/DEBUG] [CustomSkinLoader Core]: Try to request 'http://skinsystem.ely.by/textures/StellarFox1'.
[2026-09-29 10:06:24] [StellarFox1 <ba0f0db5-7f7a-4608-88b0-bdbeb9bea1de> (GlitchlessGames)/DEBUG] [CustomSkinLoader Core]: Try to request 'https://games.glitchless.ru/api/minecraft/users/profiles/textures/?nickname=StellarFox1'.
[2026-09-29 10:06:24] [StellarFox1 <ba0f0db5-7f7a-4608-88b0-bdbeb9bea1de> (ElyBy)/DEBUG] [CustomSkinLoader Core]: Cache file found (Length: 0 , Path: 'C:\Users\whosh\AppData\Roaming\ModrinthApp\profiles\Create_ Remastered\CustomSkinLoader\caches\3b3cce223716de55b9a17b46caa02a7b87781554' , Expire: 1790643191)
[2026-09-29 10:06:24] [StellarFox1 <ba0f0db5-7f7a-4608-88b0-bdbeb9bea1de> (ElyBy)/INFO] [CustomSkinLoader Core]: Try to load from cache 'C:\Users\whosh\AppData\Roaming\ModrinthApp\profiles\Create_ Remastered\CustomSkinLoader\caches\3b3cce223716de55b9a17b46caa02a7b87781554'.
[2026-09-29 10:06:24] [StellarFox1 <ba0f0db5-7f7a-4608-88b0-bdbeb9bea1de> (ElyBy)/DEBUG] [CustomSkinLoader Core]: Successfully load from cache
[2026-09-29 10:06:24] [StellarFox1 <ba0f0db5-7f7a-4608-88b0-bdbeb9bea1de> (ElyBy)/DEBUG] [CustomSkinLoader Core]: Content: 
[2026-09-29 10:06:24] [StellarFox1 <ba0f0db5-7f7a-4608-88b0-bdbeb9bea1de> (MinecraftCapes)/DEBUG] [CustomSkinLoader Core]: Try to request 'https://api.minecraftcapes.net/profile/ba0f0db57f7a460888b0bdbeb9bea1de'.
[2026-09-29 10:06:24] [StellarFox1 <ba0f0db5-7f7a-4608-88b0-bdbeb9bea1de> (TLauncher)/DEBUG] [CustomSkinLoader Core]: Try to request 'https://auth.tlauncher.org/skin/profile/texture/login/StellarFox1'.
[2026-09-29 10:06:24] [StellarFox1 <ba0f0db5-7f7a-4608-88b0-bdbeb9bea1de> (ElyBy)/INFO] [CustomSkinLoader Core]: Profile not found.
[2026-09-29 10:06:24] [StellarFox1 <ba0f0db5-7f7a-4608-88b0-bdbeb9bea1de> (CloakPlus)/DEBUG] [CustomSkinLoader Core]: Try to request 'http://161.35.130.99/capes/StellarFox1.png'.
[2026-09-29 10:06:24] [StellarFox1 <ba0f0db5-7f7a-4608-88b0-bdbeb9bea1de> (OptiFine)/DEBUG] [CustomSkinLoader Core]: Try to request 'https://optifine.net/capes/StellarFox1.png'.
[2026-09-29 10:06:24] [StellarFox1 <ba0f0db5-7f7a-4608-88b0-bdbeb9bea1de> (Cosmetica)/DEBUG] [CustomSkinLoader Core]: Try to request 'https://api.cosmetica.cc/get/cloak?username=StellarFox1&uuid=ba0f0db5-7f7a-4608-88b0-bdbeb9bea1de&nothirdparty'.
[2026-09-29 10:06:24] [StellarFox1 <ba0f0db5-7f7a-4608-88b0-bdbeb9bea1de> (Cosmetica)/DEBUG] [CustomSkinLoader Core]: Cache file found (Length: 8227 , Path: 'C:\Users\whosh\AppData\Roaming\ModrinthApp\profiles\Create_ Remastered\CustomSkinLoader\caches\09b251b1aa7f6f0a8f7025667d3d754114034bdc' , Expire: 1790908400)
[2026-09-29 10:06:24] [StellarFox1 <ba0f0db5-7f7a-4608-88b0-bdbeb9bea1de> (LittleSkin)/DEBUG] [CustomSkinLoader Core]: Cache file found (Length: 2 , Path: 'C:\Users\whosh\AppData\Roaming\ModrinthApp\profiles\Create_ Remastered\CustomSkinLoader\caches\04a8213060de2342b7b98afd04be478dc22027ee' , Expire: 1790640427)
[2026-09-29 10:06:24] [StellarFox1 <ba0f0db5-7f7a-4608-88b0-bdbeb9bea1de> (LittleSkin)/INFO] [CustomSkinLoader Core]: Try to load from cache 'C:\Users\whosh\AppData\Roaming\ModrinthApp\profiles\Create_ Remastered\CustomSkinLoader\caches\04a8213060de2342b7b98afd04be478dc22027ee'.
[2026-09-29 10:06:24] [StellarFox1 <ba0f0db5-7f7a-4608-88b0-bdbeb9bea1de> (LittleSkin)/DEBUG] [CustomSkinLoader Core]: Successfully load from cache
[2026-09-29 10:06:24] [StellarFox1 <ba0f0db5-7f7a-4608-88b0-bdbeb9bea1de> (LittleSkin)/DEBUG] [CustomSkinLoader Core]: Content: {}
[2026-09-29 10:06:24] [StellarFox1 <ba0f0db5-7f7a-4608-88b0-bdbeb9bea1de> (LittleSkin)/INFO] [CustomSkinLoader Core]: Both skin and cape not found.
[2026-09-29 10:06:24] [StellarFox1 <ba0f0db5-7f7a-4608-88b0-bdbeb9bea1de> (TLauncher)/DEBUG] [CustomSkinLoader Core]: Cache file found (Length: 2 , Path: 'C:\Users\whosh\AppData\Roaming\ModrinthApp\profiles\Create_ Remastered\CustomSkinLoader\caches\dfd943c58c4b794225ac649fbf576e9285c8abee' , Expire: 1790640424)
[2026-09-29 10:06:24] [StellarFox1 <ba0f0db5-7f7a-4608-88b0-bdbeb9bea1de> (TLauncher)/INFO] [CustomSkinLoader Core]: Try to load from cache 'C:\Users\whosh\AppData\Roaming\ModrinthApp\profiles\Create_ Remastered\CustomSkinLoader\caches\dfd943c58c4b794225ac649fbf576e9285c8abee'.
[2026-09-29 10:06:24] [StellarFox1 <ba0f0db5-7f7a-4608-88b0-bdbeb9bea1de> (TLauncher)/DEBUG] [CustomSkinLoader Core]: Successfully load from cache
[2026-09-29 10:06:24] [StellarFox1 <ba0f0db5-7f7a-4608-88b0-bdbeb9bea1de> (TLauncher)/DEBUG] [CustomSkinLoader Core]: Content: {}
[2026-09-29 10:06:24] [StellarFox1 <ba0f0db5-7f7a-4608-88b0-bdbeb9bea1de> (TLauncher)/INFO] [CustomSkinLoader Core]: Both skin and cape not found.
[2026-09-29 10:06:24] [StellarFox1 <ba0f0db5-7f7a-4608-88b0-bdbeb9bea1de> (MinecraftCapes)/DEBUG] [CustomSkinLoader Core]: Successfully request (Response Code: 304 , Content Length: -1)
[2026-09-29 10:06:24] [StellarFox1 <ba0f0db5-7f7a-4608-88b0-bdbeb9bea1de> (MinecraftCapes)/DEBUG] [CustomSkinLoader Core]: Cache file found (Length: 241 , Path: 'C:\Users\whosh\AppData\Roaming\ModrinthApp\profiles\Create_ Remastered\CustomSkinLoader\caches\5d3b73e86a212e93c58c98620eab9beba796f59d' , Expire: 0)
[2026-09-29 10:06:24] [StellarFox1 <ba0f0db5-7f7a-4608-88b0-bdbeb9bea1de> (MinecraftCapes)/INFO] [CustomSkinLoader Core]: Try to load from cache 'C:\Users\whosh\AppData\Roaming\ModrinthApp\profiles\Create_ Remastered\CustomSkinLoader\caches\5d3b73e86a212e93c58c98620eab9beba796f59d'.
[2026-09-29 10:06:24] [StellarFox1 <ba0f0db5-7f7a-4608-88b0-bdbeb9bea1de> (MinecraftCapes)/DEBUG] [CustomSkinLoader Core]: Successfully load from cache
[2026-09-29 10:06:24] [StellarFox1 <ba0f0db5-7f7a-4608-88b0-bdbeb9bea1de> (MinecraftCapes)/DEBUG] [CustomSkinLoader Core]: Content: {"animatedCape":false,"capeGlint":false,"upsideDown":false,"animated_cape_url":null,"cape_url":null,"ear_url":null,"textures":{"_IMPORTANT":"We are removing base64 textures, please use the above parameters instead.","cape":null,"ears":null}}
[2026-09-29 10:06:24] [StellarFox1 <ba0f0db5-7f7a-4608-88b0-bdbeb9bea1de> (MinecraftCapes)/INFO] [CustomSkinLoader Core]: Both skin and cape not found.
[2026-09-29 10:06:24] [StellarFox1 <ba0f0db5-7f7a-4608-88b0-bdbeb9bea1de> (BlessingSkin)/DEBUG] [CustomSkinLoader Core]: Failed to request (Response Code: 404)
[2026-09-29 10:06:24] [StellarFox1 <ba0f0db5-7f7a-4608-88b0-bdbeb9bea1de> (BlessingSkin)/INFO] [CustomSkinLoader Core]: Profile not found.
[2026-09-29 10:06:25] [StellarFox1 <ba0f0db5-7f7a-4608-88b0-bdbeb9bea1de> (Mojang)/DEBUG] [CustomSkinLoader Core]: Successfully request (Response Code: 200 , Content Length: 545)
[2026-09-29 10:06:25] [StellarFox1 <ba0f0db5-7f7a-4608-88b0-bdbeb9bea1de> (Mojang)/DEBUG] [CustomSkinLoader Core]: Saved to cache (Length: 545 , Path: 'C:\Users\whosh\AppData\Roaming\ModrinthApp\profiles\Create_ Remastered\CustomSkinLoader\caches\0d240c790d6b973e6f93d13d4fb7cc13d197a32b' , Expire: 1790640405)
[2026-09-29 10:06:25] [StellarFox1 <ba0f0db5-7f7a-4608-88b0-bdbeb9bea1de> (Mojang)/DEBUG] [CustomSkinLoader Core]: Content: {
  "id" : "ba0f0db57f7a460888b0bdbeb9bea1de",
  "name" : "StellarFox1",
  "properties" : [ {
    "name" : "textures",
    "value" : "ewogICJ0aW1lc3RhbXAiIDogMTc5MDY0MDM4NTg1MywKICAicHJvZmlsZUlkIiA6ICJiYTBmMGRiNTdmN2E0NjA4ODhiMGJkYmViOWJlYTFkZSIsCiAgInByb2ZpbGVOYW1lIiA6ICJTdGVsbGFyRm94MSIsCiAgInRleHR1cmVzIiA6IHsKICAgICJTS0lOIiA6IHsKICAgICAgInVybCIgOiAiaHR0cDovL3RleHR1cmVzLm1pbmVjcmFmdC5uZXQvdGV4dHVyZS9lYmRmZjBlZjM5NmE1YmJjNWRlOTQyYWJlNWM1NzE4MTU1Y2MzNTBkZDlmNjIyYWExNGIxZGQyM2U1YWM4MmVlIgogICAgfQogIH0KfQ=="
  } ],
  "profileActions" : [ ]
}
[2026-09-29 10:06:25] [StellarFox1 <ba0f0db5-7f7a-4608-88b0-bdbeb9bea1de> (CloakPlus)/DEBUG] [CustomSkinLoader Core]: Failed to request (Response Code: 502)
[2026-09-29 10:06:25] [StellarFox1 <ba0f0db5-7f7a-4608-88b0-bdbeb9bea1de> (CloakPlus)/INFO] [CustomSkinLoader Core]: No texture could be found.
[2026-09-29 10:06:25] [StellarFox1 <ba0f0db5-7f7a-4608-88b0-bdbeb9bea1de> (OptiFine)/DEBUG] [CustomSkinLoader Core]: Failed to request (Response Code: 404)
[2026-09-29 10:06:25] [StellarFox1 <ba0f0db5-7f7a-4608-88b0-bdbeb9bea1de> (OptiFine)/INFO] [CustomSkinLoader Core]: No texture could be found.
[2026-09-29 10:06:25] [StellarFox1 <ba0f0db5-7f7a-4608-88b0-bdbeb9bea1de> (GlitchlessGames)/DEBUG] [CustomSkinLoader Core]: Failed to request (Response Code: 404)
[2026-09-29 10:06:25] [StellarFox1 <ba0f0db5-7f7a-4608-88b0-bdbeb9bea1de> (GlitchlessGames)/INFO] [CustomSkinLoader Core]: Profile not found.
[2026-09-29 10:06:25] [StellarFox1 <ba0f0db5-7f7a-4608-88b0-bdbeb9bea1de>/INFO] [CustomSkinLoader Core]: StellarFox1's profile loaded. (1153ms)
[2026-09-29 10:06:25] [StellarFox1 <ba0f0db5-7f7a-4608-88b0-bdbeb9bea1de>/INFO] [CustomSkinLoader Core]: (SkinUrl: (LOCAL_LEGACY)a4b327b6000da5c89b6ada28a472d9731dfd7499,LocalSkin/skins/StellarFox1.png , Model: auto , CapeUrl: (LEGACY)https://api.cosmetica.cc/get/cloak?username=StellarFox1&uuid=ba0f0db5-7f7a-4608-88b0-bdbeb9bea1de&nothirdparty  , Expiry: 1790640415)
[2026-09-29 10:14:22] [StellarFox1 <ba0f0db5-7f7a-4608-88b0-bdbeb9bea1de>/INFO] [CustomSkinLoader Core]: Loading StellarFox1's profile.
[2026-09-29 10:14:22] [StellarFox1 <ba0f0db5-7f7a-4608-88b0-bdbeb9bea1de>/INFO] [CustomSkinLoader Core]: 1/12 Try to load profile from 'LocalSkin'.
[2026-09-29 10:14:22] [StellarFox1 <ba0f0db5-7f7a-4608-88b0-bdbeb9bea1de>/INFO] [CustomSkinLoader Core]: 2/12 Try to load profile from 'GameProfile'.
[2026-09-29 10:14:22] [StellarFox1 <ba0f0db5-7f7a-4608-88b0-bdbeb9bea1de>/INFO] [CustomSkinLoader Core]: 3/12 Try to load profile from 'Mojang'.
[2026-09-29 10:14:22] [StellarFox1 <ba0f0db5-7f7a-4608-88b0-bdbeb9bea1de>/INFO] [CustomSkinLoader Core]: 4/12 Try to load profile from 'LittleSkin'.
[2026-09-29 10:14:22] [StellarFox1 <ba0f0db5-7f7a-4608-88b0-bdbeb9bea1de> (GameProfile)/INFO] [CustomSkinLoader Core]: Default profile will be used.
[2026-09-29 10:14:22] [StellarFox1 <ba0f0db5-7f7a-4608-88b0-bdbeb9bea1de>/INFO] [CustomSkinLoader Core]: 5/12 Try to load profile from 'BlessingSkin'.
[2026-09-29 10:14:22] [StellarFox1 <ba0f0db5-7f7a-4608-88b0-bdbeb9bea1de> (Mojang)/DEBUG] [CustomSkinLoader Core]: Try to request 'https://sessionserver.mojang.com/session/minecraft/profile/ba0f0db57f7a460888b0bdbeb9bea1de'.
[2026-09-29 10:14:22] [StellarFox1 <ba0f0db5-7f7a-4608-88b0-bdbeb9bea1de> (LittleSkin)/DEBUG] [CustomSkinLoader Core]: Try to request 'https://littleskin.cn/csl/StellarFox1.json'.
[2026-09-29 10:14:22] [StellarFox1 <ba0f0db5-7f7a-4608-88b0-bdbeb9bea1de>/INFO] [CustomSkinLoader Core]: 6/12 Try to load profile from 'ElyBy'.
[2026-09-29 10:14:22] [StellarFox1 <ba0f0db5-7f7a-4608-88b0-bdbeb9bea1de>/INFO] [CustomSkinLoader Core]: 7/12 Try to load profile from 'TLauncher'.
[2026-09-29 10:14:22] [StellarFox1 <ba0f0db5-7f7a-4608-88b0-bdbeb9bea1de> (BlessingSkin)/DEBUG] [CustomSkinLoader Core]: Try to request 'https://skin.prinzeugen.net/StellarFox1.json'.
[2026-09-29 10:14:22] [StellarFox1 <ba0f0db5-7f7a-4608-88b0-bdbeb9bea1de>/INFO] [CustomSkinLoader Core]: 8/12 Try to load profile from 'GlitchlessGames'.
[2026-09-29 10:14:22] [StellarFox1 <ba0f0db5-7f7a-4608-88b0-bdbeb9bea1de>/INFO] [CustomSkinLoader Core]: 9/12 Try to load profile from 'MinecraftCapes'.
[2026-09-29 10:14:22] [StellarFox1 <ba0f0db5-7f7a-4608-88b0-bdbeb9bea1de> (TLauncher)/DEBUG] [CustomSkinLoader Core]: Try to request 'https://auth.tlauncher.org/skin/profile/texture/login/StellarFox1'.
[2026-09-29 10:14:22] [StellarFox1 <ba0f0db5-7f7a-4608-88b0-bdbeb9bea1de> (ElyBy)/DEBUG] [CustomSkinLoader Core]: Try to request 'http://skinsystem.ely.by/textures/StellarFox1'.
[2026-09-29 10:14:22] [StellarFox1 <ba0f0db5-7f7a-4608-88b0-bdbeb9bea1de>/INFO] [CustomSkinLoader Core]: 10/12 Try to load profile from 'OptiFine'.
[2026-09-29 10:14:22] [StellarFox1 <ba0f0db5-7f7a-4608-88b0-bdbeb9bea1de>/INFO] [CustomSkinLoader Core]: 11/12 Try to load profile from 'CloakPlus'.
[2026-09-29 10:14:22] [StellarFox1 <ba0f0db5-7f7a-4608-88b0-bdbeb9bea1de> (GlitchlessGames)/DEBUG] [CustomSkinLoader Core]: Try to request 'https://games.glitchless.ru/api/minecraft/users/profiles/textures/?nickname=StellarFox1'.
[2026-09-29 10:14:22] [StellarFox1 <ba0f0db5-7f7a-4608-88b0-bdbeb9bea1de>/INFO] [CustomSkinLoader Core]: 12/12 Try to load profile from 'Cosmetica'.
[2026-09-29 10:14:22] [StellarFox1 <ba0f0db5-7f7a-4608-88b0-bdbeb9bea1de> (Cosmetica)/DEBUG] [CustomSkinLoader Core]: Try to request 'https://api.cosmetica.cc/get/cloak?username=StellarFox1&uuid=ba0f0db5-7f7a-4608-88b0-bdbeb9bea1de&nothirdparty'.
[2026-09-29 10:14:22] [StellarFox1 <ba0f0db5-7f7a-4608-88b0-bdbeb9bea1de> (Cosmetica)/DEBUG] [CustomSkinLoader Core]: Cache file found (Length: 8227 , Path: 'C:\Users\whosh\AppData\Roaming\ModrinthApp\profiles\Create_ Remastered\CustomSkinLoader\caches\09b251b1aa7f6f0a8f7025667d3d754114034bdc' , Expire: 1790908400)
[2026-09-29 10:14:22] [StellarFox1 <ba0f0db5-7f7a-4608-88b0-bdbeb9bea1de> (MinecraftCapes)/DEBUG] [CustomSkinLoader Core]: Try to request 'https://api.minecraftcapes.net/profile/ba0f0db57f7a460888b0bdbeb9bea1de'.
[2026-09-29 10:14:22] [StellarFox1 <ba0f0db5-7f7a-4608-88b0-bdbeb9bea1de> (OptiFine)/DEBUG] [CustomSkinLoader Core]: Try to request 'https://optifine.net/capes/StellarFox1.png'.
[2026-09-29 10:14:22] [StellarFox1 <ba0f0db5-7f7a-4608-88b0-bdbeb9bea1de> (CloakPlus)/DEBUG] [CustomSkinLoader Core]: Try to request 'http://161.35.130.99/capes/StellarFox1.png'.
[2026-09-29 10:14:22] [StellarFox1 <ba0f0db5-7f7a-4608-88b0-bdbeb9bea1de> (ElyBy)/DEBUG] [CustomSkinLoader Core]: Cache file found (Length: 0 , Path: 'C:\Users\whosh\AppData\Roaming\ModrinthApp\profiles\Create_ Remastered\CustomSkinLoader\caches\3b3cce223716de55b9a17b46caa02a7b87781554' , Expire: 1790643191)
[2026-09-29 10:14:22] [StellarFox1 <ba0f0db5-7f7a-4608-88b0-bdbeb9bea1de> (ElyBy)/INFO] [CustomSkinLoader Core]: Try to load from cache 'C:\Users\whosh\AppData\Roaming\ModrinthApp\profiles\Create_ Remastered\CustomSkinLoader\caches\3b3cce223716de55b9a17b46caa02a7b87781554'.
[2026-09-29 10:14:22] [StellarFox1 <ba0f0db5-7f7a-4608-88b0-bdbeb9bea1de> (ElyBy)/DEBUG] [CustomSkinLoader Core]: Successfully load from cache
[2026-09-29 10:14:22] [StellarFox1 <ba0f0db5-7f7a-4608-88b0-bdbeb9bea1de> (ElyBy)/DEBUG] [CustomSkinLoader Core]: Content: 
[2026-09-29 10:14:22] [StellarFox1 <ba0f0db5-7f7a-4608-88b0-bdbeb9bea1de> (ElyBy)/INFO] [CustomSkinLoader Core]: Profile not found.
[2026-09-29 10:14:22] [StellarFox1 <ba0f0db5-7f7a-4608-88b0-bdbeb9bea1de> (MinecraftCapes)/DEBUG] [CustomSkinLoader Core]: Successfully request (Response Code: 304 , Content Length: -1)
[2026-09-29 10:14:22] [StellarFox1 <ba0f0db5-7f7a-4608-88b0-bdbeb9bea1de> (MinecraftCapes)/DEBUG] [CustomSkinLoader Core]: Cache file found (Length: 241 , Path: 'C:\Users\whosh\AppData\Roaming\ModrinthApp\profiles\Create_ Remastered\CustomSkinLoader\caches\5d3b73e86a212e93c58c98620eab9beba796f59d' , Expire: 0)
[2026-09-29 10:14:22] [StellarFox1 <ba0f0db5-7f7a-4608-88b0-bdbeb9bea1de> (MinecraftCapes)/INFO] [CustomSkinLoader Core]: Try to load from cache 'C:\Users\whosh\AppData\Roaming\ModrinthApp\profiles\Create_ Remastered\CustomSkinLoader\caches\5d3b73e86a212e93c58c98620eab9beba796f59d'.
[2026-09-29 10:14:22] [StellarFox1 <ba0f0db5-7f7a-4608-88b0-bdbeb9bea1de> (MinecraftCapes)/DEBUG] [CustomSkinLoader Core]: Successfully load from cache
[2026-09-29 10:14:22] [StellarFox1 <ba0f0db5-7f7a-4608-88b0-bdbeb9bea1de> (MinecraftCapes)/DEBUG] [CustomSkinLoader Core]: Content: {"animatedCape":false,"capeGlint":false,"upsideDown":false,"animated_cape_url":null,"cape_url":null,"ear_url":null,"textures":{"_IMPORTANT":"We are removing base64 textures, please use the above parameters instead.","cape":null,"ears":null}}
[2026-09-29 10:14:22] [StellarFox1 <ba0f0db5-7f7a-4608-88b0-bdbeb9bea1de> (MinecraftCapes)/INFO] [CustomSkinLoader Core]: Both skin and cape not found.
[2026-09-29 10:14:22] [StellarFox1 <ba0f0db5-7f7a-4608-88b0-bdbeb9bea1de> (BlessingSkin)/DEBUG] [CustomSkinLoader Core]: Failed to request (Response Code: 404)
[2026-09-29 10:14:22] [StellarFox1 <ba0f0db5-7f7a-4608-88b0-bdbeb9bea1de> (BlessingSkin)/INFO] [CustomSkinLoader Core]: Profile not found.
[2026-09-29 10:14:23] [StellarFox1 <ba0f0db5-7f7a-4608-88b0-bdbeb9bea1de> (CloakPlus)/DEBUG] [CustomSkinLoader Core]: Failed to request (Response Code: 502)
[2026-09-29 10:14:23] [StellarFox1 <ba0f0db5-7f7a-4608-88b0-bdbeb9bea1de> (CloakPlus)/INFO] [CustomSkinLoader Core]: No texture could be found.
[2026-09-29 10:14:23] [StellarFox1 <ba0f0db5-7f7a-4608-88b0-bdbeb9bea1de> (TLauncher)/DEBUG] [CustomSkinLoader Core]: Successfully request (Response Code: 200 , Content Length: -1)
[2026-09-29 10:14:23] [StellarFox1 <ba0f0db5-7f7a-4608-88b0-bdbeb9bea1de> (TLauncher)/DEBUG] [CustomSkinLoader Core]: Saved to cache (Length: 2 , Path: 'C:\Users\whosh\AppData\Roaming\ModrinthApp\profiles\Create_ Remastered\CustomSkinLoader\caches\dfd943c58c4b794225ac649fbf576e9285c8abee' , Expire: 1790640953)
[2026-09-29 10:14:23] [StellarFox1 <ba0f0db5-7f7a-4608-88b0-bdbeb9bea1de> (TLauncher)/DEBUG] [CustomSkinLoader Core]: Content: {}
[2026-09-29 10:14:23] [StellarFox1 <ba0f0db5-7f7a-4608-88b0-bdbeb9bea1de> (TLauncher)/INFO] [CustomSkinLoader Core]: Both skin and cape not found.
[2026-09-29 10:14:23] [StellarFox1 <ba0f0db5-7f7a-4608-88b0-bdbeb9bea1de> (OptiFine)/DEBUG] [CustomSkinLoader Core]: Failed to request (Response Code: 404)
[2026-09-29 10:14:23] [StellarFox1 <ba0f0db5-7f7a-4608-88b0-bdbeb9bea1de> (OptiFine)/INFO] [CustomSkinLoader Core]: No texture could be found.
[2026-09-29 10:14:23] [StellarFox1 <ba0f0db5-7f7a-4608-88b0-bdbeb9bea1de> (Mojang)/DEBUG] [CustomSkinLoader Core]: Successfully request (Response Code: 200 , Content Length: 545)
[2026-09-29 10:14:23] [StellarFox1 <ba0f0db5-7f7a-4608-88b0-bdbeb9bea1de> (Mojang)/DEBUG] [CustomSkinLoader Core]: Saved to cache (Length: 545 , Path: 'C:\Users\whosh\AppData\Roaming\ModrinthApp\profiles\Create_ Remastered\CustomSkinLoader\caches\0d240c790d6b973e6f93d13d4fb7cc13d197a32b' , Expire: 1790640883)
[2026-09-29 10:14:23] [StellarFox1 <ba0f0db5-7f7a-4608-88b0-bdbeb9bea1de> (Mojang)/DEBUG] [CustomSkinLoader Core]: Content: {
  "id" : "ba0f0db57f7a460888b0bdbeb9bea1de",
  "name" : "StellarFox1",
  "properties" : [ {
    "name" : "textures",
    "value" : "ewogICJ0aW1lc3RhbXAiIDogMTc5MDY0MDg2NDI4OCwKICAicHJvZmlsZUlkIiA6ICJiYTBmMGRiNTdmN2E0NjA4ODhiMGJkYmViOWJlYTFkZSIsCiAgInByb2ZpbGVOYW1lIiA6ICJTdGVsbGFyRm94MSIsCiAgInRleHR1cmVzIiA6IHsKICAgICJTS0lOIiA6IHsKICAgICAgInVybCIgOiAiaHR0cDovL3RleHR1cmVzLm1pbmVjcmFmdC5uZXQvdGV4dHVyZS9lYmRmZjBlZjM5NmE1YmJjNWRlOTQyYWJlNWM1NzE4MTU1Y2MzNTBkZDlmNjIyYWExNGIxZGQyM2U1YWM4MmVlIgogICAgfQogIH0KfQ=="
  } ],
  "profileActions" : [ ]
}
[2026-09-29 10:14:23] [StellarFox1 <ba0f0db5-7f7a-4608-88b0-bdbeb9bea1de> (LittleSkin)/DEBUG] [CustomSkinLoader Core]: Successfully request (Response Code: 200 , Content Length: 2)
[2026-09-29 10:14:23] [StellarFox1 <ba0f0db5-7f7a-4608-88b0-bdbeb9bea1de> (LittleSkin)/DEBUG] [CustomSkinLoader Core]: Saved to cache (Length: 2 , Path: 'C:\Users\whosh\AppData\Roaming\ModrinthApp\profiles\Create_ Remastered\CustomSkinLoader\caches\04a8213060de2342b7b98afd04be478dc22027ee' , Expire: 1790640956)
[2026-09-29 10:14:23] [StellarFox1 <ba0f0db5-7f7a-4608-88b0-bdbeb9bea1de> (LittleSkin)/DEBUG] [CustomSkinLoader Core]: Content: {}
[2026-09-29 10:14:23] [StellarFox1 <ba0f0db5-7f7a-4608-88b0-bdbeb9bea1de> (LittleSkin)/INFO] [CustomSkinLoader Core]: Both skin and cape not found.
[2026-09-29 10:14:23] [StellarFox1 <ba0f0db5-7f7a-4608-88b0-bdbeb9bea1de> (GlitchlessGames)/DEBUG] [CustomSkinLoader Core]: Failed to request (Response Code: 404)
[2026-09-29 10:14:23] [StellarFox1 <ba0f0db5-7f7a-4608-88b0-bdbeb9bea1de> (GlitchlessGames)/INFO] [CustomSkinLoader Core]: Profile not found.
[2026-09-29 10:14:23] [StellarFox1 <ba0f0db5-7f7a-4608-88b0-bdbeb9bea1de>/INFO] [CustomSkinLoader Core]: StellarFox1's profile loaded. (1043ms)
[2026-09-29 10:14:23] [StellarFox1 <ba0f0db5-7f7a-4608-88b0-bdbeb9bea1de>/INFO] [CustomSkinLoader Core]: (SkinUrl: (LOCAL_LEGACY)a4b327b6000da5c89b6ada28a472d9731dfd7499,LocalSkin/skins/StellarFox1.png , Model: auto , CapeUrl: (LEGACY)https://api.cosmetica.cc/get/cloak?username=StellarFox1&uuid=ba0f0db5-7f7a-4608-88b0-bdbeb9bea1de&nothirdparty  , Expiry: 1790640893)
[2026-09-29 10:14:28] [StellarFox1 <ba0f0db5-7f7a-4608-88b0-bdbeb9bea1de>/INFO] [CustomSkinLoader Core]: Loading StellarFox1's profile.
[2026-09-29 10:14:28] [StellarFox1 <ba0f0db5-7f7a-4608-88b0-bdbeb9bea1de>/INFO] [CustomSkinLoader Core]: 1/12 Try to load profile from 'LocalSkin'.
[2026-09-29 10:14:28] [StellarFox1 <ba0f0db5-7f7a-4608-88b0-bdbeb9bea1de>/INFO] [CustomSkinLoader Core]: 2/12 Try to load profile from 'GameProfile'.
[2026-09-29 10:14:28] [StellarFox1 <ba0f0db5-7f7a-4608-88b0-bdbeb9bea1de>/INFO] [CustomSkinLoader Core]: 3/12 Try to load profile from 'Mojang'.
[2026-09-29 10:14:28] [StellarFox1 <ba0f0db5-7f7a-4608-88b0-bdbeb9bea1de>/INFO] [CustomSkinLoader Core]: 4/12 Try to load profile from 'LittleSkin'.
[2026-09-29 10:14:28] [StellarFox1 <ba0f0db5-7f7a-4608-88b0-bdbeb9bea1de>/INFO] [CustomSkinLoader Core]: 5/12 Try to load profile from 'BlessingSkin'.
[2026-09-29 10:14:28] [StellarFox1 <ba0f0db5-7f7a-4608-88b0-bdbeb9bea1de> (GameProfile)/INFO] [CustomSkinLoader Core]: Default profile will be used.
[2026-09-29 10:14:28] [StellarFox1 <ba0f0db5-7f7a-4608-88b0-bdbeb9bea1de> (Mojang)/DEBUG] [CustomSkinLoader Core]: Try to request 'https://sessionserver.mojang.com/session/minecraft/profile/ba0f0db57f7a460888b0bdbeb9bea1de'.
[2026-09-29 10:14:28] [StellarFox1 <ba0f0db5-7f7a-4608-88b0-bdbeb9bea1de>/INFO] [CustomSkinLoader Core]: 6/12 Try to load profile from 'ElyBy'.
[2026-09-29 10:14:28] [StellarFox1 <ba0f0db5-7f7a-4608-88b0-bdbeb9bea1de> (LittleSkin)/DEBUG] [CustomSkinLoader Core]: Try to request 'https://littleskin.cn/csl/StellarFox1.json'.
[2026-09-29 10:14:28] [StellarFox1 <ba0f0db5-7f7a-4608-88b0-bdbeb9bea1de>/INFO] [CustomSkinLoader Core]: 7/12 Try to load profile from 'TLauncher'.
[2026-09-29 10:14:28] [StellarFox1 <ba0f0db5-7f7a-4608-88b0-bdbeb9bea1de> (BlessingSkin)/DEBUG] [CustomSkinLoader Core]: Try to request 'https://skin.prinzeugen.net/StellarFox1.json'.
[2026-09-29 10:14:28] [StellarFox1 <ba0f0db5-7f7a-4608-88b0-bdbeb9bea1de>/INFO] [CustomSkinLoader Core]: 8/12 Try to load profile from 'GlitchlessGames'.
[2026-09-29 10:14:28] [StellarFox1 <ba0f0db5-7f7a-4608-88b0-bdbeb9bea1de>/INFO] [CustomSkinLoader Core]: 9/12 Try to load profile from 'MinecraftCapes'.
[2026-09-29 10:14:28] [StellarFox1 <ba0f0db5-7f7a-4608-88b0-bdbeb9bea1de> (ElyBy)/DEBUG] [CustomSkinLoader Core]: Try to request 'http://skinsystem.ely.by/textures/StellarFox1'.
[2026-09-29 10:14:28] [StellarFox1 <ba0f0db5-7f7a-4608-88b0-bdbeb9bea1de>/INFO] [CustomSkinLoader Core]: 10/12 Try to load profile from 'OptiFine'.
[2026-09-29 10:14:28] [StellarFox1 <ba0f0db5-7f7a-4608-88b0-bdbeb9bea1de> (TLauncher)/DEBUG] [CustomSkinLoader Core]: Try to request 'https://auth.tlauncher.org/skin/profile/texture/login/StellarFox1'.
[2026-09-29 10:14:28] [StellarFox1 <ba0f0db5-7f7a-4608-88b0-bdbeb9bea1de>/INFO] [CustomSkinLoader Core]: 11/12 Try to load profile from 'CloakPlus'.
[2026-09-29 10:14:28] [StellarFox1 <ba0f0db5-7f7a-4608-88b0-bdbeb9bea1de>/INFO] [CustomSkinLoader Core]: 12/12 Try to load profile from 'Cosmetica'.
[2026-09-29 10:14:28] [StellarFox1 <ba0f0db5-7f7a-4608-88b0-bdbeb9bea1de> (GlitchlessGames)/DEBUG] [CustomSkinLoader Core]: Try to request 'https://games.glitchless.ru/api/minecraft/users/profiles/textures/?nickname=StellarFox1'.
[2026-09-29 10:14:28] [StellarFox1 <ba0f0db5-7f7a-4608-88b0-bdbeb9bea1de> (OptiFine)/DEBUG] [CustomSkinLoader Core]: Try to request 'https://optifine.net/capes/StellarFox1.png'.
[2026-09-29 10:14:28] [StellarFox1 <ba0f0db5-7f7a-4608-88b0-bdbeb9bea1de> (CloakPlus)/DEBUG] [CustomSkinLoader Core]: Try to request 'http://161.35.130.99/capes/StellarFox1.png'.
[2026-09-29 10:14:28] [StellarFox1 <ba0f0db5-7f7a-4608-88b0-bdbeb9bea1de> (Cosmetica)/DEBUG] [CustomSkinLoader Core]: Try to request 'https://api.cosmetica.cc/get/cloak?username=StellarFox1&uuid=ba0f0db5-7f7a-4608-88b0-bdbeb9bea1de&nothirdparty'.
[2026-09-29 10:14:28] [StellarFox1 <ba0f0db5-7f7a-4608-88b0-bdbeb9bea1de> (MinecraftCapes)/DEBUG] [CustomSkinLoader Core]: Try to request 'https://api.minecraftcapes.net/profile/ba0f0db57f7a460888b0bdbeb9bea1de'.
[2026-09-29 10:14:28] [StellarFox1 <ba0f0db5-7f7a-4608-88b0-bdbeb9bea1de> (ElyBy)/DEBUG] [CustomSkinLoader Core]: Cache file found (Length: 0 , Path: 'C:\Users\whosh\AppData\Roaming\ModrinthApp\profiles\Create_ Remastered\CustomSkinLoader\caches\3b3cce223716de55b9a17b46caa02a7b87781554' , Expire: 1790643191)
[2026-09-29 10:14:28] [StellarFox1 <ba0f0db5-7f7a-4608-88b0-bdbeb9bea1de> (Cosmetica)/DEBUG] [CustomSkinLoader Core]: Cache file found (Length: 8227 , Path: 'C:\Users\whosh\AppData\Roaming\ModrinthApp\profiles\Create_ Remastered\CustomSkinLoader\caches\09b251b1aa7f6f0a8f7025667d3d754114034bdc' , Expire: 1790908400)
[2026-09-29 10:14:28] [StellarFox1 <ba0f0db5-7f7a-4608-88b0-bdbeb9bea1de> (ElyBy)/INFO] [CustomSkinLoader Core]: Try to load from cache 'C:\Users\whosh\AppData\Roaming\ModrinthApp\profiles\Create_ Remastered\CustomSkinLoader\caches\3b3cce223716de55b9a17b46caa02a7b87781554'.
[2026-09-29 10:14:28] [StellarFox1 <ba0f0db5-7f7a-4608-88b0-bdbeb9bea1de> (ElyBy)/DEBUG] [CustomSkinLoader Core]: Successfully load from cache
[2026-09-29 10:14:28] [StellarFox1 <ba0f0db5-7f7a-4608-88b0-bdbeb9bea1de> (ElyBy)/DEBUG] [CustomSkinLoader Core]: Content: 
[2026-09-29 10:14:28] [StellarFox1 <ba0f0db5-7f7a-4608-88b0-bdbeb9bea1de> (ElyBy)/INFO] [CustomSkinLoader Core]: Profile not found.
[2026-09-29 10:14:28] [StellarFox1 <ba0f0db5-7f7a-4608-88b0-bdbeb9bea1de> (TLauncher)/DEBUG] [CustomSkinLoader Core]: Cache file found (Length: 2 , Path: 'C:\Users\whosh\AppData\Roaming\ModrinthApp\profiles\Create_ Remastered\CustomSkinLoader\caches\dfd943c58c4b794225ac649fbf576e9285c8abee' , Expire: 1790640953)
[2026-09-29 10:14:28] [StellarFox1 <ba0f0db5-7f7a-4608-88b0-bdbeb9bea1de> (Mojang)/DEBUG] [CustomSkinLoader Core]: Cache file found (Length: 545 , Path: 'C:\Users\whosh\AppData\Roaming\ModrinthApp\profiles\Create_ Remastered\CustomSkinLoader\caches\0d240c790d6b973e6f93d13d4fb7cc13d197a32b' , Expire: 1790640883)
[2026-09-29 10:14:28] [StellarFox1 <ba0f0db5-7f7a-4608-88b0-bdbeb9bea1de> (TLauncher)/INFO] [CustomSkinLoader Core]: Try to load from cache 'C:\Users\whosh\AppData\Roaming\ModrinthApp\profiles\Create_ Remastered\CustomSkinLoader\caches\dfd943c58c4b794225ac649fbf576e9285c8abee'.
[2026-09-29 10:14:28] [StellarFox1 <ba0f0db5-7f7a-4608-88b0-bdbeb9bea1de> (Mojang)/INFO] [CustomSkinLoader Core]: Try to load from cache 'C:\Users\whosh\AppData\Roaming\ModrinthApp\profiles\Create_ Remastered\CustomSkinLoader\caches\0d240c790d6b973e6f93d13d4fb7cc13d197a32b'.
[2026-09-29 10:14:28] [StellarFox1 <ba0f0db5-7f7a-4608-88b0-bdbeb9bea1de> (TLauncher)/DEBUG] [CustomSkinLoader Core]: Successfully load from cache
[2026-09-29 10:14:28] [StellarFox1 <ba0f0db5-7f7a-4608-88b0-bdbeb9bea1de> (TLauncher)/DEBUG] [CustomSkinLoader Core]: Content: {}
[2026-09-29 10:14:28] [StellarFox1 <ba0f0db5-7f7a-4608-88b0-bdbeb9bea1de> (TLauncher)/INFO] [CustomSkinLoader Core]: Both skin and cape not found.
[2026-09-29 10:14:28] [StellarFox1 <ba0f0db5-7f7a-4608-88b0-bdbeb9bea1de> (LittleSkin)/DEBUG] [CustomSkinLoader Core]: Cache file found (Length: 2 , Path: 'C:\Users\whosh\AppData\Roaming\ModrinthApp\profiles\Create_ Remastered\CustomSkinLoader\caches\04a8213060de2342b7b98afd04be478dc22027ee' , Expire: 1790640956)
[2026-09-29 10:14:28] [StellarFox1 <ba0f0db5-7f7a-4608-88b0-bdbeb9bea1de> (LittleSkin)/INFO] [CustomSkinLoader Core]: Try to load from cache 'C:\Users\whosh\AppData\Roaming\ModrinthApp\profiles\Create_ Remastered\CustomSkinLoader\caches\04a8213060de2342b7b98afd04be478dc22027ee'.
[2026-09-29 10:14:28] [StellarFox1 <ba0f0db5-7f7a-4608-88b0-bdbeb9bea1de> (LittleSkin)/DEBUG] [CustomSkinLoader Core]: Successfully load from cache
[2026-09-29 10:14:28] [StellarFox1 <ba0f0db5-7f7a-4608-88b0-bdbeb9bea1de> (LittleSkin)/DEBUG] [CustomSkinLoader Core]: Content: {}
[2026-09-29 10:14:28] [StellarFox1 <ba0f0db5-7f7a-4608-88b0-bdbeb9bea1de> (LittleSkin)/INFO] [CustomSkinLoader Core]: Both skin and cape not found.
[2026-09-29 10:14:28] [StellarFox1 <ba0f0db5-7f7a-4608-88b0-bdbeb9bea1de> (Mojang)/DEBUG] [CustomSkinLoader Core]: Successfully load from cache
[2026-09-29 10:14:28] [StellarFox1 <ba0f0db5-7f7a-4608-88b0-bdbeb9bea1de> (Mojang)/DEBUG] [CustomSkinLoader Core]: Content: {
  "id" : "ba0f0db57f7a460888b0bdbeb9bea1de",
  "name" : "StellarFox1",
  "properties" : [ {
    "name" : "textures",
    "value" : "ewogICJ0aW1lc3RhbXAiIDogMTc5MDY0MDg2NDI4OCwKICAicHJvZmlsZUlkIiA6ICJiYTBmMGRiNTdmN2E0NjA4ODhiMGJkYmViOWJlYTFkZSIsCiAgInByb2ZpbGVOYW1lIiA6ICJTdGVsbGFyRm94MSIsCiAgInRleHR1cmVzIiA6IHsKICAgICJTS0lOIiA6IHsKICAgICAgInVybCIgOiAiaHR0cDovL3RleHR1cmVzLm1pbmVjcmFmdC5uZXQvdGV4dHVyZS9lYmRmZjBlZjM5NmE1YmJjNWRlOTQyYWJlNWM1NzE4MTU1Y2MzNTBkZDlmNjIyYWExNGIxZGQyM2U1YWM4MmVlIgogICAgfQogIH0KfQ=="
  } ],
  "profileActions" : [ ]
}
[2026-09-29 10:14:29] [StellarFox1 <ba0f0db5-7f7a-4608-88b0-bdbeb9bea1de> (BlessingSkin)/DEBUG] [CustomSkinLoader Core]: Failed to request (Response Code: 404)
[2026-09-29 10:14:29] [StellarFox1 <ba0f0db5-7f7a-4608-88b0-bdbeb9bea1de> (BlessingSkin)/INFO] [CustomSkinLoader Core]: Profile not found.
[2026-09-29 10:14:29] [StellarFox1 <ba0f0db5-7f7a-4608-88b0-bdbeb9bea1de> (MinecraftCapes)/DEBUG] [CustomSkinLoader Core]: Successfully request (Response Code: 304 , Content Length: -1)
[2026-09-29 10:14:29] [StellarFox1 <ba0f0db5-7f7a-4608-88b0-bdbeb9bea1de> (MinecraftCapes)/DEBUG] [CustomSkinLoader Core]: Cache file found (Length: 241 , Path: 'C:\Users\whosh\AppData\Roaming\ModrinthApp\profiles\Create_ Remastered\CustomSkinLoader\caches\5d3b73e86a212e93c58c98620eab9beba796f59d' , Expire: 0)
[2026-09-29 10:14:29] [StellarFox1 <ba0f0db5-7f7a-4608-88b0-bdbeb9bea1de> (MinecraftCapes)/INFO] [CustomSkinLoader Core]: Try to load from cache 'C:\Users\whosh\AppData\Roaming\ModrinthApp\profiles\Create_ Remastered\CustomSkinLoader\caches\5d3b73e86a212e93c58c98620eab9beba796f59d'.
[2026-09-29 10:14:29] [StellarFox1 <ba0f0db5-7f7a-4608-88b0-bdbeb9bea1de> (MinecraftCapes)/DEBUG] [CustomSkinLoader Core]: Successfully load from cache
[2026-09-29 10:14:29] [StellarFox1 <ba0f0db5-7f7a-4608-88b0-bdbeb9bea1de> (MinecraftCapes)/DEBUG] [CustomSkinLoader Core]: Content: {"animatedCape":false,"capeGlint":false,"upsideDown":false,"animated_cape_url":null,"cape_url":null,"ear_url":null,"textures":{"_IMPORTANT":"We are removing base64 textures, please use the above parameters instead.","cape":null,"ears":null}}
[2026-09-29 10:14:29] [StellarFox1 <ba0f0db5-7f7a-4608-88b0-bdbeb9bea1de> (MinecraftCapes)/INFO] [CustomSkinLoader Core]: Both skin and cape not found.
[2026-09-29 10:14:29] [StellarFox1 <ba0f0db5-7f7a-4608-88b0-bdbeb9bea1de> (CloakPlus)/DEBUG] [CustomSkinLoader Core]: Failed to request (Response Code: 502)
[2026-09-29 10:14:29] [StellarFox1 <ba0f0db5-7f7a-4608-88b0-bdbeb9bea1de> (CloakPlus)/INFO] [CustomSkinLoader Core]: No texture could be found.
[2026-09-29 10:14:29] [StellarFox1 <ba0f0db5-7f7a-4608-88b0-bdbeb9bea1de> (OptiFine)/DEBUG] [CustomSkinLoader Core]: Failed to request (Response Code: 404)
[2026-09-29 10:14:29] [StellarFox1 <ba0f0db5-7f7a-4608-88b0-bdbeb9bea1de> (OptiFine)/INFO] [CustomSkinLoader Core]: No texture could be found.
[2026-09-29 10:14:29] [StellarFox1 <ba0f0db5-7f7a-4608-88b0-bdbeb9bea1de> (GlitchlessGames)/DEBUG] [CustomSkinLoader Core]: Failed to request (Response Code: 404)
[2026-09-29 10:14:29] [StellarFox1 <ba0f0db5-7f7a-4608-88b0-bdbeb9bea1de> (GlitchlessGames)/INFO] [CustomSkinLoader Core]: Profile not found.
[2026-09-29 10:14:29] [StellarFox1 <ba0f0db5-7f7a-4608-88b0-bdbeb9bea1de>/INFO] [CustomSkinLoader Core]: StellarFox1's profile loaded. (1004ms)
[2026-09-29 10:14:29] [StellarFox1 <ba0f0db5-7f7a-4608-88b0-bdbeb9bea1de>/INFO] [CustomSkinLoader Core]: (SkinUrl: (LOCAL_LEGACY)a4b327b6000da5c89b6ada28a472d9731dfd7499,LocalSkin/skins/StellarFox1.png , Model: auto , CapeUrl: (LEGACY)https://api.cosmetica.cc/get/cloak?username=StellarFox1&uuid=ba0f0db5-7f7a-4608-88b0-bdbeb9bea1de&nothirdparty  , Expiry: 1790640899)
